"transaction_id";"order_ref";"product_code";"product_name";"supplier_code";"supplier_name";"distributor_code";"distributor_name";"pharmacy_code";"pharmacy_name";"order_date";"lead_time";"delivery_date";"quantity_ordered";"quantity_delivered";"unit_cost";"transport_cost";"total_cost";"status";"batch_no";"expiry_date";"storage_temp";"postcode";"notes"
"T100000";"OR-57400";"PN002";"Paracetamol 500mg Tablet";"S001";"NHS Supply Chain";"D001";"Central Hub London";"PH010";"University Hospital Pharmacy";"2024-03-08";3;"2024-11-03";50;50;12.39;64.59;684.09;"Partial";"Unknown_batch";"2025-08-22";"ambient";"SE1 9RT";"Short Shipment"
"T100001";"OR-83579";"PN002";"Paracetamol 500mg Tablet";"S001";"NHS Supply Chain";"D004";"Wales Depot";"PH005";"County General Pharmacy";"2024-04-09";4;"2024-04-13";50;50;41.99;232.8;2342.3;"Partial";"B4456";"2026-05-09";"Room Temp";"LS1 1UR";"Please confirm"
"T100005";"OR-94607";"PN007";"Omeprazole 20mg Capsule";"S004";"HealQuick";"D005";"East England Depot";"PH008";"Lakeside Pharmacy";"2023-06-08";2;"2023-06-11";300;300;63.93;20.39;19199.39;"Returned";"B1651";"2025-02-06";"Refrigerated";"M1 2AB";"Please confirm"
"T100006";"OR-46265";"PN006";"Warfarin 2mg Tablet";"S005";"GlobalMeds";"D001";"Central Hub London";"PH009";"Midtown Pharmacy";"2023-08-07";4;"2023-08-12";100;79;22.8;40.29;2320.29;"Returned";"B5616";"2025-01-19";"Refrigerated";"LS1 1UR";"Unknown_notes"
"T100007";"OR-60140";"PN006";"Warfarin 2mg Tablet";"S004";"HealQuick";"D001";"Central Hub London";"PH002";"Royal Infirmary Pharmacy";"2023-03-19";14;"2023-04-04";0;0;58.62;186.2;186.2;"In Transit";"B3900";"2023-10-10";"Refrigerated";"Unknown_post";"Handle with care"
"T100008";"OR-35825";"PN008";"Flu Vaccine";"S003";"UKPharma Dist";"D002";"North West Depot";"PH001";"St Thomas Hospital Pharmacy";"2024-11-06";4;"2024-11-11";300;300;43.75;178.97;13303.97;"Partial";"B9379";"2026-12-16";"ambient";"Unknown_post";"Call before delivery"
"T100009";"OR-72277";"PN002";"Paracetamol 500mg Tablet";"S001";"NHS Supply Chain";"D003";"Scotland Regional Hub";"PH007";"Southcare Pharmacy";"2023-01-12";7;"2023-12-10";100;100;59.04;132.54;6036.54;"In Transit";"B5649";"2026-03-08";"Refrigerated";"B1 1AA";"Please confirm"
"T100010";"OR-54020";"PN002";"Paracetamol 500mg Tablet";"S004";"HealQuick";"D001";"Central Hub London";"PH002";"Royal Infirmary Pharmacy";"2025-08-03";14;"2025-03-22";250;250;66.91;151.43;16878.93;"In Transit";"B8777";"2026-05-15";"Refrigerated";"LS1 1UR";"Unknown_notes"
"T100011";"OR-83975";"PN009";"Metformin 500mg Tablet";"S002";"MediSupply Ltd";"D004";"Wales Depot";"PH006";"Northside Pharmacy";"2024-09-07";3;"2024-12-07";0;0;62.76;239.96;239.96;"Cancelled";"B1475";"2026-11-20";"ambient";"LS1 1UR";"Short Shipment"
"T100012";"OR-59192";"PN002";"Paracetamol 500mg Tablet";"S001";"NHS Supply Chain";"D004";"Wales Depot";"PH006";"Northside Pharmacy";"2023-12-12";14;"2023-12-28";150;47;18.92;71.56;2909.56;"In Transit";"B5198";"2024-11-27";"ambient";"B1 1AA";"Unknown_notes"
"T100015";"OR-87139";"PN009";"Metformin 500mg Tablet";"S003";"UKPharma Dist";"D001";"Central Hub London";"PH009";"Midtown Pharmacy";"2023-05-10";2;"2023-05-12";0;0;4.33;246.63;246.63;"Delivered";"B5978";"2024-07-17";"Refrigerated";"Unknown_post";"Temperature Sensitive"
"T100016";"OR-49857";"PN005";"Salbutamol Inhaler";"S001";"NHS Supply Chain";"D002";"North West Depot";"PH005";"County General Pharmacy";"2024-11-07";3;"2024-12-11";0;0;51.71;187.52;187.52;"Partial";"B4683";"2026-02-02";"Refrigerated";"M1 2AB";"Handle with care"
"T100017";"OR-25194";"PN005";"Salbutamol Inhaler";"S001";"NHS Supply Chain";"D005";"East England Depot";"PH005";"County General Pharmacy";"2023-01-27";10;"2023-06-02";500;500;68.75;190.44;34565.44;"Cancelled";"B6260";"2024-01-06";"Cold Chain";"LS1 1UR";"Temperature Sensitive"
"T100021";"OR-22735";"PN001";"Amoxicillin 500mg Capsule";"S005";"GlobalMeds";"D003";"Scotland Regional Hub";"PH010";"University Hospital Pharmacy";"2023-03-11";5;"2023-11-10";500;399;29.99;259.52;15254.52;"Returned";"B5689";"2024-12-22";"Room Temp";"Unknown_post";"Call before delivery"
"T100022";"OR-13280";"PN001";"Amoxicillin 500mg Capsule";"S002";"MediSupply Ltd";"D004";"Wales Depot";"PH003";"City Clinic Pharmacy";"2023-07-25";4;"2023-07-29";100;100;10.99;217.27;1316.27;"Returned";"7464";"2025-07-23";"ambient";"M1 2AB";"Handle with care"
"T100023";"OR-34878";"PN009";"Metformin 500mg Tablet";"S004";"HealQuick";"D004";"Wales Depot";"PH002";"Royal Infirmary Pharmacy";"2023-05-24";4;"2023-05-28";150;150;55.8;29.71;8399.71;"Cancelled";"Unknown_batch";"2024-12-03";"Room Temp";"SE1 9RT";"Call before delivery"
"T100024";"OR-96363";"PN008";"Flu Vaccine";"S001";"NHS Supply Chain ";"D002";"North West Depot";"PH010";"University Hospital Pharmacy";"2023-07-30";7;"2023-08-06";-10;-10;8.69;107.47;20.57;"Delivered";"B1858";"2025-04-01";"Refrigerated";"M1 2AB";"Short Shipment"
"T100029";"OR-72341";"PN003";"Insulin Glargine 100IU/ml";"S005";"GlobalMeds";"D001";"Central Hub London";"PH003";"City Clinic Pharmacy";"2025-02-03";7;"2025-10-03";250;250;4.68;135.57;1305.57;"Delivered";"B2479";"2027-01-30";"Refrigerated";"Unknown_post";"Short Shipment"
"T100030";"OR-59372";"PN001";"Amoxicillin 500mg Capsule";"S001";"NHS Supply Chain";"D002";"North West Depot";"PH008";"Lakeside Pharmacy";"2024-03-25";3;"2024-03-30";0;0;51.04;196.97;196.97;"Cancelled";"Unknown_batch";"2026-08-01";"ambient";"Unknown_post";"Call before delivery"
"T100032";"OR-22987";"PN004";"Atorvastatin 20mg Tablet";"S002";"MediSupply Ltd";"D004";"Wales Depot";"PH008";"Lakeside Pharmacy";"2025-02-26";7;"2025-03-05";0;0;63.52;228.94;228.94;"In Transit";"B2502";"2026-04-09";"Refrigerated";"LS1 1UR";"Unknown_notes"
"T100033";"OR-76535";"PN006";"Warfarin 2mg Tablet";"S004";"HealQuick";"D004";"Wales Depot";"PH008";"Lakeside Pharmacy";"2024-09-22";2;"2024-09-26";10;10;8.76;4.93;92.53;"In Transit";"B1025";"2025-11-22";"ambient";"Unknown_post";"Short Shipment"
"T100035";"OR-26545";"PN007";"Omeprazole 20mg Capsule";"S002";"MediSupply Ltd";"D005";"East England Depot";"PH005";"County General Pharmacy";"2025-03-31";2;"2025-04-02";150;150;51.89;261.01;8044.51;"Cancelled";"B1939";"2027-07-11";"Refrigerated";"B1 1AA";"Short Shipment"
"T100037";"OR-47230";"PN003";"Insulin Glargine 100IU/ml";"S002";"MediSupply Ltd";"D004";"Wales Depot";"PH001";"St Thomas Hospital Pharmacy";"2024-01-05";5;"2024-01-10";250;220;48.35;103.35;12190.85;"Returned";"B3114";"2024-08-28";"Room Temp";"B1 1AA";"Handle with care"
"T100038";"OR-62260";"PN005";"Salbutamol Inhaler";"S003";"UKPharma Dist";"D002";"North West Depot";"PH010";"University Hospital Pharmacy";"2024-08-17";7;"2024-08-24";500;500;2.76;192.57;1572.57;"Partial";"B2195";"2025-07-24";"Cold Chain";"Unknown_post";"Handle with care"
"T100040";"OR-53416";"PN007";"Omeprazole 20mg Capsule";"S003";"UKPharma Dist";"D005";"East England Depot";"PH005";"County General Pharmacy";"2025-04-25";2;"2025-04-28";150;150;3.88;142.12;724.12;"Returned";"B6218";"2027-07-15";"Refrigerated";"Unknown_post";"Handle with care"
"T100044";"OR-50760";"PN008";"Flu Vaccine";"S004";"HealQuick";"D001";"Central Hub London";"PH006";"Northside Pharmacy";"2025-03-20";14;"2025-05-04";200;200;18.98;226.13;4022.13;"Returned";"Unknown_batch";"2027-07-17";"Refrigerated";"LS1 1UR";"Short Shipment"
"T100046";"OR-40102";"PN007";"Omeprazole 20mg Capsule";"S001";"NHS Supply Chain ";"D001";"Central Hub London";"PH009";"Midtown Pharmacy";"2023-03-03";5;"2023-08-03";200;200;28.62;262.37;5986.37;"Delivered";"B9802";"2024-01-07";"Unknown_temp";"SE1 9RT";"Call before delivery"
"T100047";"OR-16145";"PN006";"Warfarin 2mg Tablet";"S001";"NHS Supply Chain ";"D005";"East England Depot";"PH001";"St Thomas Hospital Pharmacy";"2023-09-04";7;"2023-09-11";50;50;74.51;172.83;3898.33;"Cancelled";"B3347";"2025-08-17";"ambient";"Unknown_post";"Call before delivery"
"T100048";"OR-25376";"PN007";"Omeprazole 20mg Capsule";"S002";"MediSupply Ltd";"D005";"East England Depot";"PH008";"Lakeside Pharmacy";"2023-09-04";10;"2023-09-14";20;11;28.15;15.46;578.46;"Delivered";"B4082";"2025-10-24";"Room Temp";"M1 2AB";"Please confirm"
"T100053";"OR-70012";"PN001";"Amoxicillin 500mg Capsule";"S001";"NHS Supply Chain";"D004";"Wales Depot";"PH009";"Midtown Pharmacy";"2024-07-22";2;"2024-07-25";200;200;18.58;50.85;3766.85;"In Transit";"Unknown_batch";"2026-04-08";"Cold Chain";"M1 2AB";"Call before delivery"
"T100054";"OR-49692";"PN005";"Salbutamol Inhaler";"S004";"HealQuick";"D003";"Scotland Regional Hub";"PH007";"Southcare Pharmacy";"2025-04-15";4;"2025-04-21";100;100;24.78;109.5;2587.5;"Returned";"B1440";"2027-01-27";"Cold Chain";"Unknown_post";"Temperature Sensitive"
"T100055";"OR-48722";"PN003";"Insulin Glargine 100IU/ml";"S005";"GlobalMeds";"D005";"East England Depot";"PH007";"Southcare Pharmacy";"2024-07-10";4;"2024-07-14";150;150;48.68;238.87;7540.87;"In Transit";"B9499";"2026-12-11";"ambient";"Unknown_post";"Handle with care"
"T100057";"OR-11256";"PN009";"Metformin 500mg Tablet";"S003";"UKPharma Dist";"D003";"Scotland Regional Hub";"PH010";"University Hospital Pharmacy";"2024-02-02";2;"2024-04-02";500;500;9.21;116.54;4721.54;"Partial";"B9804";"2026-05-22";"Refrigerated";"M1 2AB";"Temperature Sensitive"
"T100058";"OR-41056";"PN004";"Atorvastatin 20mg Tablet";"S004";"HealQuick";"D004";"Wales Depot";"PH008";"Lakeside Pharmacy";"2023-06-21";14;"2023-07-06";250;250;43.17;297.27;11089.77;"Partial";"B7965";"2025-10-17";"Refrigerated";"LS1 1UR";"Unknown_notes"
"T100059";"OR-62802";"PN010";"Co-codamol 30/500 Tablet";"S004";"HealQuick";"D002";"North West Depot";"PH004";"Community Health Pharmacy";"2025-04-04";7;"2025-04-12";100;100;10.6;17.79;1077.79;"In Transit";"B6277";"2027-08-24";"Refrigerated";"Unknown_post";"Call before delivery"
"T100060";"OR-20803";"PN005";"Salbutamol Inhaler";"S004";"HEALQUICK";"D001";"Central Hub London";"PH008";"Lakeside Pharmacy";"2024-10-12";14;"2024-10-28";100;100;26.11;29.87;2640.87;"Delivered";"B3588";"2025-04-10";"Room Temp";"B1 1AA";"Handle with care"
"T100066";"OR-37215";"PN009";"Metformin 500mg Tablet";"S002";"MediSupply Ltd";"D002";"North West Depot";"PH009";"Midtown Pharmacy";"2024-02-27";10;"2024-03-08";500;500;63.89;249.57;32194.57;"In Transit";"Unknown_batch";"2025-03-20";"Refrigerated";"B1 1AA";"Unknown_notes"
"T100068";"OR-46822";"PN008";"Flu Vaccine";"S004";"HealQuick";"D004";"Wales Depot";"PH003";"City Clinic Pharmacy";"2023-12-29";4;"2024-02-01";100;52;31.73;74.74;3247.74;"Delivered";"B6883";"2025-11-04";"Refrigerated";"M1 2AB";"Please confirm"
"T100069";"OR-33260";"PN008";"Flu Vaccine";"S002";"MediSupply Ltd";"D003";"Scotland Regional Hub";"PH009";"Midtown Pharmacy";"2025-04-15";3;"2025-04-20";500;500;52.91;42.63;26497.63;"Partial";"B3876";"2026-01-12";"Unknown_temp";"LS1 1UR";"Please confirm"
"T100071";"OR-73273";"PN002";"Paracetamol 500mg Tablet";"S001";"NHS Supply Chain";"D003";"Scotland Regional Hub";"PH008";"Lakeside Pharmacy";"2023-01-12";10;"2023-01-22";200;200;41.18;259.22;8495.22;"In Transit";"B1547";"2024-06-01";"Refrigerated";"LS1 1UR";"Unknown_notes"
"T100074";"OR-72287";"PN010";"Co-codamol 30/500 Tablet";"S001";"NHS Supply Chain";"D005";"East England Depot";"PH006";"Northside Pharmacy";"2025-05-27";-3;"2025-05-26";500;500;58.58;264.04;29554.04;"Partial";"B8750";"2026-09-01";"Refrigerated";"LS1 1UR";"Handle with care"
"T100075";"OR-70846";"PN006";"Warfarin 2mg Tablet";"S003";"UKPharma Dist";"D001";"Central Hub London";"PH004";"Community Health Pharmacy";"2023-05-18";5;"2023-05-25";50;50;28.36;237.45;1655.45;"Partial";"B9589";"2023-12-13";"Refrigerated";"SE1 9RT";"Call before delivery"
"T100076";"OR-70161";"PN002";"Paracetamol 500mg Tablet";"S004";"HealQuick";"D005";"East England Depot";"PH009";"Midtown Pharmacy";"2023-12-25";4;"2023-12-30";500;500;15.9;259.39;8209.39;"Partial";"B3837";"2024-06-30";"Refrigerated";"Unknown_post";"Temperature Sensitive"
"T100078";"OR-84632";"PN008";"Flu Vaccine";"S002";"MediSupply Ltd";"D002";"North West Depot";"PH005";"County General Pharmacy";"2023-10-04";4;"2023-04-14";50;50;25.18;255.36;1514.36;"Returned";"B2166";"2024-04-23";"Cold Chain";"LS1 1UR";"Please confirm"
"T100079";"OR-15992";"PN008";"Flu Vaccine";"S001";"NHS Supply Chain";"D002";"North West Depot";"PH006";"Northside Pharmacy";"2024-10-11";4;"2024-10-15";200;200;3.31;4.22;666.22;"In Transit";"Unknown_batch";"2025-04-13";"Room Temp";"M1 2AB";"Short Shipment"
"T100081";"OR-15170";"PN009";"Metformin 500mg Tablet";"S001";"NHS Supply Chain";"D003";"Scotland Regional Hub";"PH002";"Royal Infirmary Pharmacy";"2025-03-14";7;"2025-03-21";0;0;17.97;26.7;26.7;"Partial";"B2475";"2025-11-25";"ambient";"LS1 1UR";"Temperature Sensitive"
"T100082";"OR-73979";"PN006";"Warfarin 2mg Tablet";"S001";"NHS Supply Chain";"D001";"Central Hub London";"PH003";"City Clinic Pharmacy";"2024-11-10";5;"2024-11-15";200;200;36.13;50.03;7276.03;"In Transit";"B8908";"2027-04-03";"Cold Chain";"Unknown_post";"Call before delivery"
"T100085";"OR-82559";"PN004";"Atorvastatin 20mg Tablet";"S005";"GlobalMeds";"D004";"Wales Depot";"PH010";"University Hospital Pharmacy";"2024-05-31";2;"2024-06-04";20;20;49.49;264.42;1254.22;"In Transit";"B6617";"2026-03-05";"Cold Chain";"Unknown_post";"Short Shipment"
"T100087";"OR-88234";"PN004";"Atorvastatin 20mg Tablet";"S001";"NHS Supply Chain";"D003";"Scotland Regional Hub";"PH009";"Midtown Pharmacy";"2023-02-25";3;"2023-02-03";150;150;72.34;204.8;11055.8;"Returned";"B1665";"2025-03-15";"Refrigerated";"SE1 9RT";"Please confirm"
"T100088";"OR-59146";"PN010";"Co-codamol 30/500 Tablet";"S005";"GlobalMeds";"D003";"Scotland Regional Hub";"PH009";"Midtown Pharmacy";"2023-08-14";14;"2023-08-30";150;150;35.88;194.79;5576.79;"In Transit";"B4994";"2026-01-08";"Refrigerated";"LS1 1UR";"Unknown_notes"
"T100089";"OR-12213";"PN009";"Metformin 500mg Tablet";"S002";"MediSupply Ltd";"D001";"Central Hub London";"PH003";"City Clinic Pharmacy";"2025-03-02";10;"2025-03-12";50;50;48.67;46.13;2479.63;"Delivered";"Unknown_batch";"2026-02-27";"Refrigerated";"B1 1AA";"Temperature Sensitive"
"T100096";"OR-76629";"PN002";"Paracetamol 500mg Tablet";"S002";"MediSupply Ltd ";"D001";"Central Hub London";"PH010";"University Hospital Pharmacy";"2024-06-19";5;"2024-06-25";500;500;21.03;123.97;10638.97;"Cancelled";"B8925";"2025-10-26";"Cold Chain";"Unknown_post";"Call before delivery"
"T100098";"OR-60157";"PN007";"Omeprazole 20mg Capsule";"S005";"GlobalMeds ";"D001";"Central Hub London";"PH009";"Midtown Pharmacy";"2023-10-19";4;"2023-10-23";200;200;5.89;240.88;1418.88;"Returned";"B8254";"2025-11-13";"Refrigerated";"LS1 1UR";"Unknown_notes"
"T100099";"OR-58653";"PN004";"Atorvastatin 20mg Tablet";"S003";"UKPHARMA DIST";"D003";"Scotland Regional Hub";"PH004";"Community Health Pharmacy";"2023-10-22";10;"2023-11-01";500;500;37.68;261.82;19101.82;"In Transit";"B6833";"2024-08-06";"ambient";"LS1 1UR";"Short Shipment"
"T100103";"OR-27865";"PN008";"Flu Vaccine";"S001";"NHS Supply Chain";"D001";"Central Hub London";"PH007";"Southcare Pharmacy";"2023-11-13";4;"2023-11-17";150;150;41.37;161.79;6367.29;"Returned";"B9745";"2025-05-01";"Refrigerated";"M1 2AB";"Handle with care"
"T100105";"OR-30789";"PN001";"Amoxicillin 500mg Capsule";"S004";"HealQuick";"D002";"North West Depot";"PH001";"St Thomas Hospital Pharmacy";"2024-05-20";4;"2024-05-25";20;20;14.82;248.48;544.88;"In Transit";"B8257";"2024-12-20";"Refrigerated";"Unknown_post";"Call before delivery"
"T100106";"OR-67503";"PN001";"Amoxicillin 500mg Capsule";"S004";"HealQuick";"D001";"Central Hub London";"PH004";"Community Health Pharmacy";"2023-04-26";-2;"2023-04-26";500;500;7.17;185.59;3770.59;"Delivered";"Unknown_batch";"2025-08-13";"Refrigerated";"LS1 1UR";"Call before delivery"
"T100108";"OR-60506";"PN002";"Paracetamol 500mg Tablet";"S002";"MediSupply Ltd";"D001";"Central Hub London";"PH008";"Lakeside Pharmacy";"2023-07-16";10;"2023-07-27";10;10;62.49;108.28;733.18;"Cancelled";"B1955";"2024-10-10";"Refrigerated";"SE1 9RT";"Unknown_notes"
"T100109";"OR-77844";"PN009";"Metformin 500mg Tablet";"S005";"GlobalMeds";"D001";"Central Hub London";"PH010";"University Hospital Pharmacy";"2024-02-01";5;"2024-07-01";20;20;41.48;123.7;953.3;"Cancelled";"B9939";"2026-01-14";"ambient";"Unknown_post";"Unknown_notes"
"T100115";"OR-67577";"PN003";"Insulin Glargine 100IU/ml";"S004";"HealQuick";"D003";"Scotland Regional Hub";"PH003";"City Clinic Pharmacy";"2025-03-08";3;"2025-12-03";50;50;10.49;194.87;719.37;"Partial";"B4166";"2026-10-27";"ambient";"B1 1AA";"Please confirm"
"T100116";"OR-86735";"PN008";"Flu Vaccine";"S004";"HealQuick";"D004";"Wales Depot";"PH006";"Northside Pharmacy";"2024-02-08";7;"2024-02-15";0;0;3.42;288.78;288.78;"Cancelled";"B5684";"2025-10-12";"ambient";"B1 1AA";"Unknown_notes"
"T100118";"OR-18509";"PN001";"Amoxicillin 500mg Capsule";"S004";"HealQuick";"D005";"East England Depot";"PH010";"University Hospital Pharmacy";"2023-01-07";4;"2023-01-11";150;150;22.73;125.09;3534.59;"Returned";"B3906";"2025-02-17";"Refrigerated";"M1 2AB";"Unknown_notes"
"T100119";"OR-37831";"PN003";"Insulin Glargine 100IU/ml";"S004";"HealQuick";"D005";"East England Depot";"PH001";"St Thomas Hospital Pharmacy";"2023-04-22";10;"2023-05-03";500;500;39.22;53.97;19663.97;"In Transit";"Unknown_batch";"2023-11-12";"ambient";"Unknown_post";"Handle with care"
"T100120";"OR-84839";"PN002";"Paracetamol 500mg Tablet";"S001";"NHS Supply Chain";"D004";"Wales Depot";"PH010";"University Hospital Pharmacy";"2024-09-22";3;"2024-09-27";250;250;34.95;16.81;8754.31;"Cancelled";"B1306";"2027-02-20";"Refrigerated";"M1 2AB";"Temperature Sensitive"
"T100122";"OR-92505";"PN006";"Warfarin 2mg Tablet";"S003";"UKPharma Dist ";"D002";"North West Depot";"PH006";"Northside Pharmacy";"2023-07-25";7;"2023-08-01";0;0;41.43;241.2;241.2;"Cancelled";"B6549";"2024-03-12";"ambient";"LS1 1UR";"Please confirm"
"T100123";"OR-70420";"PN008";"Flu Vaccine";"S005";"GlobalMeds";"D004";"Wales Depot";"PH010";"University Hospital Pharmacy";"2023-05-15";10;"2023-05-27";500;500;25.11;146.25;12701.25;"Partial";"B3798";"2024-11-01";"Refrigerated";"Unknown_post";"Call before delivery"
"T100126";"OR-97650";"PN007";"Omeprazole 20mg Capsule";"S004";"HealQuick";"D005";"East England Depot";"PH007";"Southcare Pharmacy";"2024-09-30";5;"2024-10-06";500;500;69.53;11.36;34776.36;"Returned";"B2311";"2026-09-19";"Cold Chain";"Unknown_post";"Temperature Sensitive"
"T100127";"OR-96396";"PN009";"Metformin 500mg Tablet";"S003";"UKPHARMA DIST";"D004";"Wales Depot";"PH009";"Midtown Pharmacy";"2024-04-25";5;"2024-05-01";500;291;13.1;297.11;6847.11;"Cancelled";"B3077";"2025-08-02";"ambient";"M1 2AB";"Please confirm"
"T100129";"OR-71204";"PN007";"Omeprazole 20mg Capsule";"S003";"UKPharma Dist";"D005";"East England Depot";"PH007";"Southcare Pharmacy";"2024-04-17";7;"2024-04-24";10;10;16.85;7.11;175.61;"In Transit";"B2995";"2025-02-13";"Room Temp";"Unknown_post";"Unknown_notes"
"T100130";"OR-61292";"PN002";"Paracetamol 500mg Tablet";"S004";"HealQuick";"D003";"Scotland Regional Hub";"PH005";"County General Pharmacy";"2023-06-15";2;"2023-06-17";10;10;37.16;65.52;437.12;"Cancelled";"B2194";"2024-08-24";"Cold Chain";"Unknown_post";"Temperature Sensitive"
"T100131";"OR-80851";"PN009";"Metformin 500mg Tablet";"S004";"HealQuick";"D001";"Central Hub London";"PH009";"Midtown Pharmacy";"2023-08-20";10;"2023-08-31";10;10;57.15;166.34;737.84;"Cancelled";"B2749";"2025-02-17";"Cold Chain";"Unknown_post";"Short Shipment"
"T100134";"OR-68303";"PN010";"Co-codamol 30/500 Tablet";"S003";"UKPharma Dist";"D002";"North West Depot";"PH002";"Royal Infirmary Pharmacy";"2024-06-26";14;"2024-10-07";100;100;68.41;276.8;7117.8;"In Transit";"B6477";"2026-04-01";"Refrigerated";"Unknown_post";"Short Shipment"
"T100137";"OR-86037";"PN010";"Co-codamol 30/500 Tablet";"S004";"HealQuick";"D004";"Wales Depot";"PH001";"St Thomas Hospital Pharmacy";"2025-05-31";10;"2025-12-06";300;300;25.51;273.0;7936.0;"Cancelled";"B1669";"2026-05-25";"Refrigerated";"B1 1AA";"Short Shipment"
"T100138";"OR-12888";"PN004";"Atorvastatin 20mg Tablet";"S003";"UKPharma Dist";"D001";"Central Hub London";"PH002";"Royal Infirmary Pharmacy";"2024-01-17";7;"2024-01-25";10;10;13.82;49.43;187.63;"In Transit";"B9530";"2024-08-07";"Refrigerated";"LS1 1UR";"Call before delivery"
"T100139";"OR-68776";"PN004";"Atorvastatin 20mg Tablet";"S005";"GlobalMeds";"D003";"Scotland Regional Hub";"PH008";"Lakeside Pharmacy";"2024-08-30";5;"2024-09-05";150;150;34.47;213.54;5384.04;"In Transit";"B2915";"2026-01-16";"ambient";"B1 1AA";"Handle with care"
"T100141";"OR-84437";"PN002";"Paracetamol 500mg Tablet";"S005";"GlobalMeds";"D003";"Scotland Regional Hub";"PH007";"Southcare Pharmacy";"2023-01-06";-2;"2023-06-01";250;250;54.74;124.26;13809.26;"In Transit";"B8776";"2025-05-18";"Refrigerated";"SE1 9RT";"Handle with care"
"T100143";"OR-83224";"PN003";"Insulin Glargine 100IU/ml";"S002";"MediSupply Ltd";"D003";"Scotland Regional Hub";"PH007";"Southcare Pharmacy";"2024-10-13";4;"2024-10-17";500;500;51.53;206.5;25971.5;"In Transit";"Unknown_batch";"2026-09-23";"Cold Chain";"B1 1AA";"Please confirm"
"T100146";"OR-75419";"PN006";"Warfarin 2mg Tablet";"S003";"UKPharma Dist";"D004";"Wales Depot";"PH010";"University Hospital Pharmacy";"2025-01-23";14;"2025-02-07";10;10;1.45;118.91;133.41;"Delivered";"B7563";"2025-11-03";"Refrigerated";"B1 1AA";"Temperature Sensitive"
"T100150";"OR-29365";"PN004";"Atorvastatin 20mg Tablet";"S005";"GlobalMeds";"D001";"Central Hub London";"PH010";"University Hospital Pharmacy";"2025-03-31";3;"2025-04-04";300;300;50.53;188.35;15347.35;"Partial";"B8656";"2027-07-12";"Refrigerated";"LS1 1UR";"Unknown_notes"
"T100151";"OR-21836";"PN005";"Salbutamol Inhaler";"S001";"NHS Supply Chain";"D003";"Scotland Regional Hub";"PH005";"County General Pharmacy";"2024-10-23";7;"2024-10-30";100;100;3.26;77.52;403.52;"In Transit";"B1691";"2026-08-31";"Refrigerated";"M1 2AB";"Temperature Sensitive"
"T100154";"OR-91003";"PN003";"Insulin Glargine 100IU/ml";"S004";"HealQuick";"D005";"East England Depot";"PH002";"Royal Infirmary Pharmacy";"2023-04-24";10;"2023-04-05";150;150;44.68;25.32;6727.32;"Partial";"4677";"2023-11-13";"Refrigerated";"SE1 9RT";"Call before delivery"
"T100156";"OR-29826";"PN002";"Paracetamol 500mg Tablet";"S004";"HealQuick";"D005";"East England Depot";"PH001";"St Thomas Hospital Pharmacy";"2023-01-06";5;"2023-12-01";20;20;10.33;42.54;223.64;"Partial";"B5603";"2024-09-17";"Refrigerated";"M1 2AB";"Please confirm"
"T100158";"OR-22597";"PN003";"Insulin Glargine 100IU/ml";"S004";"HealQuick";"D005";"East England Depot";"PH001";"St Thomas Hospital Pharmacy";"2023-12-04";5;"2023-12-09";100;100;28.91;289.51;3180.51;"In Transit";"B7592";"2026-04-01";"Cold Chain";"Unknown_post";"Call before delivery"
"T100160";"OR-34670";"PN009";"Metformin 500mg Tablet";"S002";"MediSupply Ltd";"D004";"Wales Depot";"PH005";"County General Pharmacy";"2023-11-18";14;"2023-12-03";10;10;40.31;35.0;438.1;"Partial";"B8974";"2026-02-06";"ambient";"M1 2AB";"Please confirm"
"T100162";"OR-74713";"PN009";"Metformin 500mg Tablet";"S004";"HealQuick";"D003";"Scotland Regional Hub";"PH008";"Lakeside Pharmacy";"2024-12-15";4;"2024-12-21";150;150;66.3;125.06;10070.06;"Cancelled";"B3654";"2026-03-29";"ambient";"B1 1AA";"Unknown_notes"
"T100163";"OR-75325";"PN004";"Atorvastatin 20mg Tablet";"S003";"UKPharma Dist";"D005";"East England Depot";"PH001";"St Thomas Hospital Pharmacy";"2025-04-06";2;"2025-04-08";0;0;65.59;15.13;15.13;"Delivered";"B2669";"2025-11-14";"ambient";"B1 1AA";"Handle with care"
"T100166";"OR-44562";"PN009";"Metformin 500mg Tablet";"S005";"GlobalMeds";"D001";"Central Hub London";"PH008";"Lakeside Pharmacy";"2023-11-02";5;"2023-11-07";500;500;24.92;108.38;12568.38;"Partial";"Unknown_batch";"2024-07-02";"Cold Chain";"SE1 9RT";"Short Shipment"
"T100168";"OR-75881";"PN001";"Amoxicillin 500mg Capsule";"S003";"UKPharma Dist";"D005";"East England Depot";"PH003";"City Clinic Pharmacy";"2025-02-19";5;"2025-02-24";500;500;40.8;220.77;20620.77;"Delivered";"B6060";"2025-12-22";"Room Temp";"Unknown_post";"Short Shipment"
"T100169";"OR-88250";"PN002";"Paracetamol 500mg Tablet";"S003";"UKPharma Dist";"D005";"East England Depot";"PH008";"Lakeside Pharmacy";"2023-03-28";5;"2023-04-02";300;120;11.23;92.04;3461.04;"Returned";"3973";"2023-11-22";"ambient";"M1 2AB";"Unknown_notes"
"T100171";"OR-80533";"PN005";"Salbutamol Inhaler";"S002";"MediSupply Ltd";"D001";"Central Hub London";"PH003";"City Clinic Pharmacy";"2025-01-26";4;"2025-01-30";50;50;26.03;135.82;1437.32;"Cancelled";"6381";"2027-07-03";"Refrigerated";"SE1 9RT";"Call before delivery"
"T100172";"OR-74751";"PN002";"Paracetamol 500mg Tablet";"S004";"HealQuick";"D004";"Wales Depot";"PH010";"University Hospital Pharmacy";"2024-02-01";14;"2024-01-16";50;50;14.77;242.52;981.02;"Cancelled";"Unknown_batch";"2025-11-16";"Refrigerated";"B1 1AA";"Unknown_notes"
"T100176";"OR-10881";"PN005";"Salbutamol Inhaler";"S005";"GlobalMeds";"D001";"Central Hub London";"PH004";"Community Health Pharmacy";"2024-06-03";5;"2024-06-08";250;250;43.59;125.61;11023.11;"Delivered";"B1060";"2026-11-09";"Room Temp";"Unknown_post";"Call before delivery"
"T100177";"OR-66300";"PN002";"Paracetamol 500mg Tablet";"S004";"HealQuick";"D003";"Scotland Regional Hub";"PH001";"St Thomas Hospital Pharmacy";"2023-01-31";3;"2023-03-02";50;35;28.73;280.83;1717.33;"Cancelled";"B9633";"2025-04-28";"Refrigerated";"B1 1AA";"Temperature Sensitive"
"T100178";"OR-30605";"PN004";"Atorvastatin 20mg Tablet";"S005";"GlobalMeds";"D002";"North West Depot";"PH001";"St Thomas Hospital Pharmacy";"2024-10-06";14;"2024-10-22";500;500;38.43;96.55;19311.55;"Partial";"B7569";"2026-11-22";"Room Temp";"LS1 1UR";"Handle with care"
"T100179";"OR-28070";"PN006";"Warfarin 2mg Tablet";"S003";"UKPharma Dist";"D005";"East England Depot";"PH001";"St Thomas Hospital Pharmacy";"2024-04-21";5;"2024-04-27";0;0;6.64;193.1;193.1;"Delivered";"B6902";"2025-05-11";"ambient";"Unknown_post";"Handle with care"
"T100181";"OR-63852";"PN009";"Metformin 500mg Tablet";"S001";"NHS Supply Chain";"D003";"Scotland Regional Hub";"PH010";"University Hospital Pharmacy";"2024-10-06";7;"2024-10-13";50;50;23.2;53.29;1213.29;"Delivered";"B2138";"2026-05-04";"ambient";"SE1 9RT";"Unknown_notes"
"T100184";"OR-11908";"PN008";"Flu Vaccine";"S002";"MediSupply Ltd";"D002";"North West Depot";"PH005";"County General Pharmacy";"2023-05-08";3;"2023-05-12";0;0;47.79;198.01;198.01;"Partial";"Unknown_batch";"2023-11-08";"Refrigerated";"B1 1AA";"Please confirm"
"T100189";"OR-63950";"PN005";"Salbutamol Inhaler";"S004";"HealQuick";"D001";"Central Hub London";"PH007";"Southcare Pharmacy";"2024-03-10";2;"2024-12-03";500;500;71.41;231.29;35936.29;"Partial";"B2316";"2025-03-18";"Refrigerated";"Unknown_post";"Call before delivery"
"T100190";"OR-73595";"PN002";"Paracetamol 500mg Tablet";"S002";"MediSupply Ltd";"D004";"Wales Depot";"PH005";"County General Pharmacy";"2023-01-07";2;"2023-11-01";200;200;14.06;244.31;3030.81;"In Transit";"B7697";"2025-04-05";"Room Temp";"SE1 9RT";"Handle with care"
"T100191";"OR-96360";"PN002";"Paracetamol 500mg Tablet";"S005";"GlobalMeds";"D002";"North West Depot";"PH009";"Midtown Pharmacy";"2025-03-21";7;"2025-03-30";150;150;70.6;17.17;10607.17;"Delivered";"Unknown_batch";"2027-09-02";"Refrigerated";"Unknown_post";"Please confirm"
"T100193";"OR-57844";"PN006";"Warfarin 2mg Tablet";"S003";"UKPharma Dist";"D001";"Central Hub London";"PH003";"City Clinic Pharmacy";"2024-01-07";10;"2024-07-11";200;200;17.89;33.41;3611.41;"In Transit";"B2902";"2025-05-07";"Refrigerated";"M1 2AB";"Temperature Sensitive"
"T100198";"OR-81875";"PN009";"Metformin 500mg Tablet";"S002";"MediSupply Ltd ";"D002";"North West Depot";"PH003";"City Clinic Pharmacy";"2024-09-08";4;"2024-09-14";20;20;52.24;219.8;1264.6;"In Transit";"B9379";"2026-05-10";"Refrigerated";"SE1 9RT";"Handle with care"
"T100200";"OR-10955";"PN006";"Warfarin 2mg Tablet";"S004";"HealQuick";"D004";"Wales Depot";"PH009";"Midtown Pharmacy";"2023-10-21";7;"2023-10-28";200;88;7.48;85.76;1581.76;"Delivered";"B7946";"2024-09-04";"ambient";"Unknown_post";"Short Shipment"
"T100201";"OR-10675";"PN009";"Metformin 500mg Tablet";"S005";"GlobalMeds";"D004";"Wales Depot";"PH003";"City Clinic Pharmacy";"2024-11-21";3;"2024-11-25";20;20;40.66;89.75;902.95;"Returned";"B5994";"2027-03-09";"Cold Chain";"Unknown_post";"Temperature Sensitive"
"T100202";"OR-99356";"PN003";"insulin glargine 100iu/ml";"S002";"MediSupply Ltd";"D002";"North West Depot";"PH007";"Southcare Pharmacy";"2023-05-07";14;"2023-05-23";20;20;33.23;1.74;666.34;"Delivered";"B1659";"2025-01-07";"Room Temp";"LS1 1UR";"Unknown_notes"
"T100205";"OR-17968";"PN005";"Salbutamol Inhaler";"S002";"MediSupply Ltd";"D001";"Central Hub London";"PH010";"University Hospital Pharmacy";"2024-11-01";5;"2024-11-07";50;50;53.51;253.83;2929.33;"Cancelled";"B2923";"2025-07-08";"Refrigerated";"B1 1AA";"Please confirm"
"T100207";"OR-84666";"PN006";"Warfarin 2mg Tablet";"S003";"UKPharma Dist";"D005";"East England Depot";"PH005";"County General Pharmacy";"2023-11-29";2;"2023-12-02";500;500;65.32;245.05;32905.05;"Returned";"B7479";"2025-01-19";"ambient";"LS1 1UR";"Please confirm"
"T100211";"OR-20353";"PN007";"Omeprazole 20mg Capsule";"S002";"MediSupply Ltd";"D001";"Central Hub London";"PH004";"Community Health Pharmacy";"2025-05-21";5;"2025-05-26";20;20;68.52;16.76;1387.16;"In Transit";"B1431";"2027-01-25";"Refrigerated";"SE1 9RT";"Please confirm"
"T100214";"OR-84304";"PN002";"Paracetamol 500mg Tablet";"S005";"GlobalMeds";"D005";"East England Depot";"PH007";"Southcare Pharmacy";"2024-05-03";2;"2024-07-05";50;50;12.5;218.62;843.62;"Cancelled";"B3149";"2025-11-02";"Refrigerated";"Unknown_post";"Short Shipment"
"T100219";"OR-88636";"PN002";"Paracetamol 500mg Tablet";"S001";"NHS Supply Chain";"D005";"East England Depot";"PH002";"Royal Infirmary Pharmacy";"2024-10-10";14;"2024-10-26";10;10;68.6;211.15;907.15;"In Transit";"B5384";"2026-01-03";"ambient";"Unknown_post";"Handle with care"
"T100220";"OR-92772";"PN003";"Insulin Glargine 100IU/ml";"S004";"HealQuick";"D001";"Central Hub London";"PH010";"University Hospital Pharmacy";"2024-03-15";5;"2024-03-21";20;20;47.24;284.61;1229.41;"Partial";"Unknown_batch";"2026-05-11";"ambient";"Unknown_post";"Call before delivery"
"T100223";"OR-60540";"PN008";"Flu Vaccine";"S005";"GlobalMeds";"D002";"North West Depot";"PH010";"University Hospital Pharmacy";"2023-12-28";14;"2024-01-11";100;100;30.17;128.82;3145.82;"In Transit";"B7094";"2025-05-12";"Unknown_temp";"M1 2AB";"Handle with care"
"T100225";"OR-64171";"PN006";"Warfarin 2mg Tablet";"S005";"GlobalMeds ";"D004";"Wales Depot";"PH008";"Lakeside Pharmacy";"2025-05-19";7;"2025-05-26";200;200;61.3;206.47;12466.47;"Delivered";"B5985";"2026-10-18";"ambient";"B1 1AA";"Handle with care"
"T100227";"OR-14677";"PN005";"Salbutamol Inhaler";"S005";"GlobalMeds";"D001";"Central Hub London";"PH002";"Royal Infirmary Pharmacy";"2023-09-04";3;"2023-09-09";10;10;25.36;14.74;268.34;"In Transit";"B7597";"2024-12-09";"Refrigerated";"Unknown_post";"Unknown_notes"
"T100228";"OR-10131";"PN004";"Atorvastatin 20mg Tablet";"S005";"GlobalMeds";"D004";"Wales Depot";"PH002";"Royal Infirmary Pharmacy";"2023-08-14";3;"2023-08-18";10;10;64.02;204.43;844.63;"Partial";"B1208";"2025-04-23";"ambient";"B1 1AA";"Short Shipment"
"T100229";"OR-35407";"PN004";"Atorvastatin 20mg Tablet";"S003";"UKPharma Dist";"D002";"North West Depot";"PH003";"City Clinic Pharmacy";"2025-03-04";14;"2025-03-19";2444;2444;39.08;253.11;95764.63;"Returned";"B1339";"2026-10-25";"Room Temp";"SE1 9RT";"Temperature Sensitive"
"T100230";"OR-74011";"PN007";"Omeprazole 20mg Capsule";"S005";"GlobalMeds";"D005";"East England Depot";"PH003";"City Clinic Pharmacy";"2023-09-29";5;"2023-10-05";150;150;59.54;2.5;8933.5;"In Transit";"B5747";"2026-02-05";"ambient";"M1 2AB";"Handle with care"
"T100231";"OR-67264";"PN007";"Omeprazole 20mg Capsule";"S002";"MediSupply Ltd";"D005";"East England Depot";"PH009";"Midtown Pharmacy";"2023-06-08";3;"2023-06-11";150;150;67.86;179.11;10358.11;"Cancelled";"B3280";"2024-06-26";"Refrigerated";"M1 2AB";"Call before delivery"
"T100233";"OR-36260";"PN001";"Amoxicillin 500mg Capsule";"S004";"HealQuick";"D002";"North West Depot";"PH005";"County General Pharmacy";"2024-10-05";2;"2024-10-07";10;6;29.61;145.12;441.22;"Returned";"B8194";"2026-12-25";"ambient";"B1 1AA";"Please confirm"
"T100234";"OR-49705";"PN005";"Salbutamol Inhaler";"S003";"UKPharma Dist";"D001";"Central Hub London";"PH008";"Lakeside Pharmacy";"2024-02-03";4;"2024-03-06";500;500;66.24;47.49;33167.49;"In Transit";"B9602";"2024-11-01";"ambient";"Unknown_post";"Please confirm"
"T100235";"OR-32815";"PN002";"Paracetamol 500mg Tablet";"S004";"HealQuick";"D005";"East England Depot";"PH009";"Midtown Pharmacy";"2023-09-23";7;"2023-10-02";20;20;24.61;275.18;767.38;"In Transit";"B7292";"2025-05-25";"Refrigerated";"SE1 9RT";"Handle with care"
"T100236";"OR-20242";"PN008";"Flu Vaccine";"S002";"MediSupply Ltd";"D003";"Scotland Regional Hub";"PH004";"Community Health Pharmacy";"2023-07-26";7;"2023-02-08";0;0;41.22;55.59;55.59;"Returned";"B4399";"2025-05-21";"Refrigerated";"B1 1AA";"Call before delivery"
"T100239";"OR-46671";"PN009";"Metformin 500mg Tablet";"S002";"MediSupply Ltd";"D002";"North West Depot";"PH008";"Lakeside Pharmacy";"2023-07-04";4;"2023-07-09";10;10;53.04;257.63;788.03;"Cancelled";"B5795";"2024-09-06";"ambient";"Unknown_post";"Temperature Sensitive"
"T100242";"OR-68171";"PN001";"Amoxicillin 500mg Capsule";"S004";"HealQuick";"D004";"Wales Depot";"PH001";"St Thomas Hospital Pharmacy";"2024-08-16";7;"2024-08-25";250;250;4.19;205.33;1252.83;"Delivered";"B4734";"2025-11-04";"ambient";"M1 2AB";"Please confirm"
"T100243";"OR-92617";"PN002";"Paracetamol 500mg Tablet";"S004";"HealQuick";"D003";"Scotland Regional Hub";"PH003";"City Clinic Pharmacy";"2023-01-26";4;"2023-01-31";20;20;8.41;214.73;382.93;"Cancelled";"B7206";"2023-08-27";"Cold Chain";"Unknown_post";"Please confirm"
"T100244";"OR-25461";"PN007";"Omeprazole 20mg Capsule";"S001";"NHS Supply Chain";"D005";"East England Depot";"PH008";"Lakeside Pharmacy";"2023-11-21";7;"2023-11-28";150;150;66.08;151.69;10063.69;"Returned";"B7862";"2024-09-24";"Refrigerated";"Unknown_post";"Handle with care"
"T100245";"OR-47917";"PN007";"Omeprazole 20mg Capsule";"S002";"MediSupply Ltd";"D001";"Central Hub London";"PH003";"City Clinic Pharmacy";"2023-04-05";7;"2023-05-11";0;0;68.94;120.7;120.7;"Delivered";"B6515";"2025-07-23";"Refrigerated";"M1 2AB";"Call before delivery"
"T100249";"OR-68672";"PN008";"Flu Vaccine";"S004";"HealQuick";"D003";"Scotland Regional Hub";"PH007";"Southcare Pharmacy";"2024-04-02";5;"2024-04-08";20;20;31.19;152.25;776.05;"Delivered";"B6295";"2025-08-20";"Cold Chain";"SE1 9RT";"Handle with care"
"T100252";"OR-20158";"PN007";"Omeprazole 20mg Capsule";"S001";"NHS Supply Chain";"D001";"Central Hub London";"PH002";"Royal Infirmary Pharmacy";"2024-07-28";5;"2024-08-04";500;500;55.67;206.7;28041.7;"Cancelled";"B9007";"2025-12-10";"ambient";"LS1 1UR";"Call before delivery"
"T100253";"OR-34598";"PN001";"Amoxicillin 500mg Capsule";"S004";"HealQuick";"D004";"Wales Depot";"PH008";"Lakeside Pharmacy";"2023-06-24";10;"2023-07-04";100;100;11.04;184.2;1288.2;"Cancelled";"B4450";"2024-05-07";"Refrigerated";"M1 2AB";"Call before delivery"
"T100254";"OR-90599";"PN002";"Paracetamol 500mg Tablet";"S004";"HealQuick";"D005";"East England Depot";"PH004";"Community Health Pharmacy";"2023-12-20";4;"2023-12-26";200;200;44.65;53.5;8983.5;"Returned";"B7274";"2026-02-13";"Refrigerated";"Unknown_post";"Please confirm"
"T100257";"OR-21284";"PN002";"Paracetamol 500mg Tablet";"S001";"NHS Supply Chain";"D002";"North West Depot";"PH010";"University Hospital Pharmacy";"2025-01-25";10;"2025-04-02";150;150;50.39;247.51;7806.01;"Delivered";"B1729";"2026-02-12";"Room Temp";"SE1 9RT";"Unknown_notes"
"T100259";"OR-67012";"PN009";"Metformin 500mg Tablet";"S003";"UKPharma Dist";"D005";"East England Depot";"PH009";"Midtown Pharmacy";"2025-04-29";14;"2025-05-14";20;20;49.54;31.38;1022.18;"In Transit";"B6483";"2026-02-05";"ambient";"Unknown_post";"Short Shipment"
"T100260";"OR-67219";"PN008";"Flu Vaccine";"S003";"UKPharma Dist";"D001";"Central Hub London";"PH004";"Community Health Pharmacy";"2025-02-20";5;"2025-02-27";100;100;72.95;99.94;7394.94;"Cancelled";"B3317";"2026-12-01";"Refrigerated";"B1 1AA";"Unknown_notes"
"T100261";"OR-28098";"PN004";"Atorvastatin 20mg Tablet";"S001";"NHS Supply Chain";"D004";"Wales Depot";"PH009";"Midtown Pharmacy";"2024-04-12";5;"2024-12-09";150;150;61.57;118.16;9353.66;"Returned";"Unknown_batch";"2027-02-15";"ambient";"Unknown_post";"Temperature Sensitive"
"T100262";"OR-65583";"PN001";"Amoxicillin 500mg Capsule";"S002";"MediSupply Ltd";"D004";"Wales Depot";"PH008";"Lakeside Pharmacy";"2023-02-05";5;"2023-02-10";10;10;10.09;3.48;104.38;"Partial";"B5963";"2025-05-14";"Refrigerated";"LS1 1UR";"Handle with care"
"T100263";"OR-90903";"PN007";"Omeprazole 20mg Capsule";"S005";"GlobalMeds";"D005";"East England Depot";"PH008";"Lakeside Pharmacy";"2024-03-21";2;"2024-03-24";150;150;40.93;5.26;6144.76;"Returned";"B1599";"2025-10-27";"Refrigerated";"Unknown_post";"Handle with care"
"T100265";"OR-51331";"PN007";"Omeprazole 20mg Capsule";"S003";"UKPharma Dist";"D003";"Scotland Regional Hub";"PH004";"Community Health Pharmacy";"2023-03-07";10;"2023-03-19";2395;2395;11.81;159.67;28444.62;"Partial";"Unknown_batch";"2025-04-10";"Cold Chain";"M1 2AB";"Short Shipment"
"T100268";"OR-77051";"PN005";"Salbutamol Inhaler";"S004";"HealQuick";"D002";"North West Depot";"PH003";"City Clinic Pharmacy";"2024-04-17";14;"2024-01-05";0;0;35.53;287.27;287.27;"Returned";"B9751";"2026-01-06";"Refrigerated";"LS1 1UR";"Unknown_notes"
"T100269";"OR-67653";"PN008";"Flu Vaccine";"S003";"UKPharma Dist";"D001";"Central Hub London";"PH003";"City Clinic Pharmacy";"2024-11-01";3;"2024-01-14";10;10;26.01;135.11;395.21;"Delivered";"B3425";"2024-08-04";"Refrigerated";"M1 2AB";"Short Shipment"
"T100270";"OR-78697";"PN003";"Insulin Glargine 100IU/ml";"S003";"UKPharma Dist";"D002";"North West Depot";"PH001";"St Thomas Hospital Pharmacy";"2025-05-21";3;"2025-05-26";20;20;69.49;144.62;1534.42;"Delivered";"B6067";"2026-04-19";"Refrigerated";"B1 1AA";"Call before delivery"
"T100272";"OR-54883";"PN004";"Atorvastatin 20mg Tablet";"S003";"UKPharma Dist";"D001";"Central Hub London";"PH008";"Lakeside Pharmacy";"2025-03-07";10;"2025-03-17";250;250;48.57;102.34;12244.84;"Partial";"B3984";"2026-07-26";"Cold Chain";"B1 1AA";"Handle with care"
"T100273";"OR-94645";"PN009";"Metformin 500mg Tablet";"S002";"MediSupply Ltd";"D003";"Scotland Regional Hub";"PH009";"Midtown Pharmacy";"2024-04-28";7;"2024-05-06";20;20;49.19;80.81;1064.61;"Cancelled";"B6017";"2025-10-22";"Cold Chain";"Unknown_post";"Temperature Sensitive"
"T100275";"OR-52869";"PN003";"Insulin Glargine 100IU/ml";"S004";"HealQuick";"D003";"Scotland Regional Hub";"PH009";"Midtown Pharmacy";"2024-06-27";3;"2024-07-01";250;250;27.48;77.71;6947.71;"In Transit";"B7730";"2026-05-06";"Refrigerated";"Unknown_post";"Unknown_notes"
"T100278";"OR-15110";"PN002";"Paracetamol 500mg Tablet";"S005";"GlobalMeds";"D004";"Wales Depot";"PH004";"Community Health Pharmacy";"2023-08-04";4;"2023-08-10";200;200;62.82;90.21;12654.21;"Partial";"B1259";"2024-11-07";"Refrigerated";"Unknown_post";"Short Shipment"
"T100280";"OR-60466";"PN009";"Metformin 500mg Tablet";"S001";"NHS Supply Chain";"D003";"Scotland Regional Hub";"PH003";"City Clinic Pharmacy";"2023-11-27";7;"2023-06-12";50;50;55.87;184.5;2978.0;"Cancelled";"B8571";"2025-11-08";"Refrigerated";"M1 2AB";"Short Shipment"
"T100281";"OR-48759";"PN004";"Atorvastatin 20mg Tablet";"S002";"MediSupply Ltd";"D005";"East England Depot";"PH008";"Lakeside Pharmacy";"2024-05-10";14;"2024-05-26";300;300;25.63;102.29;7791.29;"Partial";"B6609";"2025-08-02";"Cold Chain";"Unknown_post";"Temperature Sensitive"
"T100282";"OR-27841";"PN006";"Warfarin 2mg Tablet";"S001";"NHS Supply Chain";"D002";"North West Depot";"PH007";"Southcare Pharmacy";"2025-04-19";14;"2025-05-03";20;20;40.69;50.03;863.83;"Returned";"B3491";"2027-07-02";"ambient";"LS1 1UR";"Temperature Sensitive"
"T100283";"OR-89958";"PN005";"Salbutamol Inhaler";"S003";"UKPharma Dist";"D005";"East England Depot";"PH002";"Royal Infirmary Pharmacy";"2023-02-03";5;"2023-03-07";200;200;71.2;217.79;14457.79;"In Transit";"B5513";"2023-09-09";"ambient";"Unknown_post";"Temperature Sensitive"
"T100284";"OR-87474";"PN002";"Paracetamol 500mg Tablet";"S003";"UKPharma Dist";"D003";"Scotland Regional Hub";"PH002";"Royal Infirmary Pharmacy";"2024-03-10";3;"2024-10-08";10;10;65.27;288.97;941.67;"Cancelled";"B5519";"2027-01-16";"ambient";"M1 2AB";"Temperature Sensitive"
"T100285";"OR-22950";"PN005";"Salbutamol Inhaler";"S005";"GlobalMeds";"D005";"East England Depot";"PH009";"Midtown Pharmacy";"2025-10-06";2;"2025-06-12";50;50;29.83;236.44;1727.94;"Returned";"Unknown_batch";"2027-01-19";"ambient";"Unknown_post";"Please confirm"
"T100286";"OR-67379";"PN007";"Omeprazole 20mg Capsule";"S003";"UKPharma Dist";"D003";"Scotland Regional Hub";"PH004";"Community Health Pharmacy";"2023-11-10";4;"2023-10-16";300;300;13.32;105.54;4101.54;"In Transit";"B6010";"2024-07-09";"Refrigerated";"B1 1AA";"Call before delivery"
"T100288";"OR-39355";"PN008";"Flu Vaccine";"S002";"MediSupply Ltd";"D004";"Wales Depot";"PH008";"Lakeside Pharmacy";"2024-02-29";7;"2024-03-09";150;150;70.3;287.43;10832.43;"In Transit";"B3109";"2026-01-28";"ambient";"Unknown_post";"Call before delivery"
"T100291";"OR-18580";"PN010";"Co-codamol 30/500 Tablet";"S002";"MediSupply Ltd";"D005";"East England Depot";"PH004";"Community Health Pharmacy";"2023-12-20";3;"2023-12-25";250;250;70.58;87.43;17732.43;"Returned";"B2633";"2026-02-24";"ambient";"Unknown_post";"Temperature Sensitive"
"T100293";"OR-92076";"PN001";"Amoxicillin 500mg Capsule";"S005";"GlobalMeds ";"D004";"Wales Depot";"PH009";"Midtown Pharmacy";"2024-06-20";10;"2024-06-30";150;150;1.66;206.82;430.32;"Cancelled";"B7388";"2026-01-01";"Refrigerated";"Unknown_post";"Temperature Sensitive"
"T100294";"OR-39968";"PN005";"Salbutamol Inhaler";"S004";"HealQuick";"D004";"Wales Depot";"PH005";"County General Pharmacy";"2024-09-06";5;"2024-09-11";10;10;24.89;204.27;453.17;"Returned";"B5284";"2025-07-05";"Refrigerated";"LS1 1UR";"Unknown_notes"
"T100297";"OR-60369";"PN007";"Omeprazole 20mg Capsule";"S005";"GlobalMeds";"D002";"North West Depot";"PH006";"Northside Pharmacy";"2023-02-08";5;"2023-08-09";200;200;42.84;235.24;8803.24;"Partial";"B6028";"2024-06-21";"ambient";"Unknown_post";"Handle with care"
"T100303";"OR-70508";"PN007";"Omeprazole 20mg Capsule";"S003";"UKPharma Dist";"D003";"Scotland Regional Hub";"PH005";"County General Pharmacy";"2025-02-11";2;"2025-02-13";250;250;68.77;203.46;17395.96;"Cancelled";"B8871";"2026-06-13";"Refrigerated";"B1 1AA";"Call before delivery"
"T100304";"OR-28543";"PN007";"Omeprazole 20mg Capsule";"S002";"MediSupply Ltd";"D001";"Central Hub London";"PH003";"City Clinic Pharmacy";"2025-03-18";14;"2025-01-04";20;20;11.67;117.67;351.07;"Returned";"B4112";"2027-02-07";"Cold Chain";"SE1 9RT";"Handle with care"
"T100305";"OR-12542";"PN008";"Flu Vaccine";"S003";"UKPharma Dist";"D003";"Scotland Regional Hub";"PH010";"University Hospital Pharmacy";"2024-03-15";3;"2024-03-19";250;250;24.8;93.76;6293.76;"Cancelled";"B6424";"2025-01-19";"Refrigerated";"B1 1AA";"Please confirm"
"T100306";"OR-44208";"PN002";"Paracetamol 500mg Tablet";"S005";"GlobalMeds";"D003";"Scotland Regional Hub";"PH002";"Royal Infirmary Pharmacy";"2024-05-04";14;"2024-04-20";50;50;11.39;295.59;865.09;"In Transit";"B2972";"2024-12-03";"Refrigerated";"M1 2AB";"Call before delivery"
"T100307";"OR-18899";"PN005";"Salbutamol Inhaler";"S001";"NHS Supply Chain";"D002";"North West Depot";"PH008";"Lakeside Pharmacy";"2024-02-10";7;"2024-10-10";250;82;24.83;249.54;6467.04;"Cancelled";"B6351";"2025-05-05";"Refrigerated";"SE1 9RT";"Call before delivery"
"T100309";"OR-98369";"PN007";"Omeprazole 20mg Capsule";"S002";"MediSupply Ltd";"D003";"Scotland Regional Hub";"PH002";"Royal Infirmary Pharmacy";"2024-08-18";14;"2024-01-09";100;100;45.77;78.1;4655.1;"Delivered";"B9385";"2025-09-11";"Cold Chain";"Unknown_post";"Short Shipment"
"T100310";"OR-65465";"PN010";"Co-codamol 30/500 Tablet";"S002";"MediSupply Ltd";"D003";"Scotland Regional Hub";"PH004";"Community Health Pharmacy";"2024-06-07";3;"2024-10-06";150;150;36.27;200.11;5640.61;"Delivered";"B1511";"2024-12-15";"ambient";"Unknown_post";"Unknown_notes"
"T100311";"OR-46905";"PN006";"Warfarin 2mg Tablet";"S001";"NHS Supply Chain";"D003";"Scotland Regional Hub";"PH008";"Lakeside Pharmacy";"2025-03-30";10;"2025-04-09";10;10;42.03;143.92;564.22;"Delivered";"7183";"2027-02-17";"Cold Chain";"SE1 9RT";"Unknown_notes"
"T100314";"OR-14131";"PN008";"Flu Vaccine";"S001";"NHS Supply Chain";"D001";"Central Hub London";"PH008";"Lakeside Pharmacy";"2023-05-28";4;"2023-06-01";50;50;58.32;76.03;2992.03;"Cancelled";"B1173";"2024-09-26";"Room Temp";"Unknown_post";"Short Shipment"
"T100316";"OR-89325";"PN008";"Flu Vaccine";"S005";"GlobalMeds";"D001";"Central Hub London";"PH005";"County General Pharmacy";"2024-08-22";5;"2024-08-27";200;200;36.73;232.72;7578.72;"Partial";"Unknown_batch";"2025-08-24";"Refrigerated";"B1 1AA";"Unknown_notes"
"T100317";"OR-17863";"PN008";"Flu Vaccine";"S005";"GlobalMeds";"D005";"East England Depot";"PH002";"Royal Infirmary Pharmacy";"2024-03-04";5;"2024-09-03";200;200;2.3;58.96;518.96;"Returned";"B2094";"2026-07-04";"Refrigerated";"B1 1AA";"Call before delivery"
"T100319";"OR-54880";"PN003";"Insulin Glargine 100IU/ml";"S004";"HealQuick";"D002";"North West Depot";"PH004";"Community Health Pharmacy";"2024-09-05";14;"2024-09-21";20;20;48.94;250.9;1229.7;"Partial";"B7325";"2027-02-06";"ambient";"Unknown_post";"Handle with care"
"T100320";"OR-75136";"PN010";"Co-codamol 30/500 Tablet";"S003";"UKPharma Dist";"D002";"North West Depot";"PH006";"Northside Pharmacy";"2023-11-28";4;"2023-12-03";500;500;10.88;206.13;5646.13;"Cancelled";"B8580";"2024-11-19";"ambient";"B1 1AA";"Handle with care"
"T100321";"OR-96546";"PN007";"Omeprazole 20mg Capsule";"S005";"GlobalMeds";"D001";"Central Hub London";"PH005";"County General Pharmacy";"2023-08-05";-1;"2023-05-08";300;300;4.3;178.58;1468.58;"Delivered";"B3013";"2023-12-29";"ambient";"Unknown_post";"Call before delivery"
"T100322";"OR-20747";"PN001";"Amoxicillin 500mg Capsule";"S003";"UKPharma Dist";"D005";"East England Depot";"PH010";"University Hospital Pharmacy";"2024-08-07";4;"2024-08-12";200;148;73.41;28.71;14710.71;"Partial";"B3843";"2025-11-16";"ambient";"Unknown_post";"Temperature Sensitive"
"T100326";"OR-62329";"PN009";"Metformin 500mg Tablet";"S005";"GlobalMeds";"D004";"Wales Depot";"PH009";"Midtown Pharmacy";"2023-12-29";14;"2024-01-14";0;0;45.53;112.09;112.09;"Delivered";"B3411";"2026-02-20";"Room Temp";"M1 2AB";"Please confirm"
"T100327";"OR-86758";"PN008";"Flu Vaccine";"S001";"NHS Supply Chain";"D001";"Central Hub London";"PH005";"County General Pharmacy";"2024-01-19";5;"2024-01-24";300;300;26.76;49.78;8077.78;"Returned";"B1404";"2026-04-23";"Cold Chain";"Unknown_post";"Handle with care"
"T100329";"OR-41784";"PN006";"Warfarin 2mg Tablet";"S003";"UKPharma Dist";"D003";"Scotland Regional Hub";"PH006";"Northside Pharmacy";"2024-06-23";14;"2024-07-08";0;0;72.97;177.51;177.51;"In Transit";"B4587";"2025-08-31";"Refrigerated";"Unknown_post";"Temperature Sensitive"
"T100330";"OR-98963";"PN008";"Flu Vaccine";"S001";"NHS Supply Chain";"D002";"North West Depot";"PH007";"Southcare Pharmacy";"2024-04-29";4;"2024-05-05";200;200;25.54;255.96;5363.96;"Delivered";"B8021";"2025-01-28";"ambient";"SE1 9RT";"Please confirm"
"T100333";"OR-81712";"PN010";"Co-codamol 30/500 Tablet";"S002";"MediSupply Ltd";"D004";"Wales Depot";"PH006";"Northside Pharmacy";"2023-06-01";3;"2023-05-06";0;0;28.29;144.84;144.84;"In Transit";"B9273";"2025-01-01";"Refrigerated";"B1 1AA";"Unknown_notes"
"T100334";"OR-60990";"PN008";"Flu Vaccine";"S001";"NHS Supply Chain";"D004";"Wales Depot";"PH010";"University Hospital Pharmacy";"2024-08-08";14;"2024-08-23";500;435;33.97;287.59;17272.59;"Returned";"B1267";"2026-11-21";"ambient";"Unknown_post";"Handle with care"
"T100335";"OR-97555";"PN006";"Warfarin 2mg Tablet";"S004";"HealQuick";"D004";"Wales Depot";"PH001";"St Thomas Hospital Pharmacy";"2023-04-12";10;"2023-04-23";20;20;52.02;46.67;1087.07;"In Transit";"Unknown_batch";"2024-07-11";"Refrigerated";"SE1 9RT";"Short Shipment"
"T100336";"OR-12244";"PN002";"Paracetamol 500mg Tablet";"S002";"MediSupply Ltd";"D001";"Central Hub London";"PH010";"University Hospital Pharmacy";"2025-04-03";3;"2025-06-04";150;150;58.3;186.32;8931.32;"Delivered";"B4715";"2027-02-18";"Cold Chain";"M1 2AB";"Temperature Sensitive"
"T100337";"OR-28012";"PN006";"Warfarin 2mg Tablet";"S003";"UKPharma Dist";"D001";"Central Hub London";"PH010";"University Hospital Pharmacy";"2024-06-17";7;"2024-06-25";150;54;70.46;208.77;10777.77;"Cancelled";"B7750";"2026-06-10";"ambient";"LS1 1UR";"Handle with care"
"T100340";"OR-17810";"PN004";"Atorvastatin 20mg Tablet";"S001";"NHS Supply Chain";"D002";"North West Depot";"PH004";"Community Health Pharmacy";"2023-10-11";10;"2023-10-21";20;20;73.31;82.52;1548.72;"In Transit";"B6786";"2026-02-18";"Room Temp";"M1 2AB";"Temperature Sensitive"
"T100341";"OR-42020";"PN009";"Metformin 500mg Tablet";"S002";"MediSupply Ltd";"D001";"Central Hub London";"PH008";"Lakeside Pharmacy";"2025-03-15";5;"2025-03-22";200;200;58.69;295.95;12033.95;"In Transit";"B7075";"2027-08-18";"Refrigerated";"Unknown_post";"Unknown_notes"
"T100342";"OR-27956";"PN009";"Metformin 500mg Tablet";"S002";"MediSupply Ltd";"D001";"Central Hub London";"PH003";"City Clinic Pharmacy";"2023-01-21";14;"2023-02-04";100;100;15.36;180.47;1716.47;"Partial";"B5012";"2024-06-28";"Refrigerated";"B1 1AA";"Call before delivery"
"T100343";"OR-23119";"PN001";"Amoxicillin 500mg Capsule";"S001";"NHS Supply Chain";"D005";"East England Depot";"PH008";"Lakeside Pharmacy";"2025-01-05";3;"2025-01-09";10;10;7.46;28.05;102.65;"In Transit";"Unknown_batch";"2027-06-09";"ambient";"Unknown_post";"Please confirm"
"T100344";"OR-21118";"PN010";"Co-codamol 30/500 Tablet";"S003";"UKPharma Dist";"D005";"East England Depot";"PH003";"City Clinic Pharmacy";"2023-01-28";7;"2023-02-04";20;20;49.79;35.36;1031.16;"Cancelled";"B8074";"2023-09-29";"Cold Chain";"B1 1AA";"Call before delivery"
"T100345";"OR-27723";"PN004";"Atorvastatin 20mg Tablet";"S002";"MediSupply Ltd";"D005";"East England Depot";"PH009";"Midtown Pharmacy";"2024-08-28";5;"2024-09-02";250;250;58.0;121.74;14621.74;"Delivered";"B2889";"2025-07-03";"ambient";"SE1 9RT";"Call before delivery"
"T100349";"OR-15546";"PN003";"Insulin Glargine 100IU/ml";"S002";"MediSupply Ltd";"D002";"North West Depot";"PH009";"Midtown Pharmacy";"2024-10-25";3;"2024-10-30";300;300;12.32;215.1;3911.1;"Returned";"B2705";"2026-01-05";"Refrigerated";"Unknown_post";"Handle with care"
"T100351";"OR-64397";"PN003";"Insulin Glargine 100IU/ml";"S004";"HealQuick";"D001";"Central Hub London";"PH009";"Midtown Pharmacy";"2023-02-19";3;"2023-02-22";150;51;6.75;149.0;1161.5;"Delivered";"B9203";"2025-03-05";"Unknown_temp";"Unknown_post";"Unknown_notes"
"T100356";"OR-81991";"PN004";"Atorvastatin 20mg Tablet";"S004";"HealQuick";"D001";"Central Hub London";"PH007";"Southcare Pharmacy";"2024-09-29";5;"2024-10-06";20;20;39.24;180.72;965.52;"Returned";"B1286";"2026-01-13";"Cold Chain";"SE1 9RT";"Short Shipment"
"T100357";"OR-88694";"PN003";"Insulin Glargine 100IU/ml";"S002";"MediSupply Ltd";"D005";"East England Depot";"PH007";"Southcare Pharmacy";"2024-09-08";10;"2024-08-19";20;20;69.33;233.17;1619.77;"Returned";"B6091";"2025-11-10";"Refrigerated";"B1 1AA";"Unknown_notes"
"T100358";"OR-63955";"PN007";"Omeprazole 20mg Capsule";"S004";"HealQuick";"D002";"North West Depot";"PH010";"University Hospital Pharmacy";"2023-12-09";2;"2023-12-12";150;150;15.09;123.34;2386.84;"In Transit";"5425";"2025-10-26";"ambient";"SE1 9RT";"Please confirm"
"T100360";"OR-87200";"PN009";"Metformin 500mg Tablet";"S005";"GlobalMeds";"D001";"Central Hub London";"PH004";"Community Health Pharmacy";"2023-12-08";10;"2023-08-22";150;118;32.62;135.52;5028.52;"Partial";"B2774";"2025-05-27";"ambient";"B1 1AA";"Call before delivery"
"T100361";"OR-96364";"PN003";"Insulin Glargine 100IU/ml";"S004";"HealQuick";"D004";"Wales Depot";"PH010";"University Hospital Pharmacy";"2024-03-24";14;"2024-07-04";150;150;55.54;163.38;8494.38;"Delivered";"B2000";"2026-02-10";"Refrigerated";"Unknown_post";"Unknown_notes"
"T100363";"OR-75172";"PN010";"Co-codamol 30/500 Tablet";"S002";"MediSupply Ltd";"D005";"East England Depot";"PH009";"Midtown Pharmacy";"2024-07-20";4;"2024-07-26";250;250;33.84;291.63;8751.63;"Partial";"B2277";"2025-03-22";"Cold Chain";"Unknown_post";"Short Shipment"
"T100364";"OR-93092";"PN003";"Insulin Glargine 100IU/ml";"S002";"MediSupply Ltd";"D005";"East England Depot";"PH006";"Northside Pharmacy";"2024-11-28";10;"2024-08-12";0;0;54.71;11.49;11.49;"Returned";"B6613";"2026-02-25";"Cold Chain";"LS1 1UR";"Short Shipment"
"T100366";"OR-24300";"PN005";"Salbutamol Inhaler";"S005";"GlobalMeds";"D005";"East England Depot";"PH010";"University Hospital Pharmacy";"2023-03-18";7;"2023-03-26";10;10;34.3;32.17;375.17;"In Transit";"B8796";"2025-03-04";"Cold Chain";"SE1 9RT";"Please confirm"
"T100367";"OR-87112";"PN002";"Paracetamol 500mg Tablet";"S005";"GlobalMeds";"D005";"East England Depot";"PH009";"Midtown Pharmacy";"2024-04-29";10;"2024-05-09";300;300;10.7;242.82;3462.82;"Returned";"B8369";"2025-08-08";"Room Temp";"M1 2AB";"Call before delivery"
"T100370";"OR-83988";"PN009";"Metformin 500mg Tablet";"S004";"HealQuick";"D004";"Wales Depot";"PH003";"City Clinic Pharmacy";"2025-03-16";5;"2025-03-22";200;200;7.22;222.57;1666.57;"In Transit";"B7430";"2026-03-17";"ambient";"SE1 9RT";"Temperature Sensitive"
"T100373";"OR-95688";"PN008";"Flu Vaccine";"S003";"UKPharma Dist";"D002";"North West Depot";"PH009";"Midtown Pharmacy";"2024-02-08";14;"2024-02-22";50;50;43.25;250.56;2413.06;"Returned";"2533";"2025-01-05";"Refrigerated";"Unknown_post";"Unknown_notes"
"T100374";"OR-35945";"PN009";"Metformin 500mg Tablet";"S001";"NHS Supply Chain";"D001";"Central Hub London";"PH004";"Community Health Pharmacy";"2024-12-04";7;"2024-11-12";50;50;31.05;34.55;1587.05;"Delivered";"B7597";"2025-12-04";"ambient";"B1 1AA";"Short Shipment"
"T100377";"OR-62250";"PN001";"Amoxicillin 500mg Capsule";"S002";"MEDISUPPLY LTD ";"D003";"Scotland Regional Hub";"PH007";"Southcare Pharmacy";"2024-05-23";10;"2024-06-03";150;150;36.23;75.33;5509.83;"Returned";"Unknown_batch";"2025-03-20";"Refrigerated";"SE1 9RT";"Temperature Sensitive"
"T100378";"OR-66293";"PN002";"Paracetamol 500mg Tablet";"S001";"NHS Supply Chain";"D003";"Scotland Regional Hub";"PH008";"Lakeside Pharmacy";"2023-04-20";14;"2023-05-04";200;200;6.44;261.07;1549.07;"Cancelled";"B4268";"2024-04-13";"Unknown_temp";"LS1 1UR";"Short Shipment"
"T100381";"OR-86639";"PN009";"Metformin 500mg Tablet";"S001";"NHS Supply Chain";"D001";"Central Hub London";"PH002";"Royal Infirmary Pharmacy";"2024-12-29";5;"2025-01-03";300;300;31.1;197.78;9527.78;"Cancelled";"Unknown_batch";"2027-01-06";"Room Temp";"Unknown_post";"Short Shipment"
"T100382";"OR-88077";"PN003";"Insulin Glargine 100IU/ml";"S001";"NHS Supply Chain";"D005";"East England Depot";"PH005";"County General Pharmacy";"2024-11-08";14;"2024-11-24";20;20;38.73;132.11;906.71;"Delivered";"B2011";"2026-01-27";"Cold Chain";"Unknown_post";"Please confirm"
"T100383";"OR-65264";"PN002";"Paracetamol 500mg Tablet";"S005";"GlobalMeds";"D004";"Wales Depot";"PH009";"Midtown Pharmacy";"2024-05-31";14;"2024-06-16";500;500;59.36;13.21;29693.21;"In Transit";"B4672";"2025-12-18";"Refrigerated";"Unknown_post";"Handle with care"
"T100384";"OR-21689";"PN005";"Salbutamol Inhaler";"S003";"UKPharma Dist";"D003";"Scotland Regional Hub";"PH008";"Lakeside Pharmacy";"2024-06-07";-3;"2024-06-06";50;50;37.94;66.6;1963.6;"Returned";"B1673";"2025-04-23";"Cold Chain";"Unknown_post";"Temperature Sensitive"
"T100386";"OR-21835";"PN008";"Flu Vaccine";"S005";"GlobalMeds";"D005";"East England Depot";"PH010";"University Hospital Pharmacy";"2025-02-10";7;"2025-02-17";20;20;74.65;186.76;1679.76;"Cancelled";"B9821";"2026-04-20";"Cold Chain";"Unknown_post";"Temperature Sensitive"
"T100387";"OR-42796";"PN010";"Co-codamol 30/500 Tablet";"S001";"NHS Supply Chain";"D005";"East England Depot";"PH003";"City Clinic Pharmacy";"2023-01-03";3;"2023-03-04";200;200;57.96;94.32;11686.32;"In Transit";"B5258";"2025-05-02";"Refrigerated";"Unknown_post";"Please confirm"
"T100394";"OR-51854";"PN009";"Metformin 500mg Tablet";"S005";"GlobalMeds";"D005";"East England Depot";"PH001";"St Thomas Hospital Pharmacy";"2024-12-29";3;"2025-01-01";0;0;9.04;189.41;189.41;"Partial";"2993";"2025-09-20";"ambient";"SE1 9RT";"Please confirm"
"T100395";"OR-21343";"PN002";"Paracetamol 500mg Tablet";"S003";"UKPharma Dist";"D005";"East England Depot";"PH003";"City Clinic Pharmacy";"2023-07-19";14;"2023-08-02";0;0;61.39;222.66;222.66;"Cancelled";"Unknown_batch";"2025-12-20";"ambient";"Unknown_post";"Call before delivery"
"T100396";"OR-20162";"PN004";"Atorvastatin 20mg Tablet";"S003";"UKPharma Dist";"D005";"East England Depot";"PH005";"County General Pharmacy";"2025-03-01";7;"2025-08-03";300;300;12.37;158.39;3869.39;"Returned";"B2938";"2027-07-27";"Refrigerated";"M1 2AB";"Temperature Sensitive"
"T100397";"OR-67113";"PN007";"Omeprazole 20mg Capsule";"S001";"NHS Supply Chain";"D003";"Scotland Regional Hub";"PH008";"Lakeside Pharmacy";"2025-05-19";14;"2025-03-06";500;500;25.5;138.17;12888.17;"In Transit";"B7309";"2026-01-30";"Refrigerated";"Unknown_post";"Call before delivery"
"T100398";"OR-46699";"PN003";"Insulin Glargine 100IU/ml";"S005";"GlobalMeds";"D003";"Scotland Regional Hub";"PH006";"Northside Pharmacy";"2023-09-30";7;"2023-10-09";300;300;27.85;5.42;8360.42;"Partial";"B6606";"2024-05-21";"Refrigerated";"LS1 1UR";"Short Shipment"
"T100399";"OR-95674";"PN009";"Metformin 500mg Tablet";"S002";"MediSupply Ltd";"D001";"Central Hub London";"PH007";"Southcare Pharmacy";"2024-07-09";2;"2024-11-07";0;0;61.31;24.26;24.26;"In Transit";"B8218";"2026-08-11";"Refrigerated";"LS1 1UR";"Unknown_notes"
"T100404";"OR-38548";"PN001";"Amoxicillin 500mg Capsule";"S003";"UKPharma Dist";"D005";"East England Depot";"PH002";"Royal Infirmary Pharmacy";"2023-08-15";7;"2023-08-23";500;272;36.77;5.77;18390.77;"Returned";"Unknown_batch";"2025-08-23";"Cold Chain";"Unknown_post";"Short Shipment"
"T100406";"OR-21905";"PN007";"Omeprazole 20mg Capsule";"S001";"NHS Supply Chain";"D002";"North West Depot";"PH003";"City Clinic Pharmacy";"2024-09-23";10;"2024-05-10";300;196;44.72;13.93;13429.93;"In Transit";"B3317";"2026-03-19";"ambient";"LS1 1UR";"Please confirm"
"T100408";"OR-92221";"PN010";"Co-codamol 30/500 Tablet";"S002";"MediSupply Ltd";"D003";"Scotland Regional Hub";"PH001";"St Thomas Hospital Pharmacy";"2024-11-04";3;"2024-11-07";50;50;17.53;75.59;952.09;"Cancelled";"B3157";"2026-10-22";"Cold Chain";"M1 2AB";"Call before delivery"
"T100409";"OR-99887";"PN003";"Insulin Glargine 100IU/ml";"S002";"MediSupply Ltd";"D004";"Wales Depot";"PH008";"Lakeside Pharmacy";"2024-01-03";2;"2024-01-05";200;200;51.32;237.91;10501.91;"Partial";"B7518";"2024-10-07";"Room Temp";"Unknown_post";"Short Shipment"
"T100410";"OR-43388";"PN002";"Paracetamol 500mg Tablet";"S002";"MediSupply Ltd";"D002";"North West Depot";"PH002";"Royal Infirmary Pharmacy";"2025-03-15";14;"2025-03-30";20;20;36.77;167.15;902.55;"Partial";"B1664";"2027-08-29";"Refrigerated";"LS1 1UR";"Short Shipment"
"T100411";"OR-63420";"PN001";"Amoxicillin 500mg Capsule";"S003";"UKPharma Dist";"D002";"North West Depot";"PH010";"University Hospital Pharmacy";"2024-03-02";10;"2024-03-12";200;200;16.62;248.62;3572.62;"Cancelled";"B3478";"2026-02-07";"Refrigerated";"LS1 1UR";"Call before delivery"
"T100412";"OR-53361";"PN004";"Atorvastatin 20mg Tablet";"S005";"GlobalMeds";"D002";"North West Depot";"PH004";"Community Health Pharmacy";"2024-07-27";3;"2024-07-31";0;0;71.23;206.86;206.86;"Cancelled";"B9667";"2025-02-20";"ambient";"LS1 1UR";"Call before delivery"
"T100414";"OR-51724";"PN004";"Atorvastatin 20mg Tablet";"S003";"UKPharma Dist";"D003";"Scotland Regional Hub";"PH001";"St Thomas Hospital Pharmacy";"2024-11-14";7;"2024-11-21";150;150;31.24;31.27;4717.27;"Delivered";"B2998";"2026-11-07";"Room Temp";"SE1 9RT";"Unknown_notes"
"T100415";"OR-73418";"PN006";"Warfarin 2mg Tablet";"S002";"MediSupply Ltd";"D004";"Wales Depot";"PH005";"County General Pharmacy";"2023-01-10";5;"2023-10-06";20;20;30.32;140.41;746.81;"Delivered";"B6850";"2025-06-21";"Refrigerated";"M1 2AB";"Unknown_notes"
"T100416";"OR-29445";"PN003";"Insulin Glargine 100IU/ml";"S004";"HealQuick";"D001";"Central Hub London";"PH007";"Southcare Pharmacy";"2023-01-28";7;"2023-04-02";10;10;28.67;155.43;442.13;"Delivered";"B4055";"2025-05-03";"ambient";"M1 2AB";"Call before delivery"
"T100417";"OR-21749";"PN008";"Flu Vaccine";"S005";"GLOBALMEDS";"D003";"Scotland Regional Hub";"PH008";"Lakeside Pharmacy";"2024-12-08";3;"2024-12-11";10;10;29.49;229.35;524.25;"In Transit";"2616";"2025-10-11";"ambient";"Unknown_post";"Call before delivery"
"T100418";"OR-42065";"PN008";"Flu Vaccine";"S003";"UKPharma Dist";"D004";"Wales Depot";"PH008";"Lakeside Pharmacy";"2023-07-25";4;"2023-07-29";20;20;22.26;297.12;742.32;"In Transit";"B6795";"2025-02-10";"ambient";"Unknown_post";"Call before delivery"
"T100422";"OR-58622";"PN005";"Salbutamol Inhaler";"S004";"HealQuick";"D003";"Scotland Regional Hub";"PH005";"County General Pharmacy";"2024-11-07";4;"2024-07-16";50;40;2.96;209.71;457.71;"Partial";"B7989";"2026-04-27";"ambient";"M1 2AB";"Please confirm"
"T100423";"OR-63728";"PN001";"Amoxicillin 500mg Capsule";"S002";"MediSupply Ltd";"D004";"Wales Depot";"PH005";"County General Pharmacy";"2023-08-29";7;"2023-09-06";200;200;65.66;66.42;13198.42;"Cancelled";"B7480";"2025-11-03";"Room Temp";"M1 2AB";"Please confirm"
"T100424";"OR-60004";"PN009";"Metformin 500mg Tablet";"S002";"MediSupply Ltd";"D003";"Scotland Regional Hub";"PH009";"Midtown Pharmacy";"2024-03-06";5;"2024-03-12";0;0;13.41;143.68;143.68;"Cancelled";"B7763";"2025-12-29";"Refrigerated";"SE1 9RT";"Handle with care"
"T100425";"OR-34060";"PN003";"Insulin Glargine 100IU/ml";"S001";"NHS Supply Chain";"D003";"Scotland Regional Hub";"PH002";"Royal Infirmary Pharmacy";"2023-05-20";14;"2023-04-06";150;150;41.88;276.81;6558.81;"Cancelled";"B5888";"2025-10-28";"Room Temp";"B1 1AA";"Unknown_notes"
"T100427";"OR-51312";"PN009";"Metformin 500mg Tablet";"S002";"MediSupply Ltd";"D003";"Scotland Regional Hub";"PH007";"Southcare Pharmacy";"2024-02-05";14;"2024-02-19";20;20;30.39;263.34;871.14;"Cancelled";"B8224";"2026-07-12";"Refrigerated";"SE1 9RT";"Temperature Sensitive"
"T100428";"OR-52089";"PN001";"Amoxicillin 500mg Capsule";"S001";"NHS Supply Chain";"D002";"North West Depot";"PH010";"University Hospital Pharmacy";"2024-07-23";3;"2024-07-26";250;250;74.96;215.31;18955.31;"In Transit";"B7116";"2026-03-18";"ambient";"LS1 1UR";"Temperature Sensitive"
"T100429";"OR-82456";"PN007";"Omeprazole 20mg Capsule";"S002";"MediSupply Ltd";"D003";"Scotland Regional Hub";"PH009";"Midtown Pharmacy";"2023-08-21";5;"2023-08-26";150;150;29.2;76.42;4456.42;"In Transit";"B4074";"2024-05-05";"Room Temp";"SE1 9RT";"Short Shipment"
"T100430";"OR-80723";"PN010";"Co-codamol 30/500 Tablet";"S001";"NHS Supply Chain";"D004";"Wales Depot";"PH005";"County General Pharmacy";"2024-12-11";3;"2024-12-15";10;10;29.39;136.32;430.22;"Cancelled";"B2851";"2026-06-29";"Refrigerated";"Unknown_post";"Call before delivery"
"T100432";"OR-39233";"PN010";"Co-codamol 30/500 Tablet";"S003";"UKPharma Dist";"D005";"East England Depot";"PH003";"City Clinic Pharmacy";"2023-01-29";3;"2023-02-01";20;20;17.83;243.71;600.31;"Returned";"B3947";"2024-08-17";"ambient";"SE1 9RT";"Unknown_notes"
"T100433";"OR-75251";"PN001";"Amoxicillin 500mg Capsule";"S002";"MediSupply Ltd";"D001";"Central Hub London";"PH003";"City Clinic Pharmacy";"2025-05-20";14;"2025-06-04";300;300;30.41;174.85;9297.85;"Returned";"Unknown_batch";"2026-09-28";"Refrigerated";"SE1 9RT";"Short Shipment"
"T100434";"OR-36104";"PN009";"Metformin 500mg Tablet";"S004";"HealQuick";"D004";"Wales Depot";"PH005";"County General Pharmacy";"2025-03-04";10;"2025-03-14";200;142;3.89;65.09;843.09;"Partial";"B2833";"2027-05-22";"Refrigerated";"Unknown_post";"Unknown_notes"
"T100435";"OR-39771";"PN009";"Metformin 500mg Tablet";"S004";"HealQuick ";"D002";"North West Depot";"PH001";"St Thomas Hospital Pharmacy";"2023-03-05";3;"2023-03-08";0;0;66.53;0.57;0.57;"Partial";"B3800";"2025-04-01";"Refrigerated";"Unknown_post";"Temperature Sensitive"
"T100437";"OR-50376";"PN008";"Flu Vaccine";"S003";"UKPharma Dist";"D005";"East England Depot";"PH009";"Midtown Pharmacy";"2023-04-13";2;"2023-04-17";300;300;40.23;104.98;12173.98;"Delivered";"B3468";"2024-10-29";"Refrigerated";"B1 1AA";"Unknown_notes"
"T100440";"OR-75883";"PN001";"Amoxicillin 500mg Capsule";"S005";"GlobalMeds";"D004";"Wales Depot";"PH005";"County General Pharmacy";"2025-05-03";5;"2025-05-08";0;0;57.1;260.83;260.83;"Delivered";"B6856";"2026-02-06";"Room Temp";"Unknown_post";"Handle with care"
"T100443";"OR-36140";"PN009";"Metformin 500mg Tablet";"S002";"MediSupply Ltd";"D002";"North West Depot";"PH006";"Northside Pharmacy";"2023-05-24";2;"2023-05-27";150;150;45.15;80.77;6853.27;"In Transit";"B3312";"2025-05-14";"ambient";"LS1 1UR";"Call before delivery"
"T100448";"OR-79590";"PN006";"Warfarin 2mg Tablet";"S004";"HEALQUICK";"D003";"Scotland Regional Hub";"PH004";"Community Health Pharmacy";"2023-05-10";10;"2023-05-20";300;300;65.03;127.98;19636.98;"Cancelled";"B2655";"2024-03-10";"Refrigerated";"M1 2AB";"Temperature Sensitive"
"T100449";"OR-30762";"PN007";"Omeprazole 20mg Capsule";"S002";"MediSupply Ltd";"D005";"East England Depot";"PH007";"Southcare Pharmacy";"2024-08-04";3;"2024-07-08";200;200;6.9;112.67;1492.67;"Cancelled";"B2895";"2025-11-24";"Refrigerated";"B1 1AA";"Temperature Sensitive"
"T100451";"OR-23848";"PN005";"Salbutamol Inhaler";"S005";"GlobalMeds";"D003";"Scotland Regional Hub";"PH004";"Community Health Pharmacy";"2023-01-23";14;"2023-07-02";0;0;70.42;261.35;261.35;"In Transit";"B6384";"2024-10-28";"Refrigerated";"B1 1AA";"Short Shipment"
"T100452";"OR-21140";"PN005";"Salbutamol Inhaler";"S003";"UKPharma Dist";"D005";"East England Depot";"PH002";"Royal Infirmary Pharmacy";"2024-03-06";5;"2024-06-08";250;250;45.58;285.45;11680.45;"Partial";"B4052";"2026-01-09";"Refrigerated";"SE1 9RT";"Please confirm"
"T100453";"OR-94631";"PN006";"Warfarin 2mg Tablet";"S003";"UKPharma Dist";"D004";"Wales Depot";"PH010";"University Hospital Pharmacy";"2025-05-08";3;"2025-11-05";500;500;11.26;139.68;5769.68;"Partial";"B7386";"2027-06-15";"Room Temp";"LS1 1UR";"Please confirm"
"T100454";"OR-70475";"PN003";"Insulin Glargine 100IU/ml";"S001";"NHS Supply Chain ";"D005";"East England Depot";"PH007";"Southcare Pharmacy";"2023-12-04";-3;"2023-04-09";0;0;60.29;108.12;108.12;"Delivered";"Unknown_batch";"2025-01-27";"Refrigerated";"LS1 1UR";"Short Shipment"
"T100455";"OR-94927";"PN008";"Flu Vaccine";"S004";"HealQuick";"D002";"North West Depot";"PH009";"Midtown Pharmacy";"2025-12-04";10;"2025-04-24";100;100;59.53;50.16;6003.16;"Partial";"B8451";"2026-06-16";"Refrigerated";"M1 2AB";"Please confirm"
"T100456";"OR-86210";"PN003";"Insulin Glargine 100IU/ml";"S001";"NHS Supply Chain";"D001";"Central Hub London";"PH010";"University Hospital Pharmacy";"2023-10-06";5;"2023-10-11";20;20;10.23;180.8;385.4;"In Transit";"B6651";"2025-04-05";"Refrigerated";"B1 1AA";"Unknown_notes"
"T100457";"OR-91962";"PN002";"Paracetamol 500mg Tablet";"S003";"UKPharma Dist";"D004";"Wales Depot";"PH005";"County General Pharmacy";"2024-05-05";7;"2024-05-14";300;300;17.69;26.57;5333.57;"Partial";"B3140";"2025-09-04";"Refrigerated";"Unknown_post";"Please confirm"
"T100458";"OR-21794";"PN004";"Atorvastatin 20mg Tablet";"S003";"UKPharma Dist";"D001";"Central Hub London";"PH009";"Midtown Pharmacy";"2023-06-11";7;"2023-06-18";20;20;65.03;263.59;1538.69;"Delivered";"B7175";"2024-10-01";"Cold Chain";"Unknown_post";"Short Shipment"
"T100461";"OR-62111";"PN003";"Insulin Glargine 100IU/ml";"S003";"UKPharma Dist";"D004";"Wales Depot";"PH003";"City Clinic Pharmacy";"2023-02-04";2;"2023-02-06";50;50;34.36;26.16;1744.16;"Returned";"B6439";"2023-11-29";"ambient";"Unknown_post";"Unknown_notes"
"T100463";"OR-71221";"PN002";"Paracetamol 500mg Tablet";"S002";"MediSupply Ltd";"D002";"North West Depot";"PH005";"County General Pharmacy";"2023-08-29";5;"2023-09-03";20;20;0.78;242.77;258.37;"Partial";"B3130";"2024-05-13";"Cold Chain";"LS1 1UR";"Handle with care"
"T100465";"OR-90124";"PN004";"Atorvastatin 20mg Tablet";"S002";"MediSupply Ltd ";"D002";"North West Depot";"PH005";"County General Pharmacy";"2023-08-19";14;"2023-02-09";500;500;65.03;254.02;32769.02;"In Transit";"Unknown_batch";"2025-02-28";"ambient";"Unknown_post";"Unknown_notes"
"T100467";"OR-60357";"PN005";"Salbutamol Inhaler";"S004";"HealQuick";"D003";"Scotland Regional Hub";"PH001";"St Thomas Hospital Pharmacy";"2024-10-05";5;"2024-10-10";20;20;0.76;228.14;243.34;"Partial";"B1450";"2026-09-09";"Cold Chain";"B1 1AA";"Short Shipment"
"T100468";"OR-99474";"PN008";"Flu Vaccine";"S002";"MediSupply Ltd ";"D005";"East England Depot";"PH002";"Royal Infirmary Pharmacy";"2023-01-08";-3;"2023-01-06";300;300;14.96;118.58;4606.58;"Delivered";"B1623";"2024-08-03";"Refrigerated";"LS1 1UR";"Unknown_notes"
"T100469";"OR-19777";"PN007";"Omeprazole 20mg Capsule";"S003";"UKPharma Dist";"D002";"North West Depot";"PH002";"Royal Infirmary Pharmacy";"2023-11-26";14;"2023-12-10";0;0;48.83;46.96;46.96;"Delivered";"B4639";"2025-03-15";"Refrigerated";"SE1 9RT";"Call before delivery"
"T100472";"OR-16831";"PN002";"Paracetamol 500mg Tablet";"S004";"HealQuick";"D002";"North West Depot";"PH010";"University Hospital Pharmacy";"2023-06-26";14;"2023-07-10";100;100;33.68;43.15;3411.15;"In Transit";"B4411";"2025-02-05";"Room Temp";"B1 1AA";"Call before delivery"
"T100474";"OR-84532";"PN009";"Metformin 500mg Tablet";"S004";"HealQuick";"D002";"North West Depot";"PH003";"City Clinic Pharmacy";"2023-03-03";10;"2023-03-13";250;250;4.76;162.96;1352.96;"Returned";"B4812";"2024-02-25";"Unknown_temp";"Unknown_post";"Unknown_notes"
"T100475";"OR-62127";"PN001";"Amoxicillin 500mg Capsule";"S004";"HealQuick";"D001";"Central Hub London";"PH007";"Southcare Pharmacy";"2024-07-13";5;"2024-07-18";50;50;70.63;55.42;3586.92;"Cancelled";"B4667";"2026-04-05";"Refrigerated";"Unknown_post";"Please confirm"
"T100476";"OR-76278";"PN006";"Warfarin 2mg Tablet";"S005";"GlobalMeds";"D001";"Central Hub London";"PH010";"University Hospital Pharmacy";"2023-08-13";5;"2023-08-20";500;442;42.46;129.13;21359.13;"Cancelled";"B8432";"2025-08-28";"Room Temp";"M1 2AB";"Handle with care"
"T100480";"OR-10973";"PN009";"Metformin 500mg Tablet";"S001";"NHS Supply Chain";"D001";"Central Hub London";"PH006";"Northside Pharmacy";"2024-12-08";-1;"2024-07-12";50;50;44.55;181.64;2409.14;"Cancelled";"B3512";"2026-11-01";"Refrigerated";"Unknown_post";"Unknown_notes"
"T100482";"OR-54917";"PN006";"Warfarin 2mg Tablet";"S002";"MediSupply Ltd";"D001";"Central Hub London";"PH002";"Royal Infirmary Pharmacy";"2024-06-30";14;"2024-07-14";300;300;1.45;48.76;483.76;"Returned";"B1187";"2026-09-08";"Cold Chain";"Unknown_post";"Temperature Sensitive"
"T100483";"OR-78907";"PN001";"Amoxicillin 500mg Capsule";"S001";"NHS Supply Chain";"D001";"Central Hub London";"PH001";"St Thomas Hospital Pharmacy";"2025-01-04";2;"2025-01-06";20;13;28.98;14.03;593.63;"In Transit";"B1610";"2026-04-16";"ambient";"SE1 9RT";"Please confirm"
"T100485";"OR-77596";"PN007";"Omeprazole 20mg Capsule";"S001";"NHS Supply Chain";"D001";"Central Hub London";"PH008";"Lakeside Pharmacy";"2024-09-26";3;"2024-09-29";100;100;26.23;150.29;2773.29;"Returned";"B1176";"2026-01-19";"ambient";"B1 1AA";"Handle with care"
"T100486";"OR-60816";"PN005";"Salbutamol Inhaler";"S005";"GlobalMeds";"D003";"Scotland Regional Hub";"PH006";"Northside Pharmacy";"2024-05-08";5;"2024-05-13";50;29;48.74;66.64;2503.64;"Cancelled";"B8488";"2025-11-23";"Refrigerated";"M1 2AB";"Temperature Sensitive"
"T100489";"OR-10796";"PN010";"Co-codamol 30/500 Tablet";"S001";"NHS Supply Chain";"D004";"Wales Depot";"PH002";"Royal Infirmary Pharmacy";"2024-12-07";5;"2024-07-17";20;8;60.81;152.69;1368.89;"Returned";"B3617";"2026-08-06";"ambient";"B1 1AA";"Unknown_notes"
"T100490";"OR-42159";"PN005";"Salbutamol Inhaler";"S002";"MediSupply Ltd ";"D005";"East England Depot";"PH009";"Midtown Pharmacy";"2024-12-04";2;"2024-07-12";0;0;34.0;19.05;19.05;"In Transit";"Unknown_batch";"2026-02-21";"Room Temp";"M1 2AB";"Call before delivery"
"T100491";"OR-68493";"PN003";"Insulin Glargine 100IU/ml";"S001";"NHS Supply Chain";"D004";"Wales Depot";"PH008";"Lakeside Pharmacy";"2024-05-29";5;"2024-06-03";300;158;63.89;216.81;19383.81;"Returned";"Unknown_batch";"2024-11-26";"Refrigerated";"LS1 1UR";"Please confirm"
"T100492";"OR-27494";"PN004";"Atorvastatin 20mg Tablet";"S001";"NHS Supply Chain";"D005";"East England Depot";"PH003";"City Clinic Pharmacy";"2024-07-09";10;"2024-09-18";1603;1603;72.46;194.05;116347.43;"Partial";"B7930";"2027-02-05";"Cold Chain";"B1 1AA";"Please confirm"
"T100494";"OR-89209";"PN007";"Omeprazole 20mg Capsule";"S003";"UKPharma Dist";"D003";"Scotland Regional Hub";"PH001";"St Thomas Hospital Pharmacy";"2023-12-27";14;"2024-01-10";100;100;20.76;44.06;2120.06;"Partial";"B5075";"2025-04-03";"Cold Chain";"B1 1AA";"Unknown_notes"
"T100495";"OR-74937";"PN009";"Metformin 500mg Tablet";"S005";"GlobalMeds";"D002";"North West Depot";"PH003";"City Clinic Pharmacy";"2025-02-05";3;"2025-08-02";0;0;42.91;103.43;103.43;"Returned";"B3528";"2027-04-13";"Refrigerated";"M1 2AB";"Temperature Sensitive"
"T100497";"OR-90699";"PN009";"Metformin 500mg Tablet";"S004";"HealQuick";"D004";"Wales Depot";"PH005";"County General Pharmacy";"2023-06-13";2;"2023-06-15";150;150;32.39;282.98;5141.48;"In Transit";"B9932";"2024-01-13";"Cold Chain";"SE1 9RT";"Call before delivery"
"T100498";"OR-15284";"PN002";"Paracetamol 500mg Tablet";"S004";"HealQuick";"D003";"Scotland Regional Hub";"PH001";"St Thomas Hospital Pharmacy";"2023-11-14";4;"2023-11-18";250;149;37.44;297.17;9657.17;"Delivered";"B3938";"2024-10-09";"ambient";"Unknown_post";"Short Shipment"
"T100499";"OR-89300";"PN003";"Insulin Glargine 100IU/ml";"S004";"HealQuick";"D003";"Scotland Regional Hub";"PH008";"Lakeside Pharmacy";"2024-03-17";7;"2024-03-24";0;0;45.82;293.24;293.24;"Cancelled";"Unknown_batch";"2026-08-25";"Room Temp";"Unknown_post";"Temperature Sensitive"
"T100501";"OR-25398";"PN006";"Warfarin 2mg Tablet";"S003";"UKPharma Dist";"D001";"Central Hub London";"PH008";"Lakeside Pharmacy";"2024-06-30";5;"2024-07-06";200;200;54.2;56.96;10896.96;"Delivered";"B9310";"2026-03-14";"ambient";"Unknown_post";"Short Shipment"
"T100502";"OR-28033";"PN010";"Co-codamol 30/500 Tablet";"S003";"UKPharma Dist";"D002";"North West Depot";"PH003";"City Clinic Pharmacy";"2025-10-04";2;"2025-04-13";200;200;2.91;201.67;758.17;"Returned";"B1114";"2026-07-13";"ambient";"Unknown_post";"Short Shipment"
"T100503";"OR-58623";"PN004";"Atorvastatin 20mg Tablet";"S001";"NHS Supply Chain";"D002";"North West Depot";"PH010";"University Hospital Pharmacy";"2023-06-10";5;"2023-10-11";1950;1950;29.14;38.92;56861.92;"Partial";"Unknown_batch";"2025-05-05";"ambient";"SE1 9RT";"Temperature Sensitive"
"T100504";"OR-45829";"PN009";"Metformin 500mg Tablet";"S003";"UKPharma Dist";"D005";"East England Depot";"PH002";"Royal Infirmary Pharmacy";"2023-01-12";7;"2023-01-19";0;0;34.78;179.24;179.24;"In Transit";"B1682";"2025-01-07";"Refrigerated";"M1 2AB";"Handle with care"
"T100505";"OR-68673";"PN010";"Co-codamol 30/500 Tablet";"S005";"GlobalMeds";"D003";"Scotland Regional Hub";"PH006";"Northside Pharmacy";"2023-08-19";-3;"2023-08-18";100;100;30.76;205.75;3281.75;"Partial";"Unknown_batch";"2026-01-31";"Room Temp";"LS1 1UR";"Please confirm"
"T100507";"OR-41705";"PN006";"Warfarin 2mg Tablet";"S001";"NHS Supply Chain";"D005";"East England Depot";"PH009";"Midtown Pharmacy";"2024-12-02";4;"2024-02-16";300;300;47.23;286.45;14455.45;"In Transit";"B8835";"2024-11-08";"Unknown_temp";"Unknown_post";"Unknown_notes"
"T100508";"OR-48918";"PN003";"Insulin Glargine 100IU/ml";"S002";"MediSupply Ltd";"D004";"Wales Depot";"PH005";"County General Pharmacy";"2023-09-23";7;"2023-09-30";500;500;46.84;160.48;23580.48;"In Transit";"3987";"2024-06-25";"Refrigerated";"B1 1AA";"Short Shipment"
"T100509";"OR-72671";"PN002";"Paracetamol 500mg Tablet";"S001";"NHS Supply Chain";"D003";"Scotland Regional Hub";"PH002";"Royal Infirmary Pharmacy";"2023-12-03";3;"2023-08-12";500;364;29.8;202.03;15102.03;"In Transit";"B9073";"2025-09-21";"Cold Chain";"Unknown_post";"Temperature Sensitive"
"T100512";"OR-60386";"PN009";"Metformin 500mg Tablet";"S001";"NHS Supply Chain";"D003";"Scotland Regional Hub";"PH004";"Community Health Pharmacy";"2023-09-15";2;"2023-09-17";300;300;66.77;214.54;20245.54;"Delivered";"B9211";"2024-07-22";"ambient";"LS1 1UR";"Handle with care"
"T100515";"OR-15536";"PN008";"Flu Vaccine";"S005";"GlobalMeds";"D002";"North West Depot";"PH004";"Community Health Pharmacy";"2024-08-06";2;"2024-10-06";0;0;20.55;129.98;129.98;"Returned";"B8978";"2025-09-10";"Refrigerated";"B1 1AA";"Short Shipment"
"T100518";"OR-81061";"PN008";"Flu Vaccine";"S005";"GlobalMeds";"D001";"Central Hub London";"PH006";"Northside Pharmacy";"2023-04-05";14;"2023-04-19";150;150;62.78;70.67;9487.67;"Partial";"B9234";"2023-10-29";"Room Temp";"Unknown_post";"Temperature Sensitive"
"T100519";"OR-62244";"PN008";"Flu Vaccine";"S004";"HealQuick";"D003";"Scotland Regional Hub";"PH002";"Royal Infirmary Pharmacy";"2024-04-10";4;"2024-08-10";0;0;43.95;167.35;167.35;"Returned";"B7399";"2026-10-17";"Refrigerated";"Unknown_post";"Please confirm"
"T100522";"OR-72883";"PN002";"Paracetamol 500mg Tablet";"S003";"UKPharma Dist";"D005";"East England Depot";"PH008";"Lakeside Pharmacy";"2023-04-27";5;"2023-02-05";250;250;48.09;80.1;12102.6;"Partial";"5807";"2024-06-17";"ambient";"M1 2AB";"Please confirm"
"T100523";"OR-60371";"PN008";"Flu Vaccine";"S005";"GlobalMeds";"D002";"North West Depot";"PH010";"University Hospital Pharmacy";"2024-12-21";3;"2024-12-24";10;10;12.69;90.03;216.93;"Cancelled";"Unknown_batch";"2026-06-09";"Refrigerated";"Unknown_post";"Temperature Sensitive"
"T100524";"OR-93482";"PN005";"Salbutamol Inhaler";"S005";"GlobalMeds";"D001";"Central Hub London";"PH008";"Lakeside Pharmacy";"2023-10-02";2;"2023-10-04";10;10;66.9;89.96;758.96;"Delivered";"B5180";"2024-10-24";"ambient";"B1 1AA";"Please confirm"
"T100526";"OR-15895";"PN008";"Flu Vaccine";"S003";"UKPharma Dist";"D003";"Scotland Regional Hub";"PH001";"St Thomas Hospital Pharmacy";"2024-09-23";14;"2024-10-08";100;100;29.09;65.46;2974.46;"Cancelled";"B7248";"2026-12-30";"Refrigerated";"B1 1AA";"Handle with care"
"T100528";"OR-96054";"PN008";"Flu Vaccine";"S001";"NHS Supply Chain";"D005";"East England Depot";"PH001";"St Thomas Hospital Pharmacy";"2023-03-03";7;"2023-03-11";10;10;8.24;164.55;246.95;"Returned";"B9593";"2024-07-03";"Refrigerated";"Unknown_post";"Please confirm"
"T100529";"OR-51879";"PN002";"Paracetamol 500mg Tablet";"S002";"MediSupply Ltd ";"D002";"North West Depot";"PH004";"Community Health Pharmacy";"2023-02-25";5;"2023-03-03";20;20;2.53;94.51;145.11;"Returned";"B2563";"2024-10-08";"Room Temp";"Unknown_post";"Please confirm"
"T100530";"OR-17144";"PN010";"Co-codamol 30/500 Tablet";"S004";"HealQuick";"D005";"East England Depot";"PH001";"St Thomas Hospital Pharmacy";"2025-05-20";3;"2025-05-23";20;20;16.49;100.66;430.46;"Cancelled";"B5985";"2026-12-30";"Refrigerated";"SE1 9RT";"Temperature Sensitive"
"T100531";"OR-67872";"PN010";"Co-codamol 30/500 Tablet";"S004";"HealQuick";"D002";"North West Depot";"PH005";"County General Pharmacy";"2024-11-08";10;"2024-11-18";20;20;42.42;146.38;994.78;"Cancelled";"B9370";"2026-07-07";"ambient";"M1 2AB";"Short Shipment"
"T100535";"OR-16233";"PN006";"Warfarin 2mg Tablet";"S002";"MediSupply Ltd";"D005";"East England Depot";"PH001";"St Thomas Hospital Pharmacy";"2025-02-18";3;"2025-02-23";50;50;62.0;26.58;3126.58;"Partial";"B4547";"2026-05-01";"Refrigerated";"M1 2AB";"Call before delivery"
"T100537";"OR-25593";"PN005";"Salbutamol Inhaler";"S003";"UKPharma Dist";"D001";"Central Hub London";"PH003";"City Clinic Pharmacy";"2024-06-17";2;"2024-06-21";250;250;32.99;114.17;8361.67;"Delivered";"B2305";"2026-09-27";"Refrigerated";"LS1 1UR";"Handle with care"
"T100538";"OR-69168";"PN001";"Amoxicillin 500mg Capsule";"S002";"MediSupply Ltd";"D004";"Wales Depot";"PH003";"City Clinic Pharmacy";"2024-02-02";4;"2024-07-02";3592;3592;60.75;162.84;218376.84;"Returned";"B6880";"2026-04-11";"Refrigerated";"SE1 9RT";"Call before delivery"
"T100539";"OR-23145";"PN007";"Omeprazole 20mg Capsule";"S002";"MediSupply Ltd";"D001";"Central Hub London";"PH008";"Lakeside Pharmacy";"2023-09-06";14;"2023-06-23";0;0;62.99;245.52;245.52;"Partial";"B5270";"2025-11-22";"Unknown_temp";"Unknown_post";"Short Shipment"
"T100540";"OR-94296";"PN009";"Metformin 500mg Tablet";"S005";"GlobalMeds";"D002";"North West Depot";"PH003";"City Clinic Pharmacy";"2023-08-23";3;"2023-08-26";20;20;2.88;225.39;282.99;"Delivered";"B2667";"2024-10-28";"Refrigerated";"M1 2AB";"Temperature Sensitive"
"T100542";"OR-59448";"PN009";"Metformin 500mg Tablet";"S003";"UKPharma Dist";"D001";"Central Hub London";"PH004";"Community Health Pharmacy";"2024-04-20";2;"2024-04-24";4335;4335;26.16;171.65;113585.25;"In Transit";"B1010";"2026-06-26";"ambient";"M1 2AB";"Short Shipment"
"T100545";"OR-10270";"PN005";"Salbutamol Inhaler";"S001";"NHS Supply Chain";"D005";"East England Depot";"PH003";"City Clinic Pharmacy";"2023-05-03";7;"2023-05-10";20;20;17.68;159.49;513.09;"In Transit";"B7848";"2025-06-20";"Room Temp";"B1 1AA";"Short Shipment"
"T100550";"OR-97573";"PN007";"Omeprazole 20mg Capsule";"S005";"GlobalMeds";"D003";"Scotland Regional Hub";"PH007";"Southcare Pharmacy";"2024-06-30";3;"2024-07-05";250;250;46.23;205.44;11762.94;"In Transit";"B5934";"2026-10-30";"Room Temp";"B1 1AA";"Short Shipment"
"T100552";"OR-16815";"PN001";"Amoxicillin 500mg Capsule";"S002";"MediSupply Ltd ";"D001";"Central Hub London";"PH009";"Midtown Pharmacy";"2023-10-27";3;"2023-10-30";250;250;70.42;149.63;17754.63;"In Transit";"B6497";"2025-01-08";"Cold Chain";"Unknown_post";"Handle with care"
"T100557";"OR-59496";"PN006";"Warfarin 2mg Tablet";"S004";"HealQuick";"D001";"Central Hub London";"PH001";"St Thomas Hospital Pharmacy";"2024-03-29";2;"2024-04-01";250;250;36.52;295.64;9425.64;"Partial";"B8778";"2025-10-03";"ambient";"LS1 1UR";"Unknown_notes"
"T100559";"OR-53656";"PN001";"Amoxicillin 500mg Capsule";"S002";"MediSupply Ltd";"D003";"Scotland Regional Hub";"PH010";"University Hospital Pharmacy";"2024-04-11";3;"2024-04-14";10;10;29.14;277.24;568.64;"Cancelled";"B4933";"2024-10-31";"Cold Chain";"Unknown_post";"Short Shipment"
"T100560";"OR-16870";"PN010";"Co-codamol 30/500 Tablet";"S002";"MediSupply Ltd";"D001";"Central Hub London";"PH003";"City Clinic Pharmacy";"2023-01-22";2;"2023-01-26";0;0;65.87;218.89;218.89;"In Transit";"B6247";"2025-05-22";"Refrigerated";"B1 1AA";"Unknown_notes"
"T100562";"OR-81401";"PN001";"Amoxicillin 500mg Capsule";"S001";"NHS Supply Chain ";"D005";"East England Depot";"PH004";"Community Health Pharmacy";"2024-11-21";7;"2024-11-30";10;10;31.95;220.03;639.53;"Delivered";"B8959";"2027-04-26";"Cold Chain";"B1 1AA";"Please confirm"
"T100566";"OR-95840";"PN001";"Amoxicillin 500mg Capsule";"S001";"NHS Supply Chain";"D003";"Scotland Regional Hub";"PH007";"Southcare Pharmacy";"2024-11-10";5;"2024-11-16";250;250;16.81;114.25;4316.75;"Returned";"B7862";"2026-10-17";"Refrigerated";"B1 1AA";"Please confirm"
"T100567";"OR-70749";"PN007";"Omeprazole 20mg Capsule";"S002";"MediSupply Ltd";"D003";"Scotland Regional Hub";"PH009";"Midtown Pharmacy";"2023-11-17";14;"2023-12-02";500;500;60.41;194.65;30399.65;"Partial";"B6524";"2024-06-16";"Refrigerated";"SE1 9RT";"Short Shipment"
"T100569";"OR-22290";"PN004";"Atorvastatin 20mg Tablet";"S003";"UKPharma Dist";"D001";"Central Hub London";"PH002";"Royal Infirmary Pharmacy";"2023-05-26";7;"2023-06-02";100;100;60.56;157.07;6213.07;"Returned";"B6735";"2024-11-06";"ambient";"SE1 9RT";"Call before delivery"
"T100570";"OR-66555";"PN005";"Salbutamol Inhaler";"S002";"MediSupply Ltd";"D004";"Wales Depot";"PH003";"City Clinic Pharmacy";"2024-04-30";2;"2024-05-04";20;20;32.03;50.04;690.64;"In Transit";"B1470";"2026-04-18";"Cold Chain";"SE1 9RT";"Temperature Sensitive"
"T100572";"OR-38000";"PN005";"Salbutamol Inhaler";"S004";"HealQuick";"D001";"Central Hub London";"PH002";"Royal Infirmary Pharmacy";"2025-01-05";2;"2025-07-01";50;50;68.69;195.95;3630.45;"Partial";"B2756";"2026-08-25";"Refrigerated";"LS1 1UR";"Handle with care"
"T100573";"OR-83460";"PN009";"Metformin 500mg Tablet";"S001";"NHS Supply Chain";"D004";"Wales Depot";"PH004";"Community Health Pharmacy";"2025-04-19";2;"2025-04-21";250;250;42.58;132.62;10777.62;"Returned";"B2326";"2026-05-05";"ambient";"B1 1AA";"Temperature Sensitive"
"T100575";"OR-16600";"PN005";"Salbutamol Inhaler";"S005";"GlobalMeds";"D002";"North West Depot";"PH001";"St Thomas Hospital Pharmacy";"2025-02-28";10;"2025-12-03";200;200;50.23;143.67;10189.67;"Delivered";"B9360";"2026-07-06";"Cold Chain";"SE1 9RT";"Handle with care"
"T100577";"OR-39722";"PN003";"Insulin Glargine 100IU/ml";"S004";"HealQuick";"D003";"Scotland Regional Hub";"PH006";"Northside Pharmacy";"2024-05-21";3;"2024-05-26";20;20;50.21;236.24;1240.44;"Partial";"4578";"2026-10-14";"Cold Chain";"Unknown_post";"Unknown_notes"
"T100581";"OR-38551";"PN003";"Insulin Glargine 100IU/ml";"S001";"NHS Supply Chain";"D004";"Wales Depot";"PH006";"Northside Pharmacy";"2023-07-13";3;"2023-07-18";500;500;3.88;72.8;2012.8;"Cancelled";"B6454";"2024-12-23";"ambient";"Unknown_post";"Please confirm"
"T100582";"OR-54259";"PN003";"Insulin Glargine 100IU/ml";"S003";"UKPharma Dist";"D001";"Central Hub London";"PH010";"University Hospital Pharmacy";"2024-12-18";2;"2024-12-21";10;10;3.28;171.43;204.23;"In Transit";"B5123";"2025-09-20";"Refrigerated";"B1 1AA";"Temperature Sensitive"
"T100583";"OR-45438";"PN010";"Co-codamol 30/500 Tablet";"S003";"UKPharma Dist";"D005";"East England Depot";"PH008";"Lakeside Pharmacy";"2023-05-19";2;"2023-05-21";50;50;38.36;61.86;1979.86;"Partial";"B8835";"2024-03-17";"ambient";"SE1 9RT";"Please confirm"
"T100585";"OR-98710";"PN010";"Co-codamol 30/500 Tablet";"S003";"UKPharma Dist";"D003";"Scotland Regional Hub";"PH006";"Northside Pharmacy";"2023-04-06";14;"2023-04-20";200;180;13.57;144.09;2858.09;"Partial";"B3750";"2024-05-29";"Refrigerated";"SE1 9RT";"Short Shipment"
"T100586";"OR-83327";"PN005";"Salbutamol Inhaler";"S003";"UKPharma Dist ";"D002";"North West Depot";"PH009";"Midtown Pharmacy";"2025-02-01";3;"2025-02-04";150;150;46.12;232.81;7150.81;"Cancelled";"B3893";"2027-04-27";"ambient";"LS1 1UR";"Unknown_notes"
"T100587";"OR-63553";"PN009";"Metformin 500mg Tablet";"S004";"HealQuick";"D002";"North West Depot";"PH010";"University Hospital Pharmacy";"2024-03-13";5;"2024-03-18";0;0;3.3;82.19;82.19;"In Transit";"B5666";"2026-05-27";"Cold Chain";"LS1 1UR";"Short Shipment"
"T100589";"OR-77128";"PN007";"Omeprazole 20mg Capsule";"S002";"MediSupply Ltd";"D002";"North West Depot";"PH005";"County General Pharmacy";"2023-07-02";5;"2023-07-07";0;0;18.43;147.15;147.15;"Cancelled";"B2168";"2024-09-09";"Refrigerated";"Unknown_post";"Unknown_notes"
"T100591";"OR-13604";"PN008";"Flu Vaccine";"S002";"MediSupply Ltd";"D003";"Scotland Regional Hub";"PH005";"County General Pharmacy";"2025-06-06";5;"2025-06-11";150;150;66.54;235.07;10216.07;"Returned";"B5699";"2026-09-21";"ambient";"M1 2AB";"Temperature Sensitive"
"T100592";"OR-63951";"PN004";"Atorvastatin 20mg Tablet";"S003";"UKPharma Dist ";"D001";"Central Hub London";"PH008";"Lakeside Pharmacy";"2024-07-03";4;"2024-03-12";50;15;53.96;10.05;2708.05;"Returned";"B5759";"2025-08-20";"ambient";"M1 2AB";"Please confirm"
"T100600";"OR-61398";"PN004";"Atorvastatin 20mg Tablet";"S003";"UKPharma Dist";"D001";"Central Hub London";"PH006";"Northside Pharmacy";"2024-11-24";14;"2024-08-12";200;200;14.05;234.95;3044.95;"Cancelled";"B7539";"2027-02-03";"ambient";"M1 2AB";"Call before delivery"
"T100602";"OR-31862";"PN005";"Salbutamol Inhaler";"S003";"UKPharma Dist";"D005";"East England Depot";"PH005";"County General Pharmacy";"2023-11-12";14;"2023-11-26";20;20;30.96;169.32;788.52;"Partial";"B5191";"2025-10-21";"Refrigerated";"LS1 1UR";"Call before delivery"
"T100604";"OR-35122";"PN009";"Metformin 500mg Tablet";"S001";"NHS Supply Chain";"D005";"East England Depot";"PH007";"Southcare Pharmacy";"2024-12-01";4;"2024-05-12";100;100;5.86;93.2;679.2;"Returned";"B4892";"2025-06-07";"Refrigerated";"M1 2AB";"Unknown_notes"
"T100605";"OR-44237";"PN002";"Paracetamol 500mg Tablet";"S002";"MediSupply Ltd";"D002";"North West Depot";"PH009";"Midtown Pharmacy";"2023-10-15";3;"2023-10-18";500;500;71.64;291.25;36111.25;"In Transit";"B1082";"2025-03-19";"ambient";"Unknown_post";"Temperature Sensitive"
"T100606";"OR-51946";"PN001";"Amoxicillin 500mg Capsule";"S001";"NHS Supply Chain";"D003";"Scotland Regional Hub";"PH007";"Southcare Pharmacy";"2024-10-10";2;"2024-10-14";10;10;26.5;204.84;469.84;"Delivered";"B2400";"2026-04-08";"Refrigerated";"Unknown_post";"Unknown_notes"
"T100607";"OR-68319";"PN002";"Paracetamol 500mg Tablet";"S002";"MediSupply Ltd";"D004";"Wales Depot";"PH009";"Midtown Pharmacy";"2023-10-01";2;"2023-10-03";500;294;28.09;83.2;14128.2;"In Transit";"B2643";"2025-01-05";"Refrigerated";"B1 1AA";"Call before delivery"
"T100608";"OR-47714";"PN007";"Omeprazole 20mg Capsule";"S001";"NHS Supply Chain";"D005";"East England Depot";"PH005";"County General Pharmacy";"2024-10-26";4;"2024-11-01";200;129;57.69;121.47;11659.47;"Delivered";"B6897";"2026-08-14";"ambient";"SE1 9RT";"Temperature Sensitive"
"T100611";"OR-35408";"PN008";"Flu Vaccine";"S003";"UKPharma Dist";"D004";"Wales Depot";"PH010";"University Hospital Pharmacy";"2023-07-02";10;"2023-07-12";50;50;30.43;237.18;1758.68;"Cancelled";"B7676";"2024-02-26";"Refrigerated";"M1 2AB";"Please confirm"
"T100614";"OR-73135";"PN009";"Metformin 500mg Tablet";"S001";"NHS Supply Chain";"D002";"North West Depot";"PH009";"Midtown Pharmacy";"2023-01-19";3;"2023-01-22";200;200;64.72;201.23;13145.23;"Cancelled";"B4994";"2024-06-13";"Refrigerated";"LS1 1UR";"Call before delivery"
"T100617";"OR-55240";"PN007";"Omeprazole 20mg Capsule";"S002";"MEDISUPPLY LTD";"D002";"North West Depot";"PH002";"Royal Infirmary Pharmacy";"2024-03-09";14;"2024-03-25";20;20;27.92;89.41;647.81;"Delivered";"Unknown_batch";"2025-09-10";"Refrigerated";"M1 2AB";"Short Shipment"
"T100618";"OR-87410";"PN003";"Insulin Glargine 100IU/ml";"S001";"NHS Supply Chain";"D002";"North West Depot";"PH002";"Royal Infirmary Pharmacy";"2024-08-08";10;"2024-08-18";500;500;52.59;150.1;26445.1;"Cancelled";"Unknown_batch";"2025-10-21";"Unknown_temp";"SE1 9RT";"Please confirm"
"T100619";"OR-67512";"PN004";"Atorvastatin 20mg Tablet";"S005";"GlobalMeds";"D004";"Wales Depot";"PH008";"Lakeside Pharmacy";"2025-05-06";2;"2025-08-06";500;500;63.29;70.9;31715.9;"Returned";"B8392";"2027-04-27";"Refrigerated";"SE1 9RT";"Short Shipment"
"T100621";"OR-96597";"PN005";"Salbutamol Inhaler";"S004";"HealQuick ";"D005";"East England Depot";"PH010";"University Hospital Pharmacy";"2023-06-07";7;"2023-07-15";250;250;3.55;267.92;1155.42;"Partial";"B4010";"2025-03-31";"Refrigerated";"B1 1AA";"Short Shipment"
"T100622";"OR-44721";"PN007";"Omeprazole 20mg Capsule";"S003";"UKPharma Dist";"D002";"North West Depot";"PH001";"St Thomas Hospital Pharmacy";"2025-03-17";7;"2025-03-26";0;0;19.76;119.65;119.65;"Cancelled";"B7419";"2026-02-03";"Room Temp";"B1 1AA";"Unknown_notes"
"T100623";"OR-52733";"PN009";"Metformin 500mg Tablet";"S003";"UKPharma Dist";"D005";"East England Depot";"PH009";"Midtown Pharmacy";"2025-03-13";4;"2025-03-17";250;250;60.15;285.36;15322.86;"Partial";"B1449";"2025-10-22";"Room Temp";"B1 1AA";"Unknown_notes"
"T100625";"OR-80111";"PN001";"Amoxicillin 500mg Capsule";"S003";"UKPharma Dist";"D003";"Scotland Regional Hub";"PH009";"Midtown Pharmacy";"2024-05-25";14;"2024-06-09";1400;1400;51.2;247.57;71927.57;"Delivered";"B6597";"2026-05-30";"Unknown_temp";"M1 2AB";"Please confirm"
"T100627";"OR-94641";"PN009";"Metformin 500mg Tablet";"S003";"UKPharma Dist";"D001";"Central Hub London";"PH007";"Southcare Pharmacy";"2025-05-12";10;"2025-05-22";250;250;68.65;248.02;17410.52;"In Transit";"B2306";"2027-05-20";"Room Temp";"Unknown_post";"Temperature Sensitive"
"T100631";"OR-54615";"PN006";"Warfarin 2mg Tablet";"S003";"UKPharma Dist";"D004";"Wales Depot";"PH010";"University Hospital Pharmacy";"2024-05-19";10;"2024-05-31";50;50;44.27;221.8;2435.3;"Cancelled";"B8680";"2025-06-30";"Room Temp";"Unknown_post";"Unknown_notes"
"T100632";"OR-91349";"PN004";"Atorvastatin 20mg Tablet";"S001";"NHS Supply Chain";"D004";"Wales Depot";"PH005";"County General Pharmacy";"2023-01-23";3;"2023-01-26";10;10;61.5;284.16;899.16;"Delivered";"B5370";"2025-07-06";"Room Temp";"Unknown_post";"Temperature Sensitive"
"T100636";"OR-67526";"PN004";"Atorvastatin 20mg Tablet";"S005";"GlobalMeds";"D005";"East England Depot";"PH006";"Northside Pharmacy";"2023-04-16";4;"2023-04-22";100;100;31.63;101.29;3264.29;"Partial";"B8063";"2025-08-27";"Refrigerated";"M1 2AB";"Short Shipment"
"T100640";"OR-63577";"PN006";"Warfarin 2mg Tablet";"S005";"GlobalMeds";"D003";"Scotland Regional Hub";"PH005";"County General Pharmacy";"2023-11-07";3;"2023-10-11";50;50;22.87;282.91;1426.41;"Returned";"Unknown_batch";"2024-10-08";"ambient";"SE1 9RT";"Short Shipment"
"T100642";"OR-90592";"PN006";"Warfarin 2mg Tablet";"S001";"NHS Supply Chain";"D004";"Wales Depot";"PH002";"Royal Infirmary Pharmacy";"2023-10-31";3;"2023-11-04";200;200;24.95;237.17;5227.17;"In Transit";"B8368";"2026-01-21";"Refrigerated";"Unknown_post";"Unknown_notes"
"T100644";"OR-46610";"PN005";"Salbutamol Inhaler";"S002";"MediSupply Ltd";"D001";"Central Hub London";"PH008";"Lakeside Pharmacy";"2025-03-28";2;"2025-03-30";100;100;33.59;22.17;3381.17;"Partial";"B1598";"2025-10-18";"ambient";"SE1 9RT";"Handle with care"
"T100647";"OR-64431";"PN006";"Warfarin 2mg Tablet";"S005";"GlobalMeds";"D001";"Central Hub London";"PH002";"Royal Infirmary Pharmacy";"2023-10-31";2;"2023-11-02";10;10;72.38;250.13;973.93;"Returned";"B7380";"2024-05-05";"Refrigerated";"SE1 9RT";"Unknown_notes"
"T100648";"OR-51551";"PN010";"Co-codamol 30/500 Tablet";"S005";"GlobalMeds";"D001";"Central Hub London";"PH004";"Community Health Pharmacy";"2023-01-02";7;"2023-01-09";200;200;66.78;121.46;13477.46;"In Transit";"Unknown_batch";"2024-03-27";"Refrigerated";"LS1 1UR";"Temperature Sensitive"
"T100650";"OR-21163";"PN003";"Insulin Glargine 100IU/ml";"S004";"HealQuick";"D002";"North West Depot";"PH007";"Southcare Pharmacy";"2024-09-08";4;"2024-09-13";150;150;51.44;240.43;7956.43;"Returned";"B2850";"2025-07-03";"Room Temp";"M1 2AB";"Unknown_notes"
"T100656";"OR-79667";"PN003";"Insulin Glargine 100IU/ml";"S002";"MediSupply Ltd";"D005";"East England Depot";"PH001";"St Thomas Hospital Pharmacy";"2023-11-29";3;"2023-12-03";100;100;50.89;31.95;5120.95;"In Transit";"B6232";"2025-08-15";"Cold Chain";"Unknown_post";"Please confirm"
"T100657";"OR-42782";"PN004";"Atorvastatin 20mg Tablet";"S005";"GlobalMeds";"D005";"East England Depot";"PH008";"Lakeside Pharmacy";"2023-05-01";14;"2023-05-15";150;150;66.01;220.94;10122.44;"Cancelled";"B2446";"2024-05-07";"Refrigerated";"SE1 9RT";"Temperature Sensitive"
"T100661";"OR-28119";"PN008";"Flu Vaccine";"S003";"UKPharma Dist";"D002";"North West Depot";"PH001";"St Thomas Hospital Pharmacy";"2024-03-29";14;"2024-12-04";50;50;40.33;57.22;2073.72;"Cancelled";"Unknown_batch";"2025-04-06";"Refrigerated";"Unknown_post";"Call before delivery"
"T100662";"OR-96857";"PN007";"Omeprazole 20mg Capsule";"S003";"UKPharma Dist";"D004";"Wales Depot";"PH003";"City Clinic Pharmacy";"2023-09-26";3;"2023-09-30";500;500;27.93;12.57;13987.57;"Delivered";"B2206";"2025-02-03";"Refrigerated";"LS1 1UR";"Please confirm"
"T100665";"OR-30811";"PN007";"Omeprazole 20mg Capsule";"S002";"MediSupply Ltd";"D005";"East England Depot";"PH002";"Royal Infirmary Pharmacy";"2025-01-28";5;"2025-02-02";0;0;4.65;153.27;153.27;"Cancelled";"B1887";"2027-04-23";"ambient";"LS1 1UR";"Please confirm"
"T100666";"OR-51691";"PN009";"Metformin 500mg Tablet";"S001";"NHS Supply Chain";"D005";"East England Depot";"PH009";"Midtown Pharmacy";"2023-02-24";10;"2023-03-07";0;0;32.28;46.69;46.69;"Cancelled";"B8553";"2025-03-08";"Cold Chain";"Unknown_post";"Call before delivery"
"T100667";"OR-86366";"PN008";"Flu Vaccine";"S002";"MediSupply Ltd";"D005";"East England Depot";"PH008";"Lakeside Pharmacy";"2023-06-06";5;"2023-06-11";10;10;0.6;193.64;209.64;"Partial";"B1173";"2024-02-17";"Cold Chain";"LS1 1UR";"Handle with care"
"T100669";"OR-69153";"PN006";"Warfarin 2mg Tablet";"S005";"GlobalMeds";"D004";"Wales Depot";"PH001";"St Thomas Hospital Pharmacy";"2025-04-14";10;"2025-04-24";100;100;52.9;3.59;5293.59;"Partial";"B8755";"2027-01-25";"ambient";"M1 2AB";"Temperature Sensitive"
"T100671";"OR-82601";"PN006";"Warfarin 2mg Tablet";"S005";"GlobalMeds";"D005";"East England Depot";"PH001";"St Thomas Hospital Pharmacy";"2024-06-11";14;"2024-06-25";250;250;33.04;73.05;8333.05;"Returned";"B2909";"2025-02-04";"ambient";"SE1 9RT";"Call before delivery"
"T100673";"OR-10559";"PN005";"Salbutamol Inhaler";"S005";"GlobalMeds";"D001";"Central Hub London";"PH008";"Lakeside Pharmacy";"2025-01-08";10;"2025-01-18";20;20;11.23;133.8;358.4;"Returned";"B8454";"2027-01-12";"ambient";"M1 2AB";"Handle with care"
"T100674";"OR-43072";"PN010";"Co-codamol 30/500 Tablet";"S002";"MediSupply Ltd";"D001";"Central Hub London";"PH006";"Northside Pharmacy";"2024-08-09";5;"2024-09-13";0;0;59.18;215.63;215.63;"Delivered";"B7710";"2026-04-22";"ambient";"SE1 9RT";"Unknown_notes"
"T100675";"OR-62604";"PN006";"Warfarin 2mg Tablet";"S002";"MediSupply Ltd";"D002";"North West Depot";"PH004";"Community Health Pharmacy";"2023-02-24";10;"2023-03-08";20;20;64.69;187.66;1481.46;"Partial";"B4047";"2025-01-03";"Cold Chain";"M1 2AB";"Short Shipment"
"T100676";"OR-31965";"PN006";"Warfarin 2mg Tablet";"S005";"GlobalMeds";"D005";"East England Depot";"PH009";"Midtown Pharmacy";"2023-06-30";3;"2023-07-05";150;150;45.63;150.45;6994.95;"Returned";"B8356";"2024-11-27";"Refrigerated";"Unknown_post";"Short Shipment"
"T100677";"OR-95245";"PN003";"Insulin Glargine 100IU/ml";"S004";"HealQuick";"D002";"North West Depot";"PH008";"Lakeside Pharmacy";"2025-12-06";3;"2025-06-16";200;200;68.5;80.59;13780.59;"Delivered";"B9797";"2026-07-24";"ambient";"Unknown_post";"Handle with care"
"T100678";"OR-57144";"PN008";"Flu Vaccine";"S003";"UKPharma Dist";"D003";"Scotland Regional Hub";"PH010";"University Hospital Pharmacy";"2024-04-26";3;"2024-04-29";250;250;3.61;102.65;1005.15;"Returned";"B4652";"2026-01-26";"ambient";"SE1 9RT";"Short Shipment"
"T100679";"OR-82765";"PN007";"Omeprazole 20mg Capsule";"S004";"HealQuick";"D003";"Scotland Regional Hub";"PH007";"Southcare Pharmacy";"2024-09-15";4;"2024-09-20";50;35;21.62;139.57;1320.57;"Partial";"B4918";"2025-12-07";"Refrigerated";"M1 2AB";"Unknown_notes"
"T100682";"OR-40612";"PN003";"Insulin Glargine 100IU/ml";"S001";"NHS Supply Chain";"D002";"North West Depot";"PH002";"Royal Infirmary Pharmacy";"2023-11-03";10;"2023-11-13";20;20;15.58;42.45;354.05;"Cancelled";"B4964";"2024-08-02";"ambient";"M1 2AB";"Short Shipment"
"T100684";"OR-37118";"PN007";"Omeprazole 20mg Capsule";"S002";"MediSupply Ltd";"D001";"Central Hub London";"PH003";"City Clinic Pharmacy";"2024-09-26";10;"2024-10-06";100;100;41.93;173.52;4366.52;"Cancelled";"B2917";"2025-07-13";"Refrigerated";"SE1 9RT";"Temperature Sensitive"
"T100685";"OR-56937";"PN003";"Insulin Glargine 100IU/ml";"S004";"HealQuick";"D001";"Central Hub London";"PH008";"Lakeside Pharmacy";"2023-03-29";3;"2023-01-04";250;250;54.3;266.21;13841.21;"Cancelled";"8042";"2025-02-10";"Cold Chain";"M1 2AB";"Temperature Sensitive"
"T100687";"OR-37731";"PN006";"Warfarin 2mg Tablet";"S004";"HealQuick";"D001";"Central Hub London";"PH009";"Midtown Pharmacy";"2024-03-06";3;"2024-11-03";100;100;46.92;100.52;4792.52;"Partial";"B9595";"2025-07-31";"Room Temp";"Unknown_post";"Handle with care"
"T100692";"OR-47207";"PN008";"Flu Vaccine";"S004";"HealQuick";"D005";"East England Depot";"PH001";"St Thomas Hospital Pharmacy";"2023-01-13";10;"2023-01-23";100;100;44.09;244.83;4653.83;"In Transit";"B9427";"2023-10-13";"Refrigerated";"SE1 9RT";"Unknown_notes"
"T100693";"OR-18486";"PN006";"Warfarin 2mg Tablet";"S002";"MediSupply Ltd ";"D005";"East England Depot";"PH005";"County General Pharmacy";"2024-07-26";14;"2024-08-09";300;300;35.65;147.58;10842.58;"In Transit";"Unknown_batch";"2025-06-12";"Cold Chain";"LS1 1UR";"Unknown_notes"
"T100694";"OR-74956";"PN008";"Flu Vaccine";"S005";"GlobalMeds";"D001";"Central Hub London";"PH008";"Lakeside Pharmacy";"2025-01-15";5;"2025-01-22";10;10;56.99;51.74;621.64;"Partial";"B9457";"2027-05-12";"Room Temp";"Unknown_post";"Short Shipment"
"T100696";"OR-30992";"PN001";"Amoxicillin 500mg Capsule";"S001";"NHS Supply Chain";"D004";"Wales Depot";"PH007";"Southcare Pharmacy";"2025-02-08";2;"2025-10-02";300;300;54.33;280.16;16579.16;"Delivered";"B5692";"2026-05-09";"ambient";"LS1 1UR";"Handle with care"
"T100698";"OR-81200";"PN006";"Warfarin 2mg Tablet";"S004";"HealQuick";"D001";"Central Hub London";"PH001";"St Thomas Hospital Pharmacy";"2025-01-07";3;"2025-01-12";250;250;70.8;283.94;17983.94;"In Transit";"B3895";"2027-02-19";"Room Temp";"Unknown_post";"Call before delivery"
"T100699";"OR-28884";"PN005";"Salbutamol Inhaler";"S001";"NHS Supply Chain";"D003";"Scotland Regional Hub";"PH004";"Community Health Pharmacy";"2023-07-15";3;"2023-07-18";10;10;1.44;177.73;192.13;"Cancelled";"B2862";"2025-03-17";"Unknown_temp";"Unknown_post";"Call before delivery"
"T100702";"OR-86055";"PN010";"Co-codamol 30/500 Tablet";"S003";"UKPharma Dist";"D003";"Scotland Regional Hub";"PH007";"Southcare Pharmacy";"2025-03-08";5;"2025-03-13";10;10;15.7;222.87;379.87;"Partial";"B4045";"2026-04-01";"Cold Chain";"B1 1AA";"Call before delivery"
"T100704";"OR-89725";"PN004";"Atorvastatin 20mg Tablet";"S003";"UKPharma Dist";"D001";"Central Hub London";"PH006";"Northside Pharmacy";"2024-03-02";2;"2024-02-06";300;300;18.79;245.82;5882.82;"Returned";"Unknown_batch";"2025-01-09";"Room Temp";"Unknown_post";"Call before delivery"
"T100709";"OR-10771";"PN003";"Insulin Glargine 100IU/ml";"S005";"GlobalMeds";"D002";"North West Depot";"PH001";"St Thomas Hospital Pharmacy";"2023-07-06";14;"2023-07-20";50;50;41.85;298.93;2391.43;"Returned";"B2765";"2025-02-19";"ambient";"M1 2AB";"Unknown_notes"
"T100712";"OR-91173";"PN002";"Paracetamol 500mg Tablet";"S005";"GLOBALMEDS";"D002";"North West Depot";"PH005";"County General Pharmacy";"2024-09-03";14;"2024-09-19";150;150;22.5;246.56;3621.56;"Delivered";"B3416";"2025-12-07";"ambient";"Unknown_post";"Short Shipment"
"T100713";"OR-35799";"PN007";"Omeprazole 20mg Capsule";"S001";"NHS Supply Chain";"D003";"Scotland Regional Hub";"PH004";"Community Health Pharmacy";"2023-12-05";3;"2023-12-09";500;500;53.98;264.96;27254.96;"Cancelled";"B4706";"2025-03-12";"Refrigerated";"SE1 9RT";"Temperature Sensitive"
"T100716";"OR-90643";"PN007";"Omeprazole 20mg Capsule";"S002";"MediSupply Ltd";"D001";"Central Hub London";"PH008";"Lakeside Pharmacy";"2025-05-11";2;"2025-05-13";0;0;44.52;91.77;91.77;"In Transit";"B8845";"2026-03-12";"Room Temp";"B1 1AA";"Temperature Sensitive"
"T100719";"OR-99418";"PN005";"Salbutamol Inhaler";"S002";"MediSupply Ltd";"D001";"Central Hub London";"PH005";"County General Pharmacy";"2025-01-09";14;"2025-01-23";200;200;14.04;61.68;2869.68;"Cancelled";"B2500";"2026-12-23";"ambient";"Unknown_post";"Temperature Sensitive"
"T100720";"OR-88068";"PN001";"Amoxicillin 500mg Capsule";"S004";"HealQuick";"D001";"Central Hub London";"PH002";"Royal Infirmary Pharmacy";"2024-06-12";7;"2024-12-14";500;500;57.35;118.16;28793.16;"Partial";"B9514";"2026-10-16";"ambient";"LS1 1UR";"Handle with care"
"T100722";"OR-74080";"PN010";"Co-codamol 30/500 Tablet";"S005";"GlobalMeds";"D004";"Wales Depot";"PH004";"Community Health Pharmacy";"2024-06-27";7;"2024-07-04";500;500;34.63;52.04;17367.04;"Returned";"B3592";"2025-12-30";"Refrigerated";"Unknown_post";"Temperature Sensitive"
"T100723";"OR-96226";"PN002";"Paracetamol 500mg Tablet";"S001";"NHS Supply Chain";"D004";"Wales Depot";"PH004";"Community Health Pharmacy";"2024-10-02";14;"2024-10-18";300;257;39.52;282.53;12138.53;"Partial";"B5806";"2027-03-14";"ambient";"LS1 1UR";"Please confirm"
"T100724";"OR-82609";"PN006";"Warfarin 2mg Tablet";"S003";"UKPharma Dist";"D004";"Wales Depot";"PH007";"Southcare Pharmacy";"2024-09-25";10;"2024-05-10";50;50;3.19;232.4;391.9;"Returned";"B5471";"2026-09-11";"Room Temp";"Unknown_post";"Temperature Sensitive"
"T100727";"OR-49006";"PN005";"Salbutamol Inhaler";"S003";"UKPharma Dist";"D005";"East England Depot";"PH010";"University Hospital Pharmacy";"2023-08-04";14;"2023-08-18";0;0;35.55;274.29;274.29;"In Transit";"B4918";"2025-03-14";"Refrigerated";"B1 1AA";"Short Shipment"
"T100728";"OR-91289";"PN002";"Paracetamol 500mg Tablet";"S002";"MediSupply Ltd";"D004";"Wales Depot";"PH001";"St Thomas Hospital Pharmacy";"2023-12-09";2;"2023-12-11";150;48;34.4;193.65;5353.65;"Returned";"B1174";"2025-11-17";"Cold Chain";"M1 2AB";"Unknown_notes"
"T100729";"OR-88396";"PN003";"Insulin Glargine 100IU/ml";"S004";"HealQuick";"D002";"North West Depot";"PH007";"Southcare Pharmacy";"2025-04-02";2;"2025-05-04";100;100;67.62;7.19;6769.19;"Delivered";"B7090";"2026-09-14";"Refrigerated";"SE1 9RT";"Call before delivery"
"T100730";"OR-26556";"PN007";"Omeprazole 20mg Capsule";"S002";"MediSupply Ltd";"D004";"Wales Depot";"PH006";"Northside Pharmacy";"2023-09-29";2;"2023-10-01";0;0;9.25;107.18;107.18;"Cancelled";"Unknown_batch";"2025-01-20";"ambient";"B1 1AA";"Call before delivery"
"T100731";"OR-57492";"PN001";"Amoxicillin 500mg Capsule";"S001";"NHS Supply Chain";"D001";"Central Hub London";"PH006";"Northside Pharmacy";"2023-11-01";5;"2023-11-08";50;50;53.89;157.88;2852.38;"Returned";"B3381";"2024-11-07";"Cold Chain";"B1 1AA";"Unknown_notes"
"T100732";"OR-56176";"PN008";"Flu Vaccine";"S001";"NHS Supply Chain";"D001";"Central Hub London";"PH004";"Community Health Pharmacy";"2023-02-24";5;"2023-03-02";250;250;57.28;221.84;14541.84;"Delivered";"B3231";"2024-06-13";"Refrigerated";"M1 2AB";"Temperature Sensitive"
"T100733";"OR-44753";"PN004";"Atorvastatin 20mg Tablet";"S001";"NHS Supply Chain";"D002";"North West Depot";"PH008";"Lakeside Pharmacy";"2024-03-25";14;"2024-10-04";150;150;11.55;243.43;1975.93;"Delivered";"Unknown_batch";"2024-11-23";"ambient";"M1 2AB";"Call before delivery"
"T100736";"OR-68955";"PN007";"Omeprazole 20mg Capsule";"S005";"GlobalMeds";"D001";"Central Hub London";"PH002";"Royal Infirmary Pharmacy";"2023-02-04";14;"2023-02-18";20;20;51.0;171.2;1191.2;"In Transit";"B4869";"2025-05-15";"ambient";"SE1 9RT";"Short Shipment"
"T100737";"OR-21575";"PN007";"Omeprazole 20mg Capsule";"S003";"UKPharma Dist";"D001";"Central Hub London";"PH009";"Midtown Pharmacy";"2023-08-27";2;"2023-08-31";200;200;14.96;148.47;3140.47;"Partial";"B6361";"2026-01-22";"Cold Chain";"M1 2AB";"Handle with care"
"T100739";"OR-93774";"PN001";"Amoxicillin 500mg Capsule";"S005";"GlobalMeds";"D004";"Wales Depot";"PH002";"Royal Infirmary Pharmacy";"2023-07-28";4;"2023-08-02";100;100;66.77;119.82;6796.82;"Cancelled";"B8542";"2025-08-21";"ambient";"Unknown_post";"Call before delivery"
"T100740";"OR-83748";"PN010";"Co-codamol 30/500 Tablet";"S002";"MediSupply Ltd";"D001";"Central Hub London";"PH005";"County General Pharmacy";"2024-03-20";4;"2024-03-24";300;300;10.73;172.33;3391.33;"Delivered";"B7698";"2024-12-28";"Refrigerated";"SE1 9RT";"Please confirm"
"T100744";"OR-41210";"PN002";"Paracetamol 500mg Tablet";"S001";"NHS Supply Chain";"D002";"North West Depot";"PH003";"City Clinic Pharmacy";"2025-05-31";3;"2025-06-05";150;150;11.13;20.65;1690.15;"Cancelled";"B9919";"2026-10-16";"Room Temp";"LS1 1UR";"Please confirm"
"T100745";"OR-41031";"PN005";"Salbutamol Inhaler";"S005";"GlobalMeds";"D001";"Central Hub London";"PH007";"Southcare Pharmacy";"2025-02-28";5;"2025-03-05";100;100;65.6;250.4;6810.4;"Returned";"B2516";"2027-03-02";"Refrigerated";"Unknown_post";"Short Shipment"
"T100746";"OR-71469";"PN010";"Co-codamol 30/500 Tablet";"S001";"NHS Supply Chain";"D005";"East England Depot";"PH002";"Royal Infirmary Pharmacy";"2025-04-03";7;"2025-03-11";200;200;19.7;211.26;4151.26;"Cancelled";"B6473";"2026-09-12";"Cold Chain";"Unknown_post";"Handle with care"
"T100747";"OR-97422";"PN006";"Warfarin 2mg Tablet";"S004";"HealQuick";"D002";"North West Depot";"PH007";"Southcare Pharmacy";"2023-01-27";14;"2023-02-10";0;0;16.91;20.4;20.4;"Returned";"Unknown_batch";"2024-11-15";"Room Temp";"LS1 1UR";"Handle with care"
"T100749";"OR-74343";"PN008";"Flu Vaccine";"S004";"HealQuick";"D005";"East England Depot";"PH002";"Royal Infirmary Pharmacy";"2024-07-18";5;"2024-07-25";500;500;51.02;64.85;25574.85;"Returned";"B3034";"2025-06-11";"Refrigerated";"Unknown_post";"Call before delivery"
"T100750";"OR-31653";"PN002";"Paracetamol 500mg Tablet";"S002";"MediSupply Ltd";"D002";"North West Depot";"PH002";"Royal Infirmary Pharmacy";"2023-09-09";3;"2023-12-09";250;250;51.87;179.47;13146.97;"Partial";"B9260";"2024-09-13";"Refrigerated";"Unknown_post";"Unknown_notes"
"T100751";"OR-59877";"PN003";"Insulin Glargine 100IU/ml";"S005";"GlobalMeds";"D001";"Central Hub London";"PH004";"Community Health Pharmacy";"2024-08-04";14;"2024-08-18";250;250;15.69;63.5;3986.0;"In Transit";"B2253";"2026-01-04";"Refrigerated";"LS1 1UR";"Short Shipment"
"T100754";"OR-18830";"PN004";"Atorvastatin 20mg Tablet";"S001";"NHS Supply Chain";"D003";"Scotland Regional Hub";"PH004";"Community Health Pharmacy";"2023-10-10";2;"2023-10-13";0;0;69.51;15.44;15.44;"Delivered";"B6526";"2024-12-28";"Refrigerated";"SE1 9RT";"Call before delivery"
"T100755";"OR-30975";"PN001";"Amoxicillin 500mg Capsule";"S001";"NHS Supply Chain";"D003";"Scotland Regional Hub";"PH005";"County General Pharmacy";"2023-05-05";3;"2023-05-08";500;500;66.01;183.79;33188.79;"Returned";"B1975";"2024-04-30";"Refrigerated";"SE1 9RT";"Call before delivery"
"T100757";"OR-43179";"PN006";"Warfarin 2mg Tablet";"S003";"UKPharma Dist";"D005";"East England Depot";"PH002";"Royal Infirmary Pharmacy";"2023-11-17";10;"2023-11-27";20;20;13.23;162.94;427.54;"In Transit";"B5125";"2025-06-21";"ambient";"B1 1AA";"Please confirm"
"T100758";"OR-28958";"PN009";"Metformin 500mg Tablet";"S004";"HealQuick";"D002";"North West Depot";"PH010";"University Hospital Pharmacy";"2025-01-19";10;"2025-01-31";250;250;37.69;134.65;9557.15;"Delivered";"Unknown_batch";"2026-02-26";"Refrigerated";"Unknown_post";"Short Shipment"
"T100759";"OR-78296";"PN008";"Flu Vaccine";"S004";"HealQuick";"D004";"Wales Depot";"PH009";"Midtown Pharmacy";"2024-08-29";5;"2024-09-03";50;50;38.59;57.51;1987.01;"Partial";"B7987";"2026-06-29";"Refrigerated";"Unknown_post";"Temperature Sensitive"
"T100761";"OR-75841";"PN006";"Warfarin 2mg Tablet";"S005";"GlobalMeds";"D002";"North West Depot";"PH001";"St Thomas Hospital Pharmacy";"2025-01-30";4;"2025-02-03";10;10;17.66;68.81;245.41;"Delivered";"B6491";"2026-04-12";"Cold Chain";"B1 1AA";"Temperature Sensitive"
"T100762";"OR-17056";"PN008";"Flu Vaccine";"S002";"MediSupply Ltd";"D002";"North West Depot";"PH004";"Community Health Pharmacy";"2024-10-10";7;"2024-10-17";150;150;33.37;73.25;5078.75;"In Transit";"Unknown_batch";"2026-02-15";"Room Temp";"SE1 9RT";"Short Shipment"
"T100763";"OR-97070";"PN006";"Warfarin 2mg Tablet";"S001";"NHS Supply Chain ";"D005";"East England Depot";"PH002";"Royal Infirmary Pharmacy";"2024-06-05";5;"2024-06-10";300;300;33.86;126.8;10284.8;"Returned";"B4138";"2025-02-05";"Refrigerated";"SE1 9RT";"Unknown_notes"
"T100764";"OR-67403";"PN004";"Atorvastatin 20mg Tablet";"S001";"NHS Supply Chain";"D001";"Central Hub London";"PH001";"St Thomas Hospital Pharmacy";"2023-10-29";2;"2023-10-31";250;250;74.89;69.61;18792.11;"Partial";"B2394";"2024-07-13";"Refrigerated";"Unknown_post";"Temperature Sensitive"
"T100767";"OR-50714";"PN001";"Amoxicillin 500mg Capsule";"S005";"GlobalMeds";"D005";"East England Depot";"PH009";"Midtown Pharmacy";"2024-07-04";3;"2024-07-07";0;0;69.45;226.83;226.83;"Delivered";"B3847";"2025-04-18";"ambient";"Unknown_post";"Unknown_notes"
"T100769";"OR-56412";"PN004";"Atorvastatin 20mg Tablet";"S005";"GlobalMeds";"D005";"East England Depot";"PH010";"University Hospital Pharmacy";"2023-05-27";7;"2023-06-04";50;50;10.62;107.18;638.18;"Returned";"B3720";"2025-07-23";"Refrigerated";"M1 2AB";"Handle with care"
"T100773";"OR-86610";"PN005";"Salbutamol Inhaler";"S002";"MediSupply Ltd";"D003";"Scotland Regional Hub";"PH001";"St Thomas Hospital Pharmacy";"2024-04-24";4;"2024-04-28";200;200;17.08;140.62;3556.62;"In Transit";"B2706";"2025-08-20";"Cold Chain";"B1 1AA";"Please confirm"
"T100774";"OR-37954";"PN010";"Co-codamol 30/500 Tablet";"S002";"MediSupply Ltd";"D002";"North West Depot";"PH004";"Community Health Pharmacy";"2024-03-13";5;"2024-03-20";100;100;63.28;51.99;6379.99;"Partial";"B5716";"2026-07-15";"ambient";"B1 1AA";"Call before delivery"
"T100775";"OR-37037";"PN004";"Atorvastatin 20mg Tablet";"S004";"HealQuick";"D003";"Scotland Regional Hub";"PH001";"St Thomas Hospital Pharmacy";"2025-02-23";4;"2025-02-28";50;50;70.36;159.57;3777.57;"Cancelled";"B6546";"2026-02-11";"ambient";"LS1 1UR";"Temperature Sensitive"
"T100776";"OR-69398";"PN006";"Warfarin 2mg Tablet";"S004";"HealQuick";"D004";"Wales Depot";"PH009";"Midtown Pharmacy";"2023-08-10";10;"2023-08-21";0;0;47.29;156.58;156.58;"Partial";"B6624";"2025-06-28";"Cold Chain";"Unknown_post";"Short Shipment"
"T100782";"OR-16669";"PN001";"Amoxicillin 500mg Capsule";"S003";"UKPharma Dist";"D002";"North West Depot";"PH007";"Southcare Pharmacy";"2024-10-31";3;"2024-11-04";200;200;55.05;203.9;11213.9;"Partial";"B1452";"2025-06-12";"Cold Chain";"LS1 1UR";"Please confirm"
"T100783";"OR-89214";"PN010";"Co-codamol 30/500 Tablet";"S003";"UKPharma Dist";"D004";"Wales Depot";"PH009";"Midtown Pharmacy";"2024-03-24";10;"2024-03-04";20;20;60.1;76.49;1278.49;"Partial";"B3445";"2026-03-26";"Refrigerated";"LS1 1UR";"Call before delivery"
"T100786";"OR-47951";"PN009";"Metformin 500mg Tablet";"S002";"MediSupply Ltd";"D002";"North West Depot";"PH009";"Midtown Pharmacy";"2024-03-18";5;"2024-03-25";0;0;14.95;170.0;170.0;"Delivered";"B2777";"2026-02-16";"Cold Chain";"Unknown_post";"Temperature Sensitive"
"T100787";"OR-86435";"PN010";"Co-codamol 30/500 Tablet";"S004";"HealQuick";"D003";"Scotland Regional Hub";"PH008";"Lakeside Pharmacy";"2024-12-25";2;"2024-12-27";10;10;68.58;197.12;882.92;"Returned";"B9801";"2026-03-06";"Refrigerated";"M1 2AB";"Unknown_notes"
"T100791";"OR-88710";"PN007";"Omeprazole 20mg Capsule";"S005";"GlobalMeds";"D002";"North West Depot";"PH010";"University Hospital Pharmacy";"2023-09-30";2;"2023-10-03";50;50;4.27;222.26;435.76;"Cancelled";"B5718";"2025-07-25";"Refrigerated";"B1 1AA";"Unknown_notes"
"T100792";"OR-67859";"PN008";"Flu Vaccine";"S003";"UKPharma Dist";"D001";"Central Hub London";"PH005";"County General Pharmacy";"2025-04-01";10;"2025-04-11";200;60;21.07;262.97;4476.97;"In Transit";"B7855";"2026-06-13";"Refrigerated";"Unknown_post";"Call before delivery"
"T100796";"OR-65990";"PN005";"Salbutamol Inhaler";"S001";"NHS Supply Chain";"D005";"East England Depot";"PH006";"Northside Pharmacy";"2023-07-22";7;"2023-07-30";500;500;23.11;182.27;11737.27;"Delivered";"B6067";"2025-03-11";"ambient";"Unknown_post";"Short Shipment"
"T100798";"OR-42466";"PN009";"Metformin 500mg Tablet";"S005";"GlobalMeds";"D003";"Scotland Regional Hub";"PH010";"University Hospital Pharmacy";"2023-09-18";10;"2023-09-29";150;150;63.83;196.73;9771.23;"Returned";"Unknown_batch";"2025-04-24";"ambient";"Unknown_post";"Please confirm"
"T100800";"OR-34428";"PN004";"Atorvastatin 20mg Tablet";"S003";"UKPharma Dist";"D001";"Central Hub London";"PH001";"St Thomas Hospital Pharmacy";"2024-12-16";10;"2024-12-26";50;50;18.27;153.09;1066.59;"Delivered";"B9074";"2027-03-09";"ambient";"Unknown_post";"Please confirm"
"T100802";"OR-31471";"PN002";"Paracetamol 500mg Tablet";"S004";"HealQuick";"D005";"East England Depot";"PH007";"Southcare Pharmacy";"2025-01-24";2;"2025-01-26";200;128;6.73;101.4;1547.4;"Delivered";"B4233";"2027-01-08";"Refrigerated";"SE1 9RT";"Unknown_notes"
"T100806";"OR-98740";"PN003";"Insulin Glargine 100IU/ml";"S002";"MediSupply Ltd";"D005";"East England Depot";"PH008";"Lakeside Pharmacy";"2025-03-13";7;"2025-03-20";150;150;67.64;244.67;10390.67;"Partial";"B9659";"2026-10-07";"ambient";"LS1 1UR";"Handle with care"
"T100807";"OR-25360";"PN004";"Atorvastatin 20mg Tablet";"S004";"HealQuick";"D002";"North West Depot";"PH008";"Lakeside Pharmacy";"2023-09-12";14;"2023-09-27";0;0;4.9;27.56;27.56;"Cancelled";"B7809";"2024-09-01";"Refrigerated";"B1 1AA";"Handle with care"
"T100808";"OR-95434";"PN005";"Salbutamol Inhaler";"S001";"NHS Supply Chain";"D003";"Scotland Regional Hub";"PH010";"University Hospital Pharmacy";"2023-09-29";4;"2023-03-10";20;20;67.49;187.21;1537.01;"Cancelled";"B3844";"2026-02-01";"Refrigerated";"Unknown_post";"Temperature Sensitive"
"T100809";"OR-32018";"PN010";"Co-codamol 30/500 Tablet";"S005";"GlobalMeds";"D001";"Central Hub London";"PH001";"St Thomas Hospital Pharmacy";"2024-04-20";4;"2024-04-24";250;250;25.8;51.45;6501.45;"Delivered";"Unknown_batch";"2026-03-16";"Cold Chain";"B1 1AA";"Call before delivery"
"T100814";"OR-91811";"PN005";"Salbutamol Inhaler";"S005";"GlobalMeds";"D004";"Wales Depot";"PH006";"Northside Pharmacy";"2025-03-03";3;"2025-07-03";10;10;62.29;253.71;876.61;"Cancelled";"B3585";"2027-04-25";"Refrigerated";"Unknown_post";"Handle with care"
"T100816";"OR-21424";"PN004";"Atorvastatin 20mg Tablet";"S005";"GlobalMeds";"D002";"North West Depot";"PH008";"Lakeside Pharmacy";"2023-05-28";5;"2023-02-06";100;83;29.15;248.48;3163.48;"Returned";"B5782";"2025-05-18";"Cold Chain";"LS1 1UR";"Unknown_notes"
"T100817";"OR-95563";"PN009";"Metformin 500mg Tablet";"S001";"NHS Supply Chain ";"D004";"Wales Depot";"PH008";"Lakeside Pharmacy";"2025-12-01";5;"2025-01-19";150;150;67.51;241.78;10368.28;"Delivered";"B1827";"2027-04-11";"ambient";"SE1 9RT";"Please confirm"
"T100818";"OR-52885";"PN002";"Paracetamol 500mg Tablet";"S003";"UKPharma Dist";"D003";"Scotland Regional Hub";"PH001";"St Thomas Hospital Pharmacy";"2024-04-20";-1;"2024-04-21";10;10;61.22;279.76;891.96;"Cancelled";"B5008";"2025-07-05";"ambient";"Unknown_post";"Short Shipment"
"T100820";"OR-73874";"PN009";"Metformin 500mg Tablet";"S001";"NHS Supply Chain";"D004";"Wales Depot";"PH010";"University Hospital Pharmacy";"2024-12-04";2;"2024-08-12";50;50;3.81;8.36;198.86;"Delivered";"B1531";"2026-10-22";"Refrigerated";"Unknown_post";"Please confirm"
"T100822";"OR-31238";"PN007";"Omeprazole 20mg Capsule";"S003";"UKPharma Dist";"D001";"Central Hub London";"PH004";"Community Health Pharmacy";"2023-08-01";3;"2023-05-08";200;200;48.27;253.7;9907.7;"Partial";"B5983";"2025-09-03";"ambient";"LS1 1UR";"Temperature Sensitive"
"T100823";"OR-69608";"PN001";"Amoxicillin 500mg Capsule";"S002";"MediSupply Ltd";"D005";"East England Depot";"PH002";"Royal Infirmary Pharmacy";"2024-03-08";2;"2024-11-03";10;10;43.01;140.01;670.11;"Cancelled";"B4706";"2024-09-08";"Room Temp";"LS1 1UR";"Please confirm"
"T100824";"OR-64143";"PN010";"Co-codamol 30/500 Tablet";"S003";"UKPHARMA DIST";"D003";"Scotland Regional Hub";"PH001";"St Thomas Hospital Pharmacy";"2025-05-08";10;"2025-05-18";20;20;56.24;68.78;1193.58;"Delivered";"3478";"2026-07-10";"Refrigerated";"LS1 1UR";"Call before delivery"
"T100825";"OR-38666";"PN002";"Paracetamol 500mg Tablet";"S001";"NHS Supply Chain";"D002";"North West Depot";"PH009";"Midtown Pharmacy";"2025-02-19";14;"2025-03-05";50;50;38.28;285.5;2199.5;"Cancelled";"Unknown_batch";"2026-03-11";"Refrigerated";"B1 1AA";"Unknown_notes"
"T100829";"OR-82057";"PN010";"Co-codamol 30/500 Tablet";"S002";"MediSupply Ltd";"D002";"North West Depot";"PH008";"Lakeside Pharmacy";"2023-08-17";7;"2023-08-25";10;10;24.79;253.95;501.85;"Delivered";"B7407";"2024-09-06";"Cold Chain";"Unknown_post";"Handle with care"
"T100830";"OR-40381";"PN008";"Flu Vaccine";"S003";"UKPharma Dist";"D005";"East England Depot";"PH002";"Royal Infirmary Pharmacy";"2023-03-01";2;"2023-03-03";100;100;42.48;254.82;4502.82;"Cancelled";"B8648";"2023-09-10";"Refrigerated";"SE1 9RT";"Handle with care"
"T100833";"OR-37422";"PN008";"Flu Vaccine";"S002";"MediSupply Ltd";"D004";"Wales Depot";"PH002";"Royal Infirmary Pharmacy";"2023-12-23";7;"2023-12-30";0;0;5.82;262.16;262.16;"In Transit";"B4730";"2024-11-26";"ambient";"M1 2AB";"Please confirm"
"T100834";"OR-24708";"PN007";"Omeprazole 20mg Capsule";"S002";"MediSupply Ltd";"D002";"North West Depot";"PH007";"Southcare Pharmacy";"2023-11-28";5;"2023-12-04";100;100;34.22;215.75;3637.75;"Returned";"B6294";"2025-07-29";"Refrigerated";"Unknown_post";"Unknown_notes"
"T100837";"OR-52779";"PN002";"Paracetamol 500mg Tablet";"S005";"GlobalMeds";"D003";"Scotland Regional Hub";"PH002";"Royal Infirmary Pharmacy";"2025-03-01";10;"2025-03-11";50;50;27.36;252.99;1620.99;"Returned";"B4916";"2025-08-31";"ambient";"SE1 9RT";"Short Shipment"
"T100838";"OR-61986";"PN010";"Co-codamol 30/500 Tablet";"S005";"GlobalMeds";"D001";"Central Hub London";"PH007";"Southcare Pharmacy";"2025-04-28";5;"2025-05-03";200;200;22.27;115.98;4569.98;"Returned";"B1332";"2026-10-30";"Refrigerated";"Unknown_post";"Call before delivery"
"T100839";"OR-51701";"PN001";"Amoxicillin 500mg Capsule";"S004";"HealQuick";"D002";"North West Depot";"PH009";"Midtown Pharmacy";"2025-02-26";3;"2025-03-01";250;250;18.35;257.53;4845.03;"Delivered";"Unknown_batch";"2027-08-01";"Room Temp";"LS1 1UR";"Please confirm"
"T100841";"OR-85354";"PN006";"Warfarin 2mg Tablet";"S002";"MediSupply Ltd";"D001";"Central Hub London";"PH003";"City Clinic Pharmacy";"2024-11-30";3;"2024-12-04";0;0;35.07;7.19;7.19;"Cancelled";"B1498";"2026-08-16";"Refrigerated";"B1 1AA";"Temperature Sensitive"
"T100844";"OR-83181";"PN008";"Flu Vaccine";"S004";"HealQuick";"D005";"East England Depot";"PH004";"Community Health Pharmacy";"2024-08-04";5;"2024-08-09";150;150;71.13;146.03;10815.53;"Cancelled";"B7633";"2025-02-05";"Cold Chain";"SE1 9RT";"Temperature Sensitive"
"T100845";"OR-77520";"PN001";"Amoxicillin 500mg Capsule";"S002";"MediSupply Ltd";"D005";"East England Depot";"PH010";"University Hospital Pharmacy";"2024-10-02";3;"2024-10-05";150;150;31.7;15.4;4770.4;"In Transit";"B9572";"2026-02-16";"Refrigerated";"M1 2AB";"Handle with care"
"T100846";"OR-54091";"PN010";"Co-codamol 30/500 Tablet";"S003";"UKPharma Dist";"D004";"Wales Depot";"PH001";"St Thomas Hospital Pharmacy";"2024-06-18";3;"2024-06-23";0;0;54.13;218.25;218.25;"Partial";"B1605";"2026-08-09";"Refrigerated";"LS1 1UR";"Handle with care"
"T100850";"OR-25777";"PN006";"Warfarin 2mg Tablet";"S002";"MediSupply Ltd";"D005";"East England Depot";"PH008";"Lakeside Pharmacy";"2024-08-12";14;"2024-08-28";150;150;62.77;282.01;9697.51;"Partial";"B1980";"2026-01-04";"ambient";"M1 2AB";"Temperature Sensitive"
"T100851";"OR-23197";"PN004";"Atorvastatin 20mg Tablet";"S004";"HealQuick";"D001";"Central Hub London";"PH005";"County General Pharmacy";"2023-03-04";14;"2023-03-18";250;91;12.1;220.49;3245.49;"In Transit";"6337";"2024-06-28";"Cold Chain";"Unknown_post";"Handle with care"
"T100853";"OR-53548";"PN003";"Insulin Glargine 100IU/ml";"S004";"HealQuick";"D003";"Scotland Regional Hub";"PH005";"County General Pharmacy";"2024-11-02";10;"2024-11-12";100;100;56.03;199.66;5802.66;"In Transit";"B9508";"2026-04-06";"Refrigerated";"LS1 1UR";"Call before delivery"
"T100855";"OR-10316";"PN008";"Flu Vaccine";"S002";"MediSupply Ltd";"D005";"East England Depot";"PH006";"Northside Pharmacy";"2023-08-12";3;"2023-08-16";0;0;8.84;26.75;26.75;"Cancelled";"B8070";"2024-10-19";"Room Temp";"M1 2AB";"Unknown_notes"
"T100857";"OR-32565";"PN004";"Atorvastatin 20mg Tablet";"S004";"HealQuick";"D001";"Central Hub London";"PH003";"City Clinic Pharmacy";"2023-04-19";2;"2023-04-22";10;10;33.88;151.72;490.52;"Cancelled";"B4115";"2024-03-26";"Refrigerated";"Unknown_post";"Call before delivery"
"T100858";"OR-22324";"PN010";"Co-codamol 30/500 Tablet";"S003";"UKPharma Dist";"D003";"Scotland Regional Hub";"PH008";"Lakeside Pharmacy";"2025-01-02";5;"2025-01-07";500;500;50.82;119.38;25529.38;"In Transit";"B6291";"2025-11-11";"Refrigerated";"B1 1AA";"Short Shipment"
"T100861";"OR-72348";"PN005";"Salbutamol Inhaler";"S002";"MediSupply Ltd";"D002";"North West Depot";"PH003";"City Clinic Pharmacy";"2023-09-02";5;"2023-09-09";200;200;48.62;278.02;10002.02;"Cancelled";"Unknown_batch";"2024-10-21";"ambient";"Unknown_post";"Unknown_notes"
"T100862";"OR-12072";"PN006";"Warfarin 2mg Tablet";"S003";"UKPharma Dist";"D005";"East England Depot";"PH004";"Community Health Pharmacy";"2024-09-22";3;"2024-09-27";100;100;49.55;56.01;5011.01;"Returned";"B1570";"2026-04-12";"Refrigerated";"Unknown_post";"Short Shipment"
"T100864";"OR-22768";"PN006";"Warfarin 2mg Tablet";"S005";"GlobalMeds";"D001";"Central Hub London";"PH009";"Midtown Pharmacy";"2023-10-12";10;"2023-12-20";250;250;58.75;87.62;14775.12;"Partial";"B2407";"2025-12-26";"Refrigerated";"B1 1AA";"Call before delivery"
"T100865";"OR-70915";"PN003";"Insulin Glargine 100IU/ml";"S001";"NHS Supply Chain";"D003";"Scotland Regional Hub";"PH008";"Lakeside Pharmacy";"2023-11-28";4;"2023-12-02";3921;3921;38.86;46.99;152417.05;"Cancelled";"B7456";"2026-05-16";"ambient";"B1 1AA";"Handle with care"
"T100867";"OR-48998";"PN005";"Salbutamol Inhaler";"S004";"HealQuick";"D003";"Scotland Regional Hub";"PH008";"Lakeside Pharmacy";"2023-06-05";14;"2023-06-19";50;50;15.19;171.85;931.35;"Cancelled";"B7221";"2024-10-24";"Refrigerated";"Unknown_post";"Short Shipment"
"T100868";"OR-94931";"PN007";"Omeprazole 20mg Capsule";"S001";"NHS Supply Chain";"D003";"Scotland Regional Hub";"PH010";"University Hospital Pharmacy";"2024-12-15";5;"2024-12-22";100;100;5.24;266.6;790.6;"Delivered";"B4290";"2025-10-11";"ambient";"LS1 1UR";"Temperature Sensitive"
"T100869";"OR-42412";"PN005";"Salbutamol Inhaler";"S003";"UKPharma Dist";"D002";"North West Depot";"PH008";"Lakeside Pharmacy";"2025-02-05";4;"2025-09-02";300;300;22.72;11.08;6827.08;"Returned";"B7294";"2027-04-11";"ambient";"B1 1AA";"Unknown_notes"
"T100870";"OR-29839";"PN002";"Paracetamol 500mg Tablet";"S002";"MediSupply Ltd";"D001";"Central Hub London";"PH003";"City Clinic Pharmacy";"2023-03-07";7;"2023-03-15";500;500;28.39;124.1;14319.1;"Cancelled";"B3564";"2025-08-12";"ambient";"Unknown_post";"Temperature Sensitive"
"T100873";"OR-49248";"PN009";"Metformin 500mg Tablet";"S003";"UKPharma Dist ";"D001";"Central Hub London";"PH010";"University Hospital Pharmacy";"2023-10-24";-2;"2023-10-24";500;500;36.77;113.29;18498.29;"Cancelled";"B2525";"2025-02-20";"Room Temp";"M1 2AB";"Short Shipment"
"T100874";"OR-38959";"PN010";"Co-codamol 30/500 Tablet";"S003";"UKPharma Dist";"D005";"East England Depot";"PH009";"Midtown Pharmacy";"2023-09-17";14;"2023-10-01";150;150;18.16;66.68;2790.68;"Cancelled";"B2191";"2025-12-10";"Refrigerated";"Unknown_post";"Short Shipment"
"T100875";"OR-61898";"PN003";"Insulin Glargine 100IU/ml";"S001";"NHS SUPPLY CHAIN";"D003";"Scotland Regional Hub";"PH006";"Northside Pharmacy";"2025-01-27";5;"2025-01-02";50;50;49.5;40.42;2515.42;"Delivered";"B7658";"2026-02-18";"ambient";"LS1 1UR";"Short Shipment"
"T100876";"OR-30588";"PN003";"Insulin Glargine 100IU/ml";"S004";"HealQuick";"D005";"East England Depot";"PH008";"Lakeside Pharmacy";"2025-02-21";7;"2025-03-02";200;200;48.27;131.2;9795.2;"Returned";"B9245";"2026-07-29";"ambient";"M1 2AB";"Temperature Sensitive"
"T100877";"OR-61364";"PN001";"amoxicillin 500mg capsule";"S002";"MediSupply Ltd";"D002";"North West Depot";"PH007";"Southcare Pharmacy";"2023-12-31";3;"2024-01-03";150;150;44.01;283.68;6885.18;"Cancelled";"B8542";"2025-11-28";"Refrigerated";"Unknown_post";"Short Shipment"
"T100879";"OR-80854";"PN004";"Atorvastatin 20mg Tablet";"S005";"GlobalMeds";"D005";"East England Depot";"PH002";"Royal Infirmary Pharmacy";"2024-09-03";7;"2024-03-18";250;250;18.64;87.18;4747.18;"Partial";"B3143";"2024-09-17";"ambient";"Unknown_post";"Short Shipment"
"T100881";"OR-94256";"PN005";"Salbutamol Inhaler";"S005";"GlobalMeds";"D004";"Wales Depot";"PH001";"St Thomas Hospital Pharmacy";"2024-02-20";2;"2024-02-23";150;150;3.53;118.12;647.62;"Partial";"B3699";"2025-07-17";"Refrigerated";"Unknown_post";"Unknown_notes"
"T100882";"OR-40123";"PN005";"Salbutamol Inhaler";"S004";"HealQuick";"D005";"East England Depot";"PH001";"St Thomas Hospital Pharmacy";"2025-02-27";4;"2025-03-03";300;300;8.28;172.61;2656.61;"Returned";"B8337";"2027-01-17";"Refrigerated";"LS1 1UR";"Short Shipment"
"T100883";"OR-54151";"PN009";"Metformin 500mg Tablet";"S005";"GlobalMeds";"D004";"Wales Depot";"PH005";"County General Pharmacy";"2023-11-30";5;"2023-12-05";10;10;57.89;265.91;844.81;"Returned";"B9000";"2024-07-05";"Refrigerated";"Unknown_post";"Please confirm"
"T100884";"OR-87886";"PN002";"Paracetamol 500mg Tablet";"S004";"HealQuick";"D003";"Scotland Regional Hub";"PH005";"County General Pharmacy";"2024-04-03";4;"2024-04-07";150;150;59.47;295.81;9216.31;"Returned";"B2876";"2026-01-17";"Refrigerated";"LS1 1UR";"Short Shipment"
"T100885";"OR-73077";"PN006";"Warfarin 2mg Tablet";"S004";"HEALQUICK";"D004";"Wales Depot";"PH005";"County General Pharmacy";"2024-11-06";4;"2024-11-10";50;50;6.93;129.07;475.57;"Returned";"B3013";"2026-05-08";"Refrigerated";"M1 2AB";"Call before delivery"
"T100888";"OR-28500";"PN002";"Paracetamol 500mg Tablet";"S005";"GlobalMeds";"D004";"Wales Depot";"PH003";"City Clinic Pharmacy";"2024-07-04";14;"2024-07-19";100;100;68.23;242.74;7065.74;"Delivered";"Unknown_batch";"2026-01-21";"Refrigerated";"B1 1AA";"Unknown_notes"
"T100889";"OR-64886";"PN003";"Insulin Glargine 100IU/ml";"S005";"GlobalMeds";"D003";"Scotland Regional Hub";"PH002";"Royal Infirmary Pharmacy";"2024-10-15";3;"2024-10-18";200;163;63.4;195.48;12875.48;"Returned";"Unknown_batch";"2026-11-11";"ambient";"LS1 1UR";"Handle with care"
"T100890";"OR-53276";"PN007";"Omeprazole 20mg Capsule";"S001";"NHS Supply Chain";"D002";"North West Depot";"PH008";"Lakeside Pharmacy";"2023-07-20";5;"2023-07-25";500;500;59.39;238.83;29933.83;"Cancelled";"B9415";"2025-11-14";"ambient";"Unknown_post";"Please confirm"
"T100891";"OR-46718";"PN003";"Insulin Glargine 100IU/ml";"S005";"GlobalMeds";"D003";"Scotland Regional Hub";"PH005";"County General Pharmacy";"2023-02-08";10;"2023-02-19";10;10;34.36;142.67;486.27;"In Transit";"B5417";"2024-03-15";"Refrigerated";"LS1 1UR";"Call before delivery"
"T100894";"OR-51406";"PN006";"Warfarin 2mg Tablet";"S002";"MediSupply Ltd";"D002";"North West Depot";"PH001";"St Thomas Hospital Pharmacy";"2023-06-03";7;"2023-06-10";200;200;66.33;199.29;13465.29;"Delivered";"B4139";"2025-04-20";"Refrigerated";"LS1 1UR";"Handle with care"
"T100896";"OR-32613";"PN002";"Paracetamol 500mg Tablet";"S004";"HealQuick ";"D001";"Central Hub London";"PH002";"Royal Infirmary Pharmacy";"2023-04-17";7;"2023-04-24";150;150;1.41;19.15;230.65;"Cancelled";"B3127";"2023-12-11";"Refrigerated";"B1 1AA";"Temperature Sensitive"
"T100897";"OR-66774";"PN002";"Paracetamol 500mg Tablet";"S003";"UKPharma Dist";"D004";"Wales Depot";"PH003";"City Clinic Pharmacy";"2023-10-09";3;"2023-10-14";10;10;17.21;242.68;414.78;"Returned";"B5572";"2025-06-12";"Refrigerated";"LS1 1UR";"Please confirm"
"T100900";"OR-38074";"PN009";"Metformin 500mg Tablet";"S005";"GlobalMeds";"D003";"Scotland Regional Hub";"PH002";"Royal Infirmary Pharmacy";"2024-03-12";4;"2024-03-18";500;500;4.52;228.64;2488.64;"Delivered";"B6443";"2026-03-29";"Room Temp";"SE1 9RT";"Call before delivery"
"T100902";"OR-78848";"PN001";"Amoxicillin 500mg Capsule";"S005";"GlobalMeds";"D005";"East England Depot";"PH004";"Community Health Pharmacy";"2024-02-09";3;"2024-02-13";10;10;11.57;197.91;313.61;"In Transit";"Unknown_batch";"2024-09-06";"ambient";"Unknown_post";"Temperature Sensitive"
"T100903";"OR-68507";"PN005";"Salbutamol Inhaler";"S002";"MediSupply Ltd";"D002";"North West Depot";"PH003";"City Clinic Pharmacy";"2023-02-04";3;"2023-02-09";500;500;1.39;263.39;958.39;"Returned";"B4689";"2023-11-25";"Refrigerated";"LS1 1UR";"Short Shipment"
"T100907";"OR-68623";"PN007";"Omeprazole 20mg Capsule";"S005";"GlobalMeds ";"D002";"North West Depot";"PH007";"Southcare Pharmacy";"2025-06-04";2;"2025-08-04";500;500;63.61;96.25;31901.25;"Returned";"B7789";"2026-06-29";"ambient";"LS1 1UR";"Call before delivery"
"T100908";"OR-12948";"PN003";"Insulin Glargine 100IU/ml";"S003";"UKPharma Dist";"D003";"Scotland Regional Hub";"PH006";"Northside Pharmacy";"2024-05-03";-1;"2024-03-06";500;415;64.88;261.94;32701.94;"Delivered";"8843";"2024-11-13";"Cold Chain";"Unknown_post";"Unknown_notes"
"T100909";"OR-12822";"PN007";"Omeprazole 20mg Capsule";"S004";"HealQuick";"D005";"East England Depot";"PH008";"Lakeside Pharmacy";"2023-12-26";2;"2023-12-28";150;150;52.4;26.75;7886.75;"Delivered";"B7292";"2026-05-21";"Refrigerated";"M1 2AB";"Handle with care"
"T100910";"OR-68187";"PN002";"Paracetamol 500mg Tablet";"S003";"UKPharma Dist";"D004";"Wales Depot";"PH004";"Community Health Pharmacy";"2025-04-18";10;"2025-04-28";200;200;31.29;113.92;6371.92;"Returned";"B3949";"2026-08-26";"Refrigerated";"Unknown_post";"Unknown_notes"
"T100912";"OR-95537";"PN004";"Atorvastatin 20mg Tablet";"S002";"MediSupply Ltd";"D005";"East England Depot";"PH008";"Lakeside Pharmacy";"2023-06-05";7;"2023-05-15";200;200;14.63;75.94;3001.94;"Returned";"B8345";"2025-06-17";"Refrigerated";"LS1 1UR";"Short Shipment"
"T100914";"OR-99305";"PN008";"Flu Vaccine";"S004";"HealQuick";"D003";"Scotland Regional Hub";"PH003";"City Clinic Pharmacy";"2023-01-04";7;"2023-01-11";250;250;29.49;166.89;7539.39;"Returned";"B3581";"2025-04-23";"Refrigerated";"LS1 1UR";"Call before delivery"
"T100915";"OR-97803";"PN005";"Salbutamol Inhaler";"S003";"UKPharma Dist";"D001";"Central Hub London";"PH008";"Lakeside Pharmacy";"2024-09-09";5;"2024-09-16";250;91;14.88;6.51;3726.51;"In Transit";"B3882";"2025-06-17";"ambient";"LS1 1UR";"Short Shipment"
"T100918";"OR-59925";"PN006";"Warfarin 2mg Tablet";"S002";"MediSupply Ltd";"D002";"North West Depot";"PH005";"County General Pharmacy";"2025-06-01";10;"2025-11-06";250;250;42.92;240.4;10970.4;"Partial";"B8988";"2027-04-21";"Refrigerated";"M1 2AB";"Please confirm"
"T100921";"OR-64675";"PN007";"Omeprazole 20mg Capsule";"S001";"NHS Supply Chain";"D003";"Scotland Regional Hub";"PH009";"Midtown Pharmacy";"2025-01-09";14;"2025-01-23";150;150;53.23;290.1;8274.6;"Partial";"Unknown_batch";"2025-12-09";"Refrigerated";"Unknown_post";"Temperature Sensitive"
"T100922";"OR-74474";"PN006";"Warfarin 2mg Tablet";"S004";"HealQuick";"D001";"Central Hub London";"PH005";"County General Pharmacy";"2023-06-23";14;"2023-08-07";10;10;8.39;149.7;233.6;"Returned";"B2591";"2024-12-31";"Refrigerated";"Unknown_post";"Temperature Sensitive"
"T100923";"OR-80644";"PN007";"Omeprazole 20mg Capsule";"S003";"UKPharma Dist";"D003";"Scotland Regional Hub";"PH005";"County General Pharmacy";"2025-02-03";4;"2025-02-09";0;0;17.44;293.83;293.83;"Cancelled";"B8278";"2025-12-26";"ambient";"Unknown_post";"Unknown_notes"
"T100924";"OR-22103";"PN001";"Amoxicillin 500mg Capsule";"S002";"MediSupply Ltd";"D002";"North West Depot";"PH004";"Community Health Pharmacy";"2024-02-09";10;"2024-09-13";150;119;34.56;222.78;5416.78;"Partial";"B3933";"2026-03-12";"Refrigerated";"LS1 1UR";"Unknown_notes"
"T100926";"OR-59245";"PN003";"Insulin Glargine 100IU/ml";"S001";"NHS Supply Chain";"D002";"North West Depot";"PH006";"Northside Pharmacy";"2024-05-17";14;"2024-05-31";250;250;66.43;117.43;16724.93;"Partial";"B3485";"2026-01-02";"Refrigerated";"Unknown_post";"Unknown_notes"
"T100929";"OR-10424";"PN005";"Salbutamol Inhaler";"S003";"UKPharma Dist";"D003";"Scotland Regional Hub";"PH006";"Northside Pharmacy";"2023-08-18";10;"2023-08-28";10;5;38.51;103.66;488.76;"Returned";"B2972";"2025-11-25";"Refrigerated";"SE1 9RT";"Unknown_notes"
"T100931";"OR-77914";"PN007";"Omeprazole 20mg Capsule";"S003";"UKPharma Dist";"D002";"North West Depot";"PH002";"Royal Infirmary Pharmacy";"2024-11-04";4;"2024-11-09";10;10;68.75;195.93;883.43;"Returned";"B8846";"2025-12-22";"Refrigerated";"B1 1AA";"Please confirm"
"T100932";"OR-32246";"PN004";"Atorvastatin 20mg Tablet";"S002";"MediSupply Ltd";"D002";"North West Depot";"PH008";"Lakeside Pharmacy";"2023-01-17";14;"2023-02-02";250;99;23.93;285.71;6268.21;"Cancelled";"B8954";"2023-09-13";"Room Temp";"Unknown_post";"Short Shipment"
"T100934";"OR-76106";"PN002";"Paracetamol 500mg Tablet";"S003";"UKPharma Dist";"D004";"Wales Depot";"PH010";"University Hospital Pharmacy";"2024-03-29";2;"2024-04-01";150;150;41.55;245.98;6478.48;"Returned";"B5177";"2025-08-16";"Cold Chain";"Unknown_post";"Unknown_notes"
"T100935";"OR-25655";"PN007";"Omeprazole 20mg Capsule";"S001";"NHS Supply Chain";"D005";"East England Depot";"PH008";"Lakeside Pharmacy";"2024-10-12";2;"2024-10-14";20;20;18.47;263.06;632.46;"Cancelled";"B2315";"2026-03-03";"Refrigerated";"Unknown_post";"Handle with care"
"T100937";"OR-57238";"PN003";"Insulin Glargine 100IU/ml";"S004";"HealQuick";"D005";"East England Depot";"PH001";"St Thomas Hospital Pharmacy";"2024-04-19";10;"2024-04-29";100;100;17.89;65.59;1854.59;"In Transit";"B9597";"2025-03-23";"Cold Chain";"Unknown_post";"Temperature Sensitive"
"T100938";"OR-17166";"PN008";"Flu Vaccine";"S003";"UKPharma Dist";"D001";"Central Hub London";"PH005";"County General Pharmacy";"2025-05-02";3;"2025-05-05";10;10;47.93;239.81;719.11;"Delivered";"2369";"2027-07-02";"ambient";"Unknown_post";"Handle with care"
"T100939";"OR-70081";"PN009";"Metformin 500mg Tablet";"S004";"HealQuick";"D002";"North West Depot";"PH001";"St Thomas Hospital Pharmacy";"2024-10-24";10;"2024-11-05";50;50;67.62;224.85;3605.85;"Partial";"B2076";"2026-09-10";"Unknown_temp";"B1 1AA";"Temperature Sensitive"
"T100942";"OR-98938";"PN001";"Amoxicillin 500mg Capsule";"S001";"NHS Supply Chain ";"D004";"Wales Depot";"PH009";"Midtown Pharmacy";"2023-10-26";7;"2023-02-11";10;10;45.53;275.93;731.23;"Returned";"Unknown_batch";"2025-04-08";"Refrigerated";"SE1 9RT";"Short Shipment"
"T100944";"OR-96974";"PN009";"Metformin 500mg Tablet";"S004";"HealQuick ";"D001";"Central Hub London";"PH008";"Lakeside Pharmacy";"2023-01-26";10;"2023-02-05";200;200;74.12;45.88;14869.88;"Returned";"Unknown_batch";"2024-12-08";"Refrigerated";"Unknown_post";"Short Shipment"
"T100945";"OR-85252";"PN004";"Atorvastatin 20mg Tablet";"S002";"MediSupply Ltd";"D005";"East England Depot";"PH005";"County General Pharmacy";"2024-01-06";14;"2024-01-20";500;500;1.83;31.4;946.4;"In Transit";"B5654";"2026-01-11";"Refrigerated";"M1 2AB";"Please confirm"
"T100946";"OR-53372";"PN004";"Atorvastatin 20mg Tablet";"S004";"HealQuick";"D001";"Central Hub London";"PH010";"University Hospital Pharmacy";"2025-01-05";14;"2025-05-15";0;0;42.45;201.1;201.1;"Delivered";"B6751";"2026-03-05";"Refrigerated";"SE1 9RT";"Please confirm"
"T100948";"OR-11252";"PN007";"Omeprazole 20mg Capsule";"S003";"UKPharma Dist ";"D002";"North West Depot";"PH008";"Lakeside Pharmacy";"2024-04-02";5;"2024-04-09";0;0;48.65;57.45;57.45;"In Transit";"B8812";"2025-01-14";"ambient";"SE1 9RT";"Call before delivery"
"T100949";"OR-59179";"PN006";"Warfarin 2mg Tablet";"S001";"NHS SUPPLY CHAIN";"D002";"North West Depot";"PH007";"Southcare Pharmacy";"2024-10-31";5;"2024-11-07";250;250;73.07;0.81;18268.31;"In Transit";"B1893";"2026-02-27";"Refrigerated";"SE1 9RT";"Unknown_notes"
"T100950";"OR-23619";"PN006";"Warfarin 2mg Tablet";"S001";"NHS Supply Chain";"D003";"Scotland Regional Hub";"PH003";"City Clinic Pharmacy";"2024-07-10";5;"2024-07-17";500;183;63.25;181.17;31806.17;"Partial";"Unknown_batch";"2026-08-19";"Refrigerated";"Unknown_post";"Temperature Sensitive"
"T100951";"OR-52526";"PN005";"Salbutamol Inhaler";"S004";"HealQuick";"D003";"Scotland Regional Hub";"PH010";"University Hospital Pharmacy";"2024-03-06";3;"2024-03-09";250;250;40.67;233.31;10400.81;"Returned";"B9812";"2025-03-02";"Refrigerated";"Unknown_post";"Unknown_notes"
"T100952";"OR-93713";"PN006";"Warfarin 2mg Tablet";"S002";"MediSupply Ltd";"D002";"North West Depot";"PH007";"Southcare Pharmacy";"2024-04-08";2;"2024-12-04";100;100;56.55;192.77;5847.77;"Delivered";"B8362";"2025-09-03";"ambient";"Unknown_post";"Unknown_notes"
"T100955";"OR-46471";"PN003";"Insulin Glargine 100IU/ml";"S004";"HealQuick";"D001";"Central Hub London";"PH010";"University Hospital Pharmacy";"2023-10-04";4;"2023-10-08";0;0;16.31;294.99;294.99;"Partial";"Unknown_batch";"2025-03-02";"Room Temp";"B1 1AA";"Handle with care"
"T100957";"OR-36589";"PN007";"Omeprazole 20mg Capsule";"S002";"MEDISUPPLY LTD";"D003";"Scotland Regional Hub";"PH006";"Northside Pharmacy";"2025-02-28";2;"2025-03-02";300;300;33.33;219.76;10218.76;"In Transit";"B6917";"2026-12-14";"Refrigerated";"M1 2AB";"Call before delivery"
"T100958";"OR-33047";"PN002";"Paracetamol 500mg Tablet";"S001";"NHS Supply Chain";"D002";"North West Depot";"PH008";"Lakeside Pharmacy";"2025-02-04";3;"2025-02-08";150;150;31.9;296.17;5081.17;"Partial";"Unknown_batch";"2025-09-03";"Refrigerated";"Unknown_post";"Short Shipment"
"T100962";"OR-51610";"PN004";"Atorvastatin 20mg Tablet";"S004";"HealQuick";"D005";"East England Depot";"PH005";"County General Pharmacy";"2023-06-30";7;"2023-07-09";50;50;33.34;39.34;1706.34;"Partial";"B8336";"2024-01-13";"Room Temp";"LS1 1UR";"Short Shipment"
"T100964";"OR-86872";"PN001";"Amoxicillin 500mg Capsule";"S002";"MediSupply Ltd ";"D003";"Scotland Regional Hub";"PH001";"St Thomas Hospital Pharmacy";"2024-12-13";2;"2024-12-15";50;50;10.34;252.92;769.92;"Delivered";"B1581";"2026-06-17";"ambient";"Unknown_post";"Temperature Sensitive"
"T100968";"OR-53991";"PN006";"Warfarin 2mg Tablet";"S001";"NHS Supply Chain ";"D001";"Central Hub London";"PH007";"Southcare Pharmacy";"2025-01-06";5;"2025-01-12";500;500;45.96;78.32;23058.32;"Cancelled";"B5868";"2025-12-06";"Refrigerated";"SE1 9RT";"Unknown_notes"
"T100969";"OR-47341";"PN004";"Atorvastatin 20mg Tablet";"S001";"NHS Supply Chain";"D002";"North West Depot";"PH009";"Midtown Pharmacy";"2023-01-29";2;"2023-01-31";250;250;41.75;63.39;10500.89;"Returned";"2692";"2025-02-03";"Cold Chain";"M1 2AB";"Unknown_notes"
"T100972";"OR-44807";"PN005";"Salbutamol Inhaler";"S001";"NHS Supply Chain";"D004";"Wales Depot";"PH007";"Southcare Pharmacy";"2024-04-27";4;"2024-05-02";200;200;28.6;214.8;5934.8;"In Transit";"B1702";"2026-08-04";"ambient";"M1 2AB";"Call before delivery"
"T100975";"OR-40127";"PN007";"Omeprazole 20mg Capsule";"S003";"UKPharma Dist";"D005";"East England Depot";"PH001";"St Thomas Hospital Pharmacy";"2025-02-08";5;"2025-02-13";200;200;60.72;169.19;12313.19;"In Transit";"B3190";"2027-04-02";"ambient";"M1 2AB";"Unknown_notes"
"T100976";"OR-50602";"PN002";"Paracetamol 500mg Tablet";"S003";"UKPharma Dist";"D002";"North West Depot";"PH009";"Midtown Pharmacy";"2024-08-12";2;"2024-12-12";250;126;15.96;151.16;4141.16;"Delivered";"B8973";"2025-07-28";"Refrigerated";"Unknown_post";"Temperature Sensitive"
"T100979";"OR-40633";"PN008";"Flu Vaccine";"S002";"MediSupply Ltd";"D003";"Scotland Regional Hub";"PH002";"Royal Infirmary Pharmacy";"2024-12-23";7;"2024-12-31";200;200;30.65;142.69;6272.69;"Delivered";"B9309";"2026-02-02";"Cold Chain";"Unknown_post";"Short Shipment"
"T100980";"OR-14056";"PN009";"Metformin 500mg Tablet";"S002";"MediSupply Ltd";"D005";"East England Depot";"PH003";"City Clinic Pharmacy";"2023-07-14";5;"2023-07-20";200;200;39.02;176.31;7980.31;"Partial";"B1055";"2025-04-02";"Refrigerated";"M1 2AB";"Short Shipment"
"T100981";"OR-99848";"PN008";"Flu Vaccine";"S005";"GlobalMeds";"D004";"Wales Depot";"PH006";"Northside Pharmacy";"2023-11-23";5;"2023-11-30";300;300;46.87;202.87;14263.87;"In Transit";"B1701";"2025-07-08";"ambient";"M1 2AB";"Please confirm"
"T100982";"OR-60733";"PN008";"Flu Vaccine";"S004";"HealQuick ";"D003";"Scotland Regional Hub";"PH008";"Lakeside Pharmacy";"2023-08-04";14;"2023-08-18";200;200;50.72;102.86;10246.86;"Partial";"Unknown_batch";"2026-01-09";"ambient";"Unknown_post";"Short Shipment"
"T100983";"OR-41605";"PN008";"Flu Vaccine";"S003";"UKPHARMA DIST";"D005";"East England Depot";"PH004";"Community Health Pharmacy";"2023-10-02";4;"2023-10-06";500;361;64.19;154.17;32249.17;"Delivered";"B5737";"2024-10-13";"ambient";"M1 2AB";"Call before delivery"
"T100984";"OR-73659";"PN010";"Co-codamol 30/500 Tablet";"S005";"GlobalMeds";"D003";"Scotland Regional Hub";"PH005";"County General Pharmacy";"2023-08-09";2;"2023-08-12";500;500;58.73;39.34;29404.34;"In Transit";"B6709";"2025-07-28";"ambient";"Unknown_post";"Unknown_notes"
"T100985";"OR-76349";"PN007";"Omeprazole 20mg Capsule";"S002";"MediSupply Ltd";"D002";"North West Depot";"PH005";"County General Pharmacy";"2025-06-10";3;"2025-06-15";10;10;50.42;187.37;691.57;"In Transit";"B9656";"2027-08-01";"ambient";"B1 1AA";"Handle with care"
"T100986";"OR-68829";"PN010";"Co-codamol 30/500 Tablet";"S004";"HealQuick";"D001";"Central Hub London";"PH005";"County General Pharmacy";"2023-05-06";4;"2023-11-05";100;100;27.49;144.13;2893.13;"Cancelled";"B3672";"2024-08-11";"ambient";"Unknown_post";"Call before delivery"
"T100987";"OR-79143";"PN009";"Metformin 500mg Tablet";"S005";"GlobalMeds";"D001";"Central Hub London";"PH001";"St Thomas Hospital Pharmacy";"2024-07-27";5;"2024-08-03";500;500;29.83;279.1;15194.1;"Cancelled";"B7462";"2025-04-27";"Refrigerated";"Unknown_post";"Call before delivery"
"T100989";"OR-84792";"PN009";"Metformin 500mg Tablet";"S005";"GLOBALMEDS";"D002";"North West Depot";"PH007";"Southcare Pharmacy";"2023-11-26";4;"2023-12-02";500;500;10.41;267.7;5472.7;"Partial";"B5372";"2024-10-19";"Cold Chain";"SE1 9RT";"Temperature Sensitive"
"T100992";"OR-26739";"PN004";"Atorvastatin 20mg Tablet";"S003";"UKPharma Dist";"D003";"Scotland Regional Hub";"PH001";"St Thomas Hospital Pharmacy";"2024-01-19";3;"2024-01-23";200;200;49.81;187.27;10149.27;"Returned";"B8202";"2025-03-18";"Refrigerated";"M1 2AB";"Short Shipment"
"T100993";"OR-68008";"PN006";"Warfarin 2mg Tablet";"S002";"MediSupply Ltd";"D002";"North West Depot";"PH002";"Royal Infirmary Pharmacy";"2024-08-11";2;"2024-08-13";50;50;54.97;223.8;2972.3;"Delivered";"B6968";"2026-02-18";"Cold Chain";"Unknown_post";"Temperature Sensitive"
"T100995";"OR-80964";"PN006";"Warfarin 2mg Tablet";"S002";"MediSupply Ltd";"D005";"East England Depot";"PH009";"Midtown Pharmacy";"2024-04-02";14;"2024-04-16";20;20;66.56;6.26;1337.46;"Returned";"B9108";"2025-03-19";"ambient";"M1 2AB";"Call before delivery"
"T100997";"OR-71724";"PN008";"Flu Vaccine";"S004";"HealQuick";"D001";"Central Hub London";"PH009";"Midtown Pharmacy";"2024-01-22";3;"2024-01-25";100;100;3.34;118.04;452.04;"In Transit";"B8424";"2026-04-14";"Refrigerated";"SE1 9RT";"Short Shipment"
"T101000";"OR-10861";"PN005";"Salbutamol Inhaler";"S001";"NHS Supply Chain";"D004";"Wales Depot";"PH002";"Royal Infirmary Pharmacy";"2023-04-20";7;"2023-04-27";250;250;52.83;159.24;13366.74;"Partial";"B8027";"2024-10-27";"Room Temp";"LS1 1UR";"Unknown_notes"
"T101001";"OR-56260";"PN009";"Metformin 500mg Tablet";"S003";"UKPharma Dist";"D002";"North West Depot";"PH006";"Northside Pharmacy";"2025-06-14";5;"2025-06-21";150;150;48.19;226.02;7454.52;"Delivered";"B7320";"2026-05-24";"Room Temp";"Unknown_post";"Call before delivery"
"T101004";"OR-72477";"PN003";"Insulin Glargine 100IU/ml";"S002";"MediSupply Ltd";"D005";"East England Depot";"PH005";"County General Pharmacy";"2023-12-23";3;"2023-12-26";10;10;29.8;76.83;374.83;"Cancelled";"B8661";"2024-12-23";"ambient";"Unknown_post";"Unknown_notes"
"T101005";"OR-12027";"PN008";"Flu Vaccine";"S005";"GlobalMeds";"D004";"Wales Depot";"PH001";"St Thomas Hospital Pharmacy";"2024-12-29";2;"2025-01-01";0;0;9.07;53.64;53.64;"In Transit";"B5688";"2027-04-10";"ambient";"M1 2AB";"Short Shipment"
"T101007";"OR-78902";"PN008";"Flu Vaccine";"S003";"UKPharma Dist ";"D002";"North West Depot";"PH001";"St Thomas Hospital Pharmacy";"2025-03-23";3;"2025-03-28";200;200;18.76;246.43;3998.43;"In Transit";"B3762";"2026-10-18";"Cold Chain";"SE1 9RT";"Short Shipment"
"T101008";"OR-98993";"PN009";"Metformin 500mg Tablet";"S003";"UKPharma Dist";"D002";"North West Depot";"PH009";"Midtown Pharmacy";"2024-02-11";10;"2024-02-21";50;50;67.52;281.86;3657.86;"Partial";"B7415";"2025-08-19";"Refrigerated";"SE1 9RT";"Unknown_notes"
"T101009";"OR-89820";"PN008";"Flu Vaccine";"S005";"GlobalMeds";"D002";"North West Depot";"PH009";"Midtown Pharmacy";"2024-02-23";14;"2024-03-08";500;500;20.57;15.9;10300.9;"In Transit";"B6889";"2026-02-09";"Refrigerated";"Unknown_post";"Call before delivery"
"T101010";"OR-32847";"PN007";"Omeprazole 20mg Capsule";"S005";"GlobalMeds";"D002";"North West Depot";"PH010";"University Hospital Pharmacy";"2024-02-24";7;"2024-03-03";20;20;46.33;98.49;1025.09;"Delivered";"B2982";"2025-02-03";"Refrigerated";"Unknown_post";"Handle with care"
"T101011";"OR-37664";"PN009";"Metformin 500mg Tablet";"S005";"GlobalMeds";"D004";"Wales Depot";"PH003";"City Clinic Pharmacy";"2023-01-22";10;"2023-02-01";50;50;51.58;99.05;2678.05;"Cancelled";"B7908";"2025-07-09";"Cold Chain";"Unknown_post";"Call before delivery"
"T101012";"OR-64731";"PN003";"Insulin Glargine 100IU/ml";"S003";"UKPharma Dist";"D001";"Central Hub London";"PH003";"City Clinic Pharmacy";"2023-12-20";2;"2023-12-22";0;0;67.37;145.32;145.32;"Delivered";"B9706";"2025-09-10";"Refrigerated";"Unknown_post";"Unknown_notes"
"T101013";"OR-76866";"PN008";"Flu Vaccine";"S001";"NHS Supply Chain";"D002";"North West Depot";"PH001";"St Thomas Hospital Pharmacy";"2024-11-25";2;"2024-11-29";200;200;63.75;107.98;12857.98;"Returned";"B6304";"2026-11-28";"Cold Chain";"M1 2AB";"Short Shipment"
"T101015";"OR-21885";"PN004";"Atorvastatin 20mg Tablet";"S005";"GlobalMeds";"D004";"Wales Depot";"PH002";"Royal Infirmary Pharmacy";"2023-03-24";2;"2023-03-28";100;100;45.47;67.01;4614.01;"Partial";"B4366";"2024-07-29";"ambient";"Unknown_post";"Temperature Sensitive"
"T101017";"OR-27001";"PN009";"Metformin 500mg Tablet";"S005";"GlobalMeds";"D005";"East England Depot";"PH005";"County General Pharmacy";"2023-04-22";14;"2023-05-06";0;0;6.28;53.74;53.74;"In Transit";"B5636";"2025-03-28";"Room Temp";"SE1 9RT";"Handle with care"
"T101018";"OR-57666";"PN002";"Paracetamol 500mg Tablet";"S004";"HealQuick";"D003";"Scotland Regional Hub";"PH004";"Community Health Pharmacy";"2023-08-01";2;"2023-08-05";150;150;60.45;243.46;9310.96;"Delivered";"B4731";"2024-05-04";"Room Temp";"Unknown_post";"Call before delivery"
"T101019";"OR-82947";"PN001";"Amoxicillin 500mg Capsule";"S002";"MediSupply Ltd";"D002";"North West Depot";"PH003";"City Clinic Pharmacy";"2023-09-20";10;"2023-09-30";10;5;40.05;253.69;654.19;"Returned";"B7128";"2026-01-27";"ambient";"LS1 1UR";"Short Shipment"
"T101021";"OR-87938";"PN003";"Insulin Glargine 100IU/ml";"S001";"NHS Supply Chain";"D005";"East England Depot";"PH002";"Royal Infirmary Pharmacy";"2025-06-07";14;"2025-06-21";50;50;63.46;14.82;3187.82;"Delivered";"B3366";"2027-06-24";"Unknown_temp";"B1 1AA";"Handle with care"
"T101022";"OR-57566";"PN005";"Salbutamol Inhaler";"S001";"NHS Supply Chain ";"D002";"North West Depot";"PH008";"Lakeside Pharmacy";"2024-06-23";10;"2024-03-07";250;250;12.55;190.87;3328.37;"Returned";"B9510";"2026-05-03";"Refrigerated";"Unknown_post";"Short Shipment"
"T101026";"OR-13430";"PN008";"Flu Vaccine";"S002";"MediSupply Ltd";"D005";"East England Depot";"PH004";"Community Health Pharmacy";"2025-01-27";5;"2025-03-02";250;250;25.3;240.85;6565.85;"Delivered";"B2017";"2026-08-06";"Room Temp";"SE1 9RT";"Temperature Sensitive"
"T101030";"OR-19749";"PN002";"Paracetamol 500mg Tablet";"S003";"UKPharma Dist";"D004";"Wales Depot";"PH001";"St Thomas Hospital Pharmacy";"2024-12-02";14;"2024-12-16";200;200;56.48;10.73;11306.73;"Cancelled";"Unknown_batch";"2026-02-15";"Room Temp";"M1 2AB";"Unknown_notes"
"T101031";"OR-94264";"PN001";"Amoxicillin 500mg Capsule";"S003";"UKPharma Dist";"D002";"North West Depot";"PH005";"County General Pharmacy";"2023-01-21";10;"2023-02-02";50;42;55.29;22.31;2786.81;"Cancelled";"B1421";"2025-04-05";"Room Temp";"Unknown_post";"Short Shipment"
"T101032";"OR-70132";"PN009";"Metformin 500mg Tablet";"S003";"UKPharma Dist";"D003";"Scotland Regional Hub";"PH010";"University Hospital Pharmacy";"2023-06-03";3;"2023-06-06";20;20;64.14;164.61;1421.91;"In Transit";"B3222";"2025-03-23";"Unknown_temp";"LS1 1UR";"Short Shipment"
"T101033";"OR-12608";"PN001";"Amoxicillin 500mg Capsule";"S003";"UKPharma Dist";"D002";"North West Depot";"PH006";"Northside Pharmacy";"2023-03-27";14;"2023-04-10";50;50;12.72;275.11;911.11;"Delivered";"B7248";"2024-11-06";"Refrigerated";"LS1 1UR";"Unknown_notes"
"T101034";"OR-56069";"PN001";"Amoxicillin 500mg Capsule";"S002";"MediSupply Ltd";"D004";"Wales Depot";"PH007";"Southcare Pharmacy";"2024-05-10";2;"2024-12-05";150;150;32.4;5.94;4865.94;"Cancelled";"B1797";"2024-12-30";"Cold Chain";"B1 1AA";"Short Shipment"
"T101037";"OR-94784";"PN003";"Insulin Glargine 100IU/ml";"S001";"NHS Supply Chain";"D001";"Central Hub London";"PH002";"Royal Infirmary Pharmacy";"2023-01-04";14;"2023-01-18";-44;-44;52.97;34.13;-2296.55;"Delivered";"B7492";"2024-03-31";"ambient";"Unknown_post";"Temperature Sensitive"
"T101038";"OR-43425";"PN003";"Insulin Glargine 100IU/ml";"S002";"MEDISUPPLY LTD";"D003";"Scotland Regional Hub";"PH001";"St Thomas Hospital Pharmacy";"2023-06-23";14;"2023-07-09";10;10;30.35;172.84;476.34;"Returned";"B5496";"2025-09-01";"Refrigerated";"Unknown_post";"Unknown_notes"
"T101039";"OR-65993";"PN004";"Atorvastatin 20mg Tablet";"S004";"HealQuick";"D005";"East England Depot";"PH001";"St Thomas Hospital Pharmacy";"2024-06-08";3;"2024-06-12";50;23;44.73;238.85;2475.35;"Partial";"B2284";"2025-05-17";"Cold Chain";"SE1 9RT";"Temperature Sensitive"
"T101040";"OR-39220";"PN009";"Metformin 500mg Tablet";"S003";"UKPharma Dist";"D004";"Wales Depot";"PH006";"Northside Pharmacy";"2024-07-19";3;"2024-07-22";150;150;39.76;113.1;6077.1;"Delivered";"B5218";"2026-07-12";"Room Temp";"LS1 1UR";"Please confirm"
"T101041";"OR-39146";"PN006";"Warfarin 2mg Tablet";"S004";"HealQuick";"D001";"Central Hub London";"PH010";"University Hospital Pharmacy";"2023-02-13";10;"2023-02-23";50;50;5.75;297.54;585.04;"Delivered";"B4265";"2025-03-07";"ambient";"Unknown_post";"Unknown_notes"
"T101046";"OR-19878";"PN005";"Salbutamol Inhaler";"S004";"HealQuick";"D005";"East England Depot";"PH009";"Midtown Pharmacy";"2024-10-13";10;"2024-10-24";100;100;34.48;25.52;3473.52;"Partial";"B9008";"2026-08-09";"ambient";"LS1 1UR";"Call before delivery"
"T101048";"OR-48795";"PN001";"amoxicillin 500mg capsule";"S003";"UKPharma Dist";"D004";"Wales Depot";"PH004";"Community Health Pharmacy";"2023-09-15";4;"2023-09-19";300;300;62.09;234.66;18861.66;"Delivered";"B8735";"2026-01-25";"Room Temp";"LS1 1UR";"Please confirm"
"T101049";"OR-77582";"PN006";"Warfarin 2mg Tablet";"S002";"MediSupply Ltd";"D002";"North West Depot";"PH002";"Royal Infirmary Pharmacy";"2023-02-03";4;"2023-07-02";150;150;17.82;108.11;2781.11;"Cancelled";"B4057";"2024-04-30";"ambient";"LS1 1UR";"Temperature Sensitive"
"T101050";"OR-17832";"PN004";"Atorvastatin 20mg Tablet";"S003";"UKPharma Dist";"D003";"Scotland Regional Hub";"PH010";"University Hospital Pharmacy";"2024-06-03";5;"2024-06-08";500;500;20.97;44.05;10529.05;"Delivered";"Unknown_batch";"2025-05-28";"Room Temp";"Unknown_post";"Call before delivery"
"T101051";"OR-45940";"PN004";"Atorvastatin 20mg Tablet";"S002";"MediSupply Ltd";"D002";"North West Depot";"PH010";"University Hospital Pharmacy";"2024-09-21";14;"2024-10-05";150;150;32.88;188.42;5094.92;"Delivered";"1504";"2026-02-17";"ambient";"Unknown_post";"Please confirm"
"T101053";"OR-88110";"PN001";"Amoxicillin 500mg Capsule";"S002";"MediSupply Ltd";"D005";"East England Depot";"PH007";"Southcare Pharmacy";"2023-10-26";4;"2023-10-31";-38;-38;25.44;237.31;-729.41;"Cancelled";"B3830";"2026-03-17";"Refrigerated";"Unknown_post";"Short Shipment"
"T101055";"OR-19423";"PN004";"Atorvastatin 20mg Tablet";"S005";"GlobalMeds";"D002";"North West Depot";"PH006";"Northside Pharmacy";"2025-03-03";4;"2025-03-07";250;250;59.36;91.76;14931.76;"Partial";"B8516";"2025-11-17";"Refrigerated";"M1 2AB";"Handle with care"
"T101059";"OR-42011";"PN010";"Co-codamol 30/500 Tablet";"S003";"UKPharma Dist";"D003";"Scotland Regional Hub";"PH010";"University Hospital Pharmacy";"2024-01-01";5;"2024-01-06";300;300;50.41;48.63;15171.63;"Partial";"B7290";"2024-10-15";"ambient";"SE1 9RT";"Temperature Sensitive"
"T101060";"OR-68966";"PN006";"Warfarin 2mg Tablet";"S003";"UKPharma Dist";"D002";"North West Depot";"PH005";"County General Pharmacy";"2025-05-20";2;"2025-05-23";100;100;2.57;272.5;529.5;"Partial";"B1385";"2026-03-25";"ambient";"LS1 1UR";"Short Shipment"
"T101061";"OR-39281";"PN006";"Warfarin 2mg Tablet";"S003";"UKPharma Dist";"D001";"Central Hub London";"PH008";"Lakeside Pharmacy";"2024-08-12";7;"2024-12-17";200;200;46.39;197.45;9475.45;"In Transit";"Unknown_batch";"2025-08-12";"Refrigerated";"SE1 9RT";"Call before delivery"
"T101062";"OR-76778";"PN003";"Insulin Glargine 100IU/ml";"S002";"MediSupply Ltd";"D001";"Central Hub London";"PH007";"Southcare Pharmacy";"2024-02-20";5;"2024-02-27";10;10;5.56;163.55;219.15;"Delivered";"B9105";"2026-06-11";"Unknown_temp";"LS1 1UR";"Please confirm"
"T101063";"OR-74196";"PN005";"Salbutamol Inhaler";"S004";"HealQuick";"D005";"East England Depot";"PH008";"Lakeside Pharmacy";"2023-12-21";2;"2023-12-23";100;100;58.15;92.05;5907.05;"In Transit";"B8008";"2025-04-07";"Refrigerated";"LS1 1UR";"Unknown_notes"
"T101065";"OR-99989";"PN008";"Flu Vaccine";"S002";"MediSupply Ltd";"D004";"Wales Depot";"PH008";"Lakeside Pharmacy";"2024-12-08";4;"2024-12-12";100;100;30.56;224.66;3280.66;"Returned";"3521";"2025-10-14";"Refrigerated";"Unknown_post";"Temperature Sensitive"
"T101066";"OR-14349";"PN005";"Salbutamol Inhaler";"S004";"HealQuick";"D003";"Scotland Regional Hub";"PH001";"St Thomas Hospital Pharmacy";"2023-02-26";3;"2023-02-03";20;20;30.07;34.05;635.45;"Returned";"B5465";"2024-01-01";"Refrigerated";"SE1 9RT";"Unknown_notes"
"T101069";"OR-32069";"PN007";"Omeprazole 20mg Capsule";"S002";"MediSupply Ltd";"D005";"East England Depot";"PH010";"University Hospital Pharmacy";"2024-04-25";4;"2024-01-05";100;100;64.37;296.3;6733.3;"Delivered";"B5344";"2026-02-10";"Refrigerated";"LS1 1UR";"Unknown_notes"
"T101071";"OR-34433";"PN008";"Flu Vaccine";"S004";"HealQuick";"D004";"Wales Depot";"PH003";"City Clinic Pharmacy";"2023-06-13";4;"2023-06-17";300;300;55.11;65.44;16598.44;"Returned";"B7374";"2025-01-28";"Refrigerated";"SE1 9RT";"Handle with care"
"T101073";"OR-51336";"PN005";"Salbutamol Inhaler";"S005";"GlobalMeds";"D003";"Scotland Regional Hub";"PH010";"University Hospital Pharmacy";"2024-05-29";10;"2024-08-06";0;0;15.99;43.98;43.98;"In Transit";"B6888";"2025-04-13";"Refrigerated";"Unknown_post";"Please confirm"
"T101075";"OR-45248";"PN002";"Paracetamol 500mg Tablet";"S004";"HealQuick";"D001";"Central Hub London";"PH007";"Southcare Pharmacy";"2023-11-08";10;"2023-08-21";200;200;43.74;299.46;9047.46;"Delivered";"B3259";"2024-11-14";"ambient";"M1 2AB";"Call before delivery"
"T101077";"OR-43384";"PN006";"Warfarin 2mg Tablet";"S002";"MediSupply Ltd";"D002";"North West Depot";"PH005";"County General Pharmacy";"2023-08-19";2;"2023-08-21";50;50;65.44;281.04;3553.04;"In Transit";"B2765";"2025-04-10";"ambient";"SE1 9RT";"Short Shipment"
"T101078";"OR-41054";"PN009";"Metformin 500mg Tablet";"S003";"UKPharma Dist";"D005";"East England Depot";"PH007";"Southcare Pharmacy";"2024-08-09";10;"2024-08-21";500;500;31.66;155.19;15985.19;"Partial";"B5764";"2025-04-29";"Unknown_temp";"M1 2AB";"Unknown_notes"
"T101079";"OR-25338";"PN002";"Paracetamol 500mg Tablet";"S004";"HealQuick";"D003";"Scotland Regional Hub";"PH004";"Community Health Pharmacy";"2025-04-03";5;"2025-09-04";500;500;10.99;26.72;5521.72;"Delivered";"B2732";"2026-12-28";"Cold Chain";"Unknown_post";"Handle with care"
"T101080";"OR-29473";"PN003";"Insulin Glargine 100IU/ml";"S004";"HealQuick";"D001";"Central Hub London";"PH005";"County General Pharmacy";"2024-02-05";4;"2024-02-10";250;250;31.65;88.28;8000.78;"Delivered";"B7427";"2026-06-27";"Refrigerated";"M1 2AB";"Please confirm"
"T101083";"OR-91026";"PN008";"Flu Vaccine";"S003";"UKPharma Dist";"D002";"North West Depot";"PH001";"St Thomas Hospital Pharmacy";"2024-08-04";7;"2024-04-15";150;150;2.22;68.54;401.54;"Cancelled";"B5455";"2024-12-08";"Room Temp";"B1 1AA";"Handle with care"
"T101084";"OR-16955";"PN003";"Insulin Glargine 100IU/ml";"S001";"NHS Supply Chain";"D004";"Wales Depot";"PH003";"City Clinic Pharmacy";"2024-09-23";4;"2024-09-27";0;0;57.86;84.96;84.96;"In Transit";"B5024";"2026-12-31";"ambient";"M1 2AB";"Please confirm"
"T101085";"OR-38801";"PN005";"Salbutamol Inhaler";"S001";"NHS Supply Chain";"D003";"Scotland Regional Hub";"PH005";"County General Pharmacy";"2025-04-03";4;"2025-04-08";250;250;51.7;189.14;13114.14;"Partial";"B3488";"2026-01-10";"Room Temp";"LS1 1UR";"Call before delivery"
"T101087";"OR-53411";"PN008";"Flu Vaccine";"S001";"NHS Supply Chain";"D001";"Central Hub London";"PH004";"Community Health Pharmacy";"2024-09-29";3;"2024-10-02";10;10;69.02;295.91;986.11;"Cancelled";"B1859";"2027-03-06";"Cold Chain";"Unknown_post";"Short Shipment"
"T101089";"OR-18379";"PN003";"Insulin Glargine 100IU/ml";"S005";"GlobalMeds";"D003";"Scotland Regional Hub";"PH006";"Northside Pharmacy";"2023-04-28";5;"2023-05-05";50;50;29.34;183.35;1650.35;"Cancelled";"B2616";"2024-05-31";"ambient";"B1 1AA";"Temperature Sensitive"
"T101091";"OR-98078";"PN006";"Warfarin 2mg Tablet";"S003";"UKPharma Dist";"D003";"Scotland Regional Hub";"PH003";"City Clinic Pharmacy";"2024-03-10";7;"2024-03-17";200;200;52.96;111.38;10703.38;"In Transit";"6410";"2026-06-12";"ambient";"B1 1AA";"Please confirm"
"T101092";"OR-88649";"PN005";"Salbutamol Inhaler";"S002";"MediSupply Ltd";"D003";"Scotland Regional Hub";"PH002";"Royal Infirmary Pharmacy";"2025-06-11";4;"2025-06-15";500;500;18.41;269.27;9474.27;"Returned";"B5805";"2027-09-11";"Refrigerated";"SE1 9RT";"Handle with care"
"T101096";"OR-97708";"PN006";"Warfarin 2mg Tablet";"S005";"GlobalMeds";"D003";"Scotland Regional Hub";"PH007";"Southcare Pharmacy";"2023-07-25";7;"2023-08-02";300;300;8.92;198.69;2874.69;"Delivered";"B4828";"2025-10-06";"Room Temp";"SE1 9RT";"Unknown_notes"
"T101097";"OR-87490";"PN002";"Paracetamol 500mg Tablet";"S004";"HealQuick";"D004";"Wales Depot";"PH010";"University Hospital Pharmacy";"2024-10-23";10;"2024-11-02";20;20;61.15;181.12;1404.12;"Returned";"Unknown_batch";"2026-01-07";"Refrigerated";"SE1 9RT";"Call before delivery"
"T101098";"OR-69203";"PN003";"Insulin Glargine 100IU/ml";"S001";"NHS Supply Chain";"D005";"East England Depot";"PH004";"Community Health Pharmacy";"2025-05-22";5;"2025-05-27";250;97;18.82;122.55;4827.55;"Delivered";"B6483";"2027-08-07";"Cold Chain";"Unknown_post";"Please confirm"
"T101101";"OR-98446";"PN005";"Salbutamol Inhaler";"S002";"MediSupply Ltd";"D005";"East England Depot";"PH008";"Lakeside Pharmacy";"2023-12-15";7;"2023-12-22";150;150;24.14;214.97;3835.97;"Cancelled";"B4048";"2024-10-30";"Room Temp";"M1 2AB";"Handle with care"
"T101103";"OR-39039";"PN010";"Co-codamol 30/500 Tablet";"S005";"GlobalMeds";"D001";"Central Hub London";"PH007";"Southcare Pharmacy";"2023-09-19";7;"2023-09-27";100;100;10.01;15.15;1016.15;"In Transit";"B3430";"2024-10-03";"Refrigerated";"Unknown_post";"Temperature Sensitive"
"T101104";"OR-80835";"PN004";"Atorvastatin 20mg Tablet";"S004";"HealQuick";"D003";"Scotland Regional Hub";"PH008";"Lakeside Pharmacy";"2024-05-29";10;"2024-06-08";500;500;6.32;170.67;3330.67;"In Transit";"B3667";"2025-09-18";"Room Temp";"LS1 1UR";"Unknown_notes"
"T101105";"OR-57985";"PN002";"Paracetamol 500mg Tablet";"S005";"GlobalMeds";"D003";"Scotland Regional Hub";"PH001";"St Thomas Hospital Pharmacy";"2023-04-20";4;"2023-04-24";20;20;7.36;115.78;262.98;"Partial";"B4918";"2025-02-14";"Refrigerated";"LS1 1UR";"Unknown_notes"
"T101107";"OR-58001";"PN007";"Omeprazole 20mg Capsule";"S003";"UKPharma Dist";"D001";"Central Hub London";"PH004";"Community Health Pharmacy";"2024-01-30";10;"2024-02-09";100;100;12.97;22.16;1319.16;"Delivered";"B6827";"2025-07-06";"ambient";"B1 1AA";"Temperature Sensitive"
"T101109";"OR-73072";"PN009";"Metformin 500mg Tablet";"S003";"UKPharma Dist";"D002";"North West Depot";"PH007";"Southcare Pharmacy";"2023-09-25";7;"2023-04-10";20;20;73.77;63.9;1539.3;"Cancelled";"B5191";"2025-08-11";"ambient";"Unknown_post";"Call before delivery"
"T101113";"OR-87342";"PN002";"Paracetamol 500mg Tablet";"S005";"GlobalMeds ";"D001";"Central Hub London";"PH002";"Royal Infirmary Pharmacy";"2025-05-02";7;"2025-09-05";0;0;36.03;251.64;251.64;"Delivered";"Unknown_batch";"2027-01-07";"Refrigerated";"B1 1AA";"Handle with care"
"T101114";"OR-92491";"PN009";"Metformin 500mg Tablet";"S001";"NHS Supply Chain";"D001";"Central Hub London";"PH003";"City Clinic Pharmacy";"2025-04-12";4;"2025-04-17";20;20;11.07;190.95;412.35;"Cancelled";"6385";"2026-04-01";"ambient";"LS1 1UR";"Please confirm"
"T101116";"OR-75486";"PN005";"Salbutamol Inhaler";"S001";"NHS Supply Chain";"D001";"Central Hub London";"PH007";"Southcare Pharmacy";"2023-11-01";4;"2023-11-06";250;250;34.04;139.68;8649.68;"In Transit";"B8606";"2024-09-25";"Refrigerated";"LS1 1UR";"Call before delivery"
"T101117";"OR-93151";"PN010";"Co-codamol 30/500 Tablet";"S003";"UKPharma Dist";"D001";"Central Hub London";"PH004";"Community Health Pharmacy";"2025-01-17";3;"2025-01-20";500;500;13.33;74.65;6739.65;"In Transit";"B7350";"2025-12-28";"Refrigerated";"LS1 1UR";"Call before delivery"
"T101119";"OR-39973";"PN010";"Co-codamol 30/500 Tablet";"S003";"UKPharma Dist";"D005";"East England Depot";"PH009";"Midtown Pharmacy";"2025-04-29";10;"2025-05-09";250;250;42.66;188.55;10853.55;"Returned";"B4238";"2026-12-03";"ambient";"Unknown_post";"Unknown_notes"
"T101120";"OR-73481";"PN009";"Metformin 500mg Tablet";"S001";"NHS Supply Chain";"D002";"North West Depot";"PH007";"Southcare Pharmacy";"2025-01-08";3;"2025-01-12";50;50;56.08;217.26;3021.26;"Cancelled";"B1837";"2026-04-24";"Room Temp";"Unknown_post";"Please confirm"
"T101122";"OR-81780";"PN003";"Insulin Glargine 100IU/ml";"S005";"GlobalMeds";"D003";"Scotland Regional Hub";"PH007";"Southcare Pharmacy";"2024-12-10";14;"2024-12-24";150;150;74.99;133.47;11381.97;"In Transit";"B4213";"2026-04-05";"Room Temp";"SE1 9RT";"Handle with care"
"T101123";"OR-27926";"PN008";"Flu Vaccine";"S005";"GlobalMeds";"D005";"East England Depot";"PH010";"University Hospital Pharmacy";"2023-03-27";14;"2023-04-10";250;250;15.56;46.26;3936.26;"Returned";"B9741";"2025-09-12";"Room Temp";"LS1 1UR";"Please confirm"
"T101124";"OR-26043";"PN010";"Co-codamol 30/500 Tablet";"S001";"NHS Supply Chain";"D005";"East England Depot";"PH002";"Royal Infirmary Pharmacy";"2024-12-01";7;"2024-10-12";100;100;57.56;227.04;5983.04;"Delivered";"B3050";"2025-07-11";"ambient";"Unknown_post";"Please confirm"
"T101126";"OR-44078";"PN004";"Atorvastatin 20mg Tablet";"S003";"UKPharma Dist";"D004";"Wales Depot";"PH007";"Southcare Pharmacy";"2025-06-14";2;"2025-06-17";200;200;27.11;44.39;5566.39;"Returned";"B6671";"2026-07-13";"Cold Chain";"SE1 9RT";"Please confirm"
"T101127";"OR-23440";"PN007";"Omeprazole 20mg Capsule";"S005";"GlobalMeds";"D001";"Central Hub London";"PH001";"St Thomas Hospital Pharmacy";"2023-03-10";-3;"2023-09-03";10;10;36.02;172.71;532.91;"Delivered";"B9753";"2025-05-16";"Unknown_temp";"Unknown_post";"Handle with care"
"T101128";"OR-65556";"PN009";"Metformin 500mg Tablet";"S002";"MediSupply Ltd";"D005";"East England Depot";"PH002";"Royal Infirmary Pharmacy";"2023-12-08";7;"2023-12-17";10;6;60.39;34.72;638.62;"Partial";"B7991";"2025-05-23";"Cold Chain";"M1 2AB";"Please confirm"
"T101130";"OR-13343";"PN003";"Insulin Glargine 100IU/ml";"S004";"HealQuick";"D001";"Central Hub London";"PH006";"Northside Pharmacy";"2023-03-01";4;"2023-07-03";200;200;56.01;87.95;11289.95;"Cancelled";"Unknown_batch";"2024-08-09";"Refrigerated";"Unknown_post";"Please confirm"
"T101131";"OR-76996";"PN008";"Flu Vaccine";"S005";"GlobalMeds";"D004";"Wales Depot";"PH006";"Northside Pharmacy";"2024-03-07";14;"2024-03-23";50;50;19.57;220.61;1199.11;"In Transit";"B2998";"2024-12-26";"Refrigerated";"B1 1AA";"Unknown_notes"
"T101133";"OR-22476";"PN007";"Omeprazole 20mg Capsule";"S002";"MediSupply Ltd";"D003";"Scotland Regional Hub";"PH002";"Royal Infirmary Pharmacy";"2023-01-22";14;"2023-02-05";200;200;45.68;6.26;9142.26;"Cancelled";"Unknown_batch";"2024-03-10";"Room Temp";"SE1 9RT";"Call before delivery"
"T101134";"OR-99647";"PN004";"Atorvastatin 20mg Tablet";"S005";"GlobalMeds";"D002";"North West Depot";"PH010";"University Hospital Pharmacy";"2024-03-03";7;"2024-10-03";100;100;30.18;134.59;3152.59;"In Transit";"B6257";"2024-11-07";"Room Temp";"SE1 9RT";"Call before delivery"
"T101135";"OR-48578";"PN009";"Metformin 500mg Tablet";"S003";"UKPharma Dist";"D002";"North West Depot";"PH001";"St Thomas Hospital Pharmacy";"2023-02-02";7;"2023-02-09";250;250;59.97;61.37;15053.87;"Delivered";"B8206";"2025-01-06";"Refrigerated";"B1 1AA";"Temperature Sensitive"
"T101136";"OR-76511";"PN010";"Co-codamol 30/500 Tablet";"S002";"MediSupply Ltd";"D002";"North West Depot";"PH002";"Royal Infirmary Pharmacy";"2024-12-26";5;"2025-01-02";50;50;20.95;270.1;1317.6;"Cancelled";"Unknown_batch";"2026-08-03";"Refrigerated";"LS1 1UR";"Call before delivery"
"T101137";"OR-47596";"PN004";"Atorvastatin 20mg Tablet";"S004";"HealQuick";"D004";"Wales Depot";"PH002";"Royal Infirmary Pharmacy";"2023-07-02";7;"2023-09-07";0;0;9.96;127.17;127.17;"Cancelled";"B9286";"2024-10-21";"ambient";"B1 1AA";"Call before delivery"
"T101138";"OR-24630";"PN006";"Warfarin 2mg Tablet";"S005";"GlobalMeds";"D003";"Scotland Regional Hub";"PH010";"University Hospital Pharmacy";"2024-10-28";4;"2024-11-01";20;20;2.41;111.65;159.85;"Returned";"B5701";"2027-04-06";"Unknown_temp";"B1 1AA";"Handle with care"
"T101140";"OR-90700";"PN007";"Omeprazole 20mg Capsule";"S002";"MediSupply Ltd";"D005";"East England Depot";"PH008";"Lakeside Pharmacy";"2024-09-09";14;"2024-09-23";300;300;59.84;44.9;17996.9;"In Transit";"B8105";"2025-06-20";"ambient";"B1 1AA";"Call before delivery"
"T101141";"OR-95466";"PN009";"Metformin 500mg Tablet";"S002";"MediSupply Ltd";"D001";"Central Hub London";"PH007";"Southcare Pharmacy";"2024-06-12";7;"2024-06-19";500;500;54.11;55.53;27120.53;"Partial";"B8279";"2026-06-13";"ambient";"Unknown_post";"Unknown_notes"
"T101142";"OR-82185";"PN005";"Salbutamol Inhaler";"S005";"GlobalMeds";"D002";"North West Depot";"PH008";"Lakeside Pharmacy";"2023-10-15";3;"2023-10-18";20;20;26.59;181.7;713.5;"Partial";"Unknown_batch";"2024-09-03";"Cold Chain";"M1 2AB";"Temperature Sensitive"
"T101145";"OR-68618";"PN010";"Co-codamol 30/500 Tablet";"S001";"NHS Supply Chain";"D001";"Central Hub London";"PH008";"Lakeside Pharmacy";"2023-12-17";5;"2023-12-22";150;150;64.94;106.78;9847.78;"In Transit";"B5975";"2025-12-14";"ambient";"B1 1AA";"Short Shipment"
"T101146";"OR-84068";"PN010";"Co-codamol 30/500 Tablet";"S001";"NHS Supply Chain";"D005";"East England Depot";"PH001";"St Thomas Hospital Pharmacy";"2024-05-08";10;"2024-05-19";50;50;39.16;242.08;2200.08;"In Transit";"B7156";"2026-07-12";"Room Temp";"M1 2AB";"Short Shipment"
"T101147";"OR-76892";"PN009";"Metformin 500mg Tablet";"S002";"MediSupply Ltd";"D002";"North West Depot";"PH002";"Royal Infirmary Pharmacy";"2024-05-29";5;"2024-03-06";200;200;39.86;280.72;8252.72;"Cancelled";"B4961";"2026-02-06";"Cold Chain";"B1 1AA";"Unknown_notes"
"T101149";"OR-24295";"PN005";"Salbutamol Inhaler";"S005";"GlobalMeds";"D002";"North West Depot";"PH006";"Northside Pharmacy";"2025-06-09";14;"2025-06-25";0;0;68.24;75.35;75.35;"Delivered";"Unknown_batch";"2027-09-14";"Cold Chain";"Unknown_post";"Please confirm"
"T101150";"OR-16964";"PN004";"Atorvastatin 20mg Tablet";"S001";"NHS Supply Chain";"D002";"North West Depot";"PH004";"Community Health Pharmacy";"2024-05-17";-2;"2024-05-15";100;100;67.47;159.44;6906.44;"Returned";"Unknown_batch";"2025-01-02";"Refrigerated";"Unknown_post";"Handle with care"
"T101152";"OR-35817";"PN007";"Omeprazole 20mg Capsule";"S004";"HealQuick";"D003";"Scotland Regional Hub";"PH010";"University Hospital Pharmacy";"2024-09-05";3;"2024-08-09";200;200;23.57;117.62;4831.62;"Returned";"B7617";"2026-02-10";"ambient";"B1 1AA";"Unknown_notes"
"T101154";"OR-42171";"PN007";"Omeprazole 20mg Capsule";"S004";"HealQuick";"D001";"Central Hub London";"PH007";"Southcare Pharmacy";"2023-05-08";10;"2023-05-18";100;100;22.06;287.46;2493.46;"Delivered";"Unknown_batch";"2025-01-13";"ambient";"Unknown_post";"Unknown_notes"
"T101155";"OR-81964";"PN006";"Warfarin 2mg Tablet";"S004";"HealQuick";"D001";"Central Hub London";"PH007";"Southcare Pharmacy";"2024-12-02";4;"2024-08-12";500;500;1.66;33.38;863.38;"Cancelled";"B2665";"2026-06-02";"Refrigerated";"M1 2AB";"Short Shipment"
"T101157";"OR-18117";"PN003";"Insulin Glargine 100IU/ml";"S004";"HealQuick";"D003";"Scotland Regional Hub";"PH001";"St Thomas Hospital Pharmacy";"2023-09-26";10;"2023-10-06";150;150;27.77;238.14;4403.64;"Returned";"B4110";"2025-04-06";"ambient";"Unknown_post";"Temperature Sensitive"
"T101158";"OR-83700";"PN010";"Co-codamol 30/500 Tablet";"S003";"UKPharma Dist";"D001";"Central Hub London";"PH005";"County General Pharmacy";"2024-11-01";14;"2024-11-15";200;200;57.21;265.57;11717.57;"In Transit";"B4000";"2026-10-15";"Refrigerated";"Unknown_post";"Handle with care"
"T101159";"OR-53456";"PN003";"Insulin Glargine 100IU/ml";"S004";"HealQuick";"D005";"East England Depot";"PH008";"Lakeside Pharmacy";"2024-04-14";4;"2024-04-19";200;69;0.74;73.62;221.62;"Returned";"B4444";"2026-09-07";"Refrigerated";"Unknown_post";"Handle with care"
"T101162";"OR-90210";"PN003";"Insulin Glargine 100IU/ml";"S002";"MediSupply Ltd";"D003";"Scotland Regional Hub";"PH006";"Northside Pharmacy";"2025-03-23";10;"2025-04-04";10;5;13.61;87.98;224.08;"Returned";"B8160";"2026-03-03";"Room Temp";"Unknown_post";"Call before delivery"
"T101163";"OR-72064";"PN009";"Metformin 500mg Tablet";"S003";"UKPharma Dist ";"D004";"Wales Depot";"PH008";"Lakeside Pharmacy";"2024-05-08";7;"2024-12-08";500;500;29.46;25.04;14729.54;"Cancelled";"Unknown_batch";"2026-01-11";"Refrigerated";"B1 1AA";"Please confirm"
"T101164";"OR-15438";"PN009";"Metformin 500mg Tablet";"S004";"HealQuick";"D005";"East England Depot";"PH006";"Northside Pharmacy";"2025-04-12";4;"2025-04-16";200;200;19.35;280.46;4150.46;"Cancelled";"2280";"2026-10-06";"ambient";"B1 1AA";"Please confirm"
"T101165";"OR-11869";"PN009";"Metformin 500mg Tablet";"S005";"GlobalMeds";"D003";"Scotland Regional Hub";"PH009";"Midtown Pharmacy";"2023-11-03";3;"2023-11-07";20;20;32.11;226.98;869.18;"Delivered";"B1782";"2026-01-24";"Refrigerated";"M1 2AB";"Handle with care"
"T101166";"OR-69271";"PN004";"Atorvastatin 20mg Tablet";"S002";"MediSupply Ltd";"D002";"North West Depot";"PH007";"Southcare Pharmacy";"2023-09-18";3;"2023-09-21";500;500;54.43;86.77;27301.77;"Delivered";"B5529";"2026-02-02";"ambient";"Unknown_post";"Call before delivery"
"T101171";"OR-15454";"PN008";"Flu Vaccine";"S004";"HealQuick";"D002";"North West Depot";"PH007";"Southcare Pharmacy";"2024-09-02";-1;"2024-09-01";300;300;7.55;285.0;2550.0;"Returned";"B2155";"2026-11-08";"Refrigerated";"SE1 9RT";"Temperature Sensitive"
"T101172";"OR-19331";"PN009";"Metformin 500mg Tablet";"S002";"MediSupply Ltd";"D005";"East England Depot";"PH003";"City Clinic Pharmacy";"2025-05-10";5;"2025-05-15";500;500;13.14;101.2;6671.2;"Delivered";"B9268";"2025-12-20";"Room Temp";"Unknown_post";"Call before delivery"
"T101173";"OR-79920";"PN001";"Amoxicillin 500mg Capsule";"S002";"MediSupply Ltd";"D003";"Scotland Regional Hub";"PH010";"University Hospital Pharmacy";"2025-05-02";14;"2025-05-16";20;20;11.68;202.72;436.32;"In Transit";"B9144";"2027-02-21";"Refrigerated";"LS1 1UR";"Temperature Sensitive"
"T101174";"OR-21032";"PN004";"Atorvastatin 20mg Tablet";"S002";"MediSupply Ltd";"D004";"Wales Depot";"PH006";"Northside Pharmacy";"2023-04-17";4;"2023-04-23";20;20;73.03;169.81;1630.41;"Partial";"B3837";"2025-03-23";"Refrigerated";"Unknown_post";"Please confirm"
"T101175";"OR-78974";"PN009";"Metformin 500mg Tablet";"S004";"HealQuick";"D002";"North West Depot";"PH001";"St Thomas Hospital Pharmacy";"2024-10-02";5;"2024-10-08";50;50;12.87;1.79;645.29;"Cancelled";"B2826";"2026-05-24";"Refrigerated";"Unknown_post";"Handle with care"
"T101176";"OR-17693";"PN002";"Paracetamol 500mg Tablet";"S002";"MediSupply Ltd";"D004";"Wales Depot";"PH001";"St Thomas Hospital Pharmacy";"2025-01-23";10;"2025-02-04";150;150;65.84;25.1;9901.1;"Returned";"Unknown_batch";"2025-11-20";"ambient";"Unknown_post";"Please confirm"
"T101177";"OR-70707";"PN002";"Paracetamol 500mg Tablet";"S001";"NHS Supply Chain";"D003";"Scotland Regional Hub";"PH002";"Royal Infirmary Pharmacy";"2025-05-09";7;"2025-05-16";50;50;44.61;177.66;2408.16;"Delivered";"B3303";"2026-10-15";"Cold Chain";"LS1 1UR";"Unknown_notes"
"T101179";"OR-19287";"PN004";"Atorvastatin 20mg Tablet";"S001";"NHS Supply Chain";"D004";"Wales Depot";"PH009";"Midtown Pharmacy";"2025-01-07";4;"2025-01-11";50;50;29.57;278.94;1757.44;"Returned";"B7779";"2027-06-12";"Refrigerated";"SE1 9RT";"Please confirm"
"T101181";"OR-58132";"PN008";"Flu Vaccine";"S005";"GlobalMeds";"D005";"East England Depot";"PH005";"County General Pharmacy";"2025-01-14";4;"2025-01-19";20;20;68.06;94.66;1455.86;"Cancelled";"B2837";"2025-11-11";"Refrigerated";"Unknown_post";"Call before delivery"
"T101184";"OR-71907";"PN009";"Metformin 500mg Tablet";"S002";"MediSupply Ltd";"D004";"Wales Depot";"PH002";"Royal Infirmary Pharmacy";"2024-02-27";5;"2024-03-03";20;20;70.04;186.83;1587.63;"Returned";"B8571";"2026-03-05";"ambient";"Unknown_post";"Please confirm"
"T101186";"OR-91315";"PN005";"Salbutamol Inhaler";"S005";"GlobalMeds";"D003";"Scotland Regional Hub";"PH008";"Lakeside Pharmacy";"2025-02-09";10;"2025-02-19";0;0;37.75;228.38;228.38;"Delivered";"B6273";"2027-04-15";"Refrigerated";"Unknown_post";"Call before delivery"
"T101188";"OR-59268";"PN007";"Omeprazole 20mg Capsule";"S004";"HealQuick";"D004";"Wales Depot";"PH003";"City Clinic Pharmacy";"2025-04-01";2;"2025-03-04";0;0;36.12;289.99;289.99;"In Transit";"B5574";"2027-06-12";"Room Temp";"LS1 1UR";"Temperature Sensitive"
"T101189";"OR-44024";"PN009";"Metformin 500mg Tablet";"S003";"UKPharma Dist";"D005";"East England Depot";"PH010";"University Hospital Pharmacy";"2024-06-04";5;"2024-06-10";250;179;13.87;79.61;3547.11;"Returned";"B6950";"2025-11-20";"Refrigerated";"B1 1AA";"Temperature Sensitive"
"T101193";"OR-13682";"PN004";"Atorvastatin 20mg Tablet";"S001";"NHS Supply Chain";"D002";"North West Depot";"PH007";"Southcare Pharmacy";"2024-02-04";4;"2024-02-08";250;250;38.53;142.26;9774.76;"Delivered";"B5250";"2025-09-07";"ambient";"Unknown_post";"Short Shipment"
"T101194";"OR-20258";"PN008";"Flu Vaccine";"S002";"MediSupply Ltd";"D004";"Wales Depot";"PH006";"Northside Pharmacy";"2024-05-29";7;"2024-06-06";50;50;51.71;284.05;2869.55;"Returned";"B9448";"2025-02-14";"Room Temp";"SE1 9RT";"Please confirm"
"T101195";"OR-43756";"PN009";"Metformin 500mg Tablet";"S004";"HealQuick";"D002";"North West Depot";"PH008";"Lakeside Pharmacy";"2023-01-09";14;"2023-01-24";50;50;21.88;86.08;1180.08;"Cancelled";"B6072";"2025-04-19";"Refrigerated";"B1 1AA";"Short Shipment"
"T101196";"OR-95451";"PN007";"Omeprazole 20mg Capsule";"S003";"UKPharma Dist";"D001";"Central Hub London";"PH010";"University Hospital Pharmacy";"2024-03-08";7;"2024-03-15";20;20;27.74;58.63;613.43;"Delivered";"B2957";"2025-01-12";"Cold Chain";"LS1 1UR";"Temperature Sensitive"
"T101197";"OR-72420";"PN003";"Insulin Glargine 100IU/ml";"S003";"UKPharma Dist";"D004";"Wales Depot";"PH006";"Northside Pharmacy";"2024-10-31";2;"2024-03-11";300;300;12.22;217.56;3883.56;"Cancelled";"B9656";"2026-10-06";"Unknown_temp";"Unknown_post";"Short Shipment"
"T101200";"OR-71185";"PN008";"Flu Vaccine";"S003";"UKPharma Dist ";"D005";"East England Depot";"PH009";"Midtown Pharmacy";"2024-09-01";14;"2024-01-23";150;150;29.85;222.6;4700.1;"Cancelled";"B5511";"2026-05-14";"Refrigerated";"Unknown_post";"Handle with care"
"T101201";"OR-74724";"PN005";"Salbutamol Inhaler";"S002";"MediSupply Ltd";"D001";"Central Hub London";"PH001";"St Thomas Hospital Pharmacy";"2025-05-05";2;"2025-05-09";2944;2944;14.69;217.06;43464.42;"In Transit";"B8004";"2026-04-18";"Refrigerated";"Unknown_post";"Unknown_notes"
"T101202";"OR-24371";"PN008";"Flu Vaccine";"S001";"NHS Supply Chain ";"D001";"Central Hub London";"PH001";"St Thomas Hospital Pharmacy";"2023-12-26";2;"2023-12-29";50;50;10.07;116.67;620.17;"Cancelled";"B6695";"2026-05-16";"Refrigerated";"M1 2AB";"Handle with care"
"T101205";"OR-42192";"PN004";"Atorvastatin 20mg Tablet";"S002";"MediSupply Ltd";"D005";"East England Depot";"PH002";"Royal Infirmary Pharmacy";"2024-12-06";5;"2024-06-19";500;500;2.63;267.26;1582.26;"Cancelled";"B4942";"2025-06-29";"Refrigerated";"Unknown_post";"Handle with care"
"T101206";"OR-75287";"PN005";"Salbutamol Inhaler";"S005";"GlobalMeds";"D003";"Scotland Regional Hub";"PH009";"Midtown Pharmacy";"2024-07-13";7;"2024-07-22";250;250;51.58;287.19;13182.19;"Partial";"B2409";"2026-05-26";"Unknown_temp";"M1 2AB";"Temperature Sensitive"
"T101207";"OR-50665";"PN008";"Flu Vaccine";"S005";"GlobalMeds";"D005";"East England Depot";"PH001";"St Thomas Hospital Pharmacy";"2023-01-19";2;"2023-01-21";20;16;6.44;250.4;379.2;"Delivered";"B2278";"2024-11-06";"ambient";"Unknown_post";"Handle with care"
"T101211";"OR-59733";"PN001";"Amoxicillin 500mg Capsule";"S001";"NHS Supply Chain";"D003";"Scotland Regional Hub";"PH005";"County General Pharmacy";"2024-10-01";5;"2024-10-06";200;200;22.34;175.72;4643.72;"Cancelled";"B1770";"2025-12-11";"ambient";"Unknown_post";"Please confirm"
"T101214";"OR-77691";"PN008";"Flu Vaccine";"S002";"MediSupply Ltd";"D003";"Scotland Regional Hub";"PH003";"City Clinic Pharmacy";"2023-10-08";5;"2023-10-14";100;100;21.16;62.6;2178.6;"Partial";"B4349";"2025-07-15";"ambient";"Unknown_post";"Handle with care"
"T101218";"OR-66203";"PN002";"Paracetamol 500mg Tablet";"S001";"NHS Supply Chain ";"D003";"Scotland Regional Hub";"PH001";"St Thomas Hospital Pharmacy";"2024-01-31";4;"2024-02-04";50;50;24.28;165.04;1379.04;"Cancelled";"B5322";"2026-02-05";"ambient";"SE1 9RT";"Call before delivery"
"T101219";"OR-28900";"PN003";"Insulin Glargine 100IU/ml";"S004";"HealQuick";"D003";"Scotland Regional Hub";"PH009";"Midtown Pharmacy";"2024-05-02";4;"2024-06-05";-49;0;73.61;6.4;-3600.49;"Delivered";"B9428";"2025-04-22";"Refrigerated";"Unknown_post";"Call before delivery"
"T101221";"OR-74008";"PN009";"Metformin 500mg Tablet";"S004";"HealQuick";"D004";"Wales Depot";"PH001";"St Thomas Hospital Pharmacy";"2024-06-02";7;"2024-06-09";10;10;38.51;6.46;391.56;"Partial";"B5747";"2025-03-21";"Refrigerated";"Unknown_post";"Handle with care"
"T101223";"OR-25413";"PN001";"Amoxicillin 500mg Capsule";"S002";"MediSupply Ltd";"D001";"Central Hub London";"PH008";"Lakeside Pharmacy";"2023-07-03";4;"2023-08-07";200;200;20.77;112.61;4266.61;"Delivered";"B9551";"2025-09-25";"ambient";"SE1 9RT";"Temperature Sensitive"
"T101224";"OR-62521";"PN004";"Atorvastatin 20mg Tablet";"S001";"NHS Supply Chain";"D004";"Wales Depot";"PH005";"County General Pharmacy";"2023-01-24";7;"2023-01-31";300;300;26.38;246.91;8160.91;"Returned";"B9209";"2025-03-07";"ambient";"M1 2AB";"Unknown_notes"
"T101226";"OR-92205";"PN001";"Amoxicillin 500mg Capsule";"S004";"HealQuick";"D001";"Central Hub London";"PH006";"Northside Pharmacy";"2024-09-11";2;"2024-09-15";150;150;65.14;215.04;9986.04;"In Transit";"B8573";"2025-06-26";"Refrigerated";"Unknown_post";"Call before delivery"
"T101229";"OR-92475";"PN008";"Flu Vaccine";"S003";"UKPharma Dist";"D002";"North West Depot";"PH002";"Royal Infirmary Pharmacy";"2025-05-07";7;"2025-05-15";20;20;17.92;239.23;597.63;"Delivered";"B3396";"2027-01-05";"Refrigerated";"Unknown_post";"Temperature Sensitive"
"T101233";"OR-25284";"PN003";"insulin glargine 100iu/ml";"S002";"MediSupply Ltd";"D002";"North West Depot";"PH008";"Lakeside Pharmacy";"2023-04-04";4;"2023-08-04";10;10;68.88;95.02;783.82;"Partial";"B1142";"2025-06-22";"Room Temp";"LS1 1UR";"Handle with care"
"T101234";"OR-88455";"PN002";"Paracetamol 500mg Tablet";"S002";"MediSupply Ltd";"D005";"East England Depot";"PH002";"Royal Infirmary Pharmacy";"2023-02-01";2;"2023-02-03";200;125;44.99;54.47;9052.47;"Returned";"B3992";"2023-08-08";"Room Temp";"Unknown_post";"Unknown_notes"
"T101235";"OR-97143";"PN007";"Omeprazole 20mg Capsule";"S003";"UKPharma Dist";"D005";"East England Depot";"PH003";"City Clinic Pharmacy";"2024-07-21";5;"2024-07-27";100;34;3.04;139.65;443.65;"In Transit";"B4497";"2025-10-16";"Refrigerated";"M1 2AB";"Handle with care"
"T101236";"OR-17900";"PN010";"Co-codamol 30/500 Tablet";"S003";"UKPharma Dist";"D001";"Central Hub London";"PH006";"Northside Pharmacy";"2024-04-19";7;"2024-04-26";500;500;59.04;229.83;29749.83;"Cancelled";"B3413";"2026-05-23";"Cold Chain";"SE1 9RT";"Temperature Sensitive"
"T101237";"OR-75827";"PN008";"Flu Vaccine";"S002";"MediSupply Ltd";"D002";"North West Depot";"PH001";"St Thomas Hospital Pharmacy";"2025-01-01";3;"2025-04-01";50;50;6.75;275.45;612.95;"Returned";"B9719";"2026-05-25";"Refrigerated";"SE1 9RT";"Handle with care"
"T101238";"OR-90954";"PN007";"Omeprazole 20mg Capsule";"S004";"HealQuick";"D002";"North West Depot";"PH005";"County General Pharmacy";"2023-08-24";4;"2023-08-29";250;250;56.34;97.3;14156.8;"In Transit";"B9539";"2025-07-18";"Room Temp";"SE1 9RT";"Please confirm"
"T101239";"OR-34759";"PN001";"Amoxicillin 500mg Capsule";"S002";"MediSupply Ltd";"D003";"Scotland Regional Hub";"PH002";"Royal Infirmary Pharmacy";"2025-08-04";14;"2025-04-24";20;20;51.43;2.14;1030.74;"Partial";"B5810";"2026-11-28";"Refrigerated";"Unknown_post";"Unknown_notes"
"T101240";"OR-88091";"PN003";"Insulin Glargine 100IU/ml";"S004";"HealQuick";"D005";"East England Depot";"PH004";"Community Health Pharmacy";"2024-04-21";10;"2024-05-02";100;100;68.28;209.36;7037.36;"Cancelled";"B4720";"2025-11-28";"ambient";"Unknown_post";"Handle with care"
"T101242";"OR-62505";"PN005";"Salbutamol Inhaler";"S003";"UKPharma Dist ";"D003";"Scotland Regional Hub";"PH001";"St Thomas Hospital Pharmacy";"2024-03-29";3;"2024-04-01";150;77;20.26;227.14;3266.14;"Cancelled";"B6034";"2025-01-09";"Refrigerated";"Unknown_post";"Handle with care"
"T101245";"OR-51733";"PN005";"Salbutamol Inhaler";"S003";"UKPharma Dist";"D001";"Central Hub London";"PH010";"University Hospital Pharmacy";"2025-06-09";3;"2025-06-12";300;264;56.33;54.13;16953.13;"Partial";"B4163";"2026-09-27";"Room Temp";"Unknown_post";"Temperature Sensitive"
"T101247";"OR-32287";"PN009";"Metformin 500mg Tablet";"S003";"UKPharma Dist";"D003";"Scotland Regional Hub";"PH008";"Lakeside Pharmacy";"2024-09-05";5;"2024-09-12";0;0;64.88;3.41;103.41;"In Transit";"9787";"2026-12-17";"Room Temp";"LS1 1UR";"Unknown_notes"
"T101248";"OR-35795";"PN009";"Metformin 500mg Tablet";"S003";"UKPharma Dist";"D002";"North West Depot";"PH003";"City Clinic Pharmacy";"2023-08-22";3;"2023-08-25";300;226;44.02;200.81;13406.81;"In Transit";"B9226";"2024-12-22";"Refrigerated";"Unknown_post";"Call before delivery"
"T101249";"OR-16605";"PN002";"Paracetamol 500mg Tablet";"S003";"UKPharma Dist";"D002";"North West Depot";"PH002";"Royal Infirmary Pharmacy";"2025-03-08";4;"2025-03-12";100;100;74.32;49.59;7481.59;"Partial";"B4577";"2027-02-13";"ambient";"B1 1AA";"Handle with care"
"T101250";"OR-23730";"PN001";"amoxicillin 500mg capsule";"S005";"GlobalMeds";"D004";"Wales Depot";"PH008";"Lakeside Pharmacy";"2023-07-09";5;"2023-09-13";10;10;17.36;63.56;237.16;"Delivered";"B9751";"2025-11-01";"Refrigerated";"M1 2AB";"Call before delivery"
"T101251";"OR-48940";"PN003";"Insulin Glargine 100IU/ml";"S002";"MediSupply Ltd";"D004";"Wales Depot";"PH010";"University Hospital Pharmacy";"2024-09-10";7;"2024-10-17";250;250;73.03;255.33;18512.83;"Delivered";"B6262";"2026-03-13";"Cold Chain";"LS1 1UR";"Temperature Sensitive"
"T101255";"OR-65980";"PN006";"Warfarin 2mg Tablet";"S002";"MediSupply Ltd";"D003";"Scotland Regional Hub";"PH004";"Community Health Pharmacy";"2023-10-22";5;"2023-10-27";500;500;38.42;56.61;19266.61;"Cancelled";"B8214";"2024-06-20";"Room Temp";"Unknown_post";"Call before delivery"
"T101256";"OR-43842";"PN007";"Omeprazole 20mg Capsule";"S004";"HealQuick";"D001";"Central Hub London";"PH006";"Northside Pharmacy";"2023-09-05";7;"2023-09-12";250;250;62.47;142.98;15760.48;"Partial";"B1780";"2024-09-06";"ambient";"Unknown_post";"Please confirm"
"T101258";"OR-27386";"PN009";"Metformin 500mg Tablet";"S001";"NHS Supply Chain";"D001";"Central Hub London";"PH003";"City Clinic Pharmacy";"2023-03-26";3;"2023-03-29";20;20;62.89;95.08;1352.88;"Returned";"B5761";"2025-08-10";"Room Temp";"Unknown_post";"Unknown_notes"
"T101260";"OR-47413";"PN001";"Amoxicillin 500mg Capsule";"S004";"HealQuick";"D003";"Scotland Regional Hub";"PH002";"Royal Infirmary Pharmacy";"2024-08-06";5;"2024-12-08";100;100;64.91;292.38;6783.38;"Cancelled";"B6257";"2025-07-30";"ambient";"Unknown_post";"Temperature Sensitive"
"T101261";"OR-93154";"PN010";"Co-codamol 30/500 Tablet";"S002";"MediSupply Ltd";"D003";"Scotland Regional Hub";"PH009";"Midtown Pharmacy";"2023-05-16";5;"2023-05-21";2817;1185;0.83;144.85;2582.96;"Returned";"B1630";"2025-03-03";"Refrigerated";"SE1 9RT";"Unknown_notes"
"T101262";"OR-44453";"PN006";"Warfarin 2mg Tablet";"S005";"GlobalMeds";"D003";"Scotland Regional Hub";"PH007";"Southcare Pharmacy";"2023-12-07";4;"2023-12-12";20;20;3.03;70.23;130.83;"Partial";"B9373";"2024-12-14";"Refrigerated";"M1 2AB";"Unknown_notes"
"T101264";"OR-60176";"PN005";"Salbutamol Inhaler";"S002";"MediSupply Ltd";"D005";"East England Depot";"PH006";"Northside Pharmacy";"2023-10-28";5;"2023-11-04";150;150;40.75;225.84;6338.34;"Partial";"B6049";"2024-07-06";"Cold Chain";"LS1 1UR";"Call before delivery"
"T101265";"OR-92598";"PN007";"Omeprazole 20mg Capsule";"S005";"GlobalMeds ";"D004";"Wales Depot";"PH010";"University Hospital Pharmacy";"2023-06-03";4;"2023-06-07";200;200;58.54;100.42;11808.42;"Returned";"B4684";"2024-02-29";"ambient";"M1 2AB";"Call before delivery"
"T101266";"OR-31208";"PN001";"Amoxicillin 500mg Capsule";"S003";"UKPharma Dist";"D004";"Wales Depot";"PH002";"Royal Infirmary Pharmacy";"2023-02-05";3;"2023-02-08";20;20;1.47;238.85;268.25;"Returned";"B7414";"2023-12-29";"Cold Chain";"M1 2AB";"Short Shipment"
"T101267";"OR-36503";"PN002";"Paracetamol 500mg Tablet";"S003";"UKPharma Dist";"D004";"Wales Depot";"PH006";"Northside Pharmacy";"2024-08-22";2;"2024-08-26";100;100;8.65;142.32;1007.32;"Partial";"B5811";"2025-03-10";"Refrigerated";"M1 2AB";"Handle with care"
"T101270";"OR-71030";"PN003";"Insulin Glargine 100IU/ml";"S001";"NHS Supply Chain ";"D004";"Wales Depot";"PH010";"University Hospital Pharmacy";"2024-04-27";2;"2024-05-01";150;150;14.12;193.01;2311.01;"Delivered";"B1289";"2025-11-19";"ambient";"B1 1AA";"Temperature Sensitive"
"T101271";"OR-40884";"PN007";"Omeprazole 20mg Capsule";"S002";"MediSupply Ltd";"D002";"North West Depot";"PH009";"Midtown Pharmacy";"2024-10-09";10;"2024-10-20";250;217;29.61;51.03;7453.53;"Partial";"B6029";"2025-12-02";"Refrigerated";"B1 1AA";"Please confirm"
"T101273";"OR-12851";"PN007";"Omeprazole 20mg Capsule";"S003";"UKPharma Dist";"D002";"North West Depot";"PH006";"Northside Pharmacy";"2023-09-07";7;"2023-07-18";20;8;60.38;132.37;1339.97;"In Transit";"B3835";"2025-02-02";"Room Temp";"SE1 9RT";"Temperature Sensitive"
"T101274";"OR-98586";"PN004";"Atorvastatin 20mg Tablet";"S005";"GlobalMeds";"D001";"Central Hub London";"PH005";"County General Pharmacy";"2024-08-26";10;"2024-09-05";150;150;36.49;18.72;5492.22;"Cancelled";"B6833";"2026-06-01";"ambient";"Unknown_post";"Short Shipment"
"T101276";"OR-72107";"PN001";"Amoxicillin 500mg Capsule";"S002";"MediSupply Ltd";"D001";"Central Hub London";"PH003";"City Clinic Pharmacy";"2024-02-29";2;"2024-03-03";10;10;45.95;229.15;688.65;"In Transit";"B2100";"2025-06-27";"Refrigerated";"Unknown_post";"Temperature Sensitive"
"T101280";"OR-74763";"PN009";"Metformin 500mg Tablet";"S003";"UKPharma Dist";"D002";"North West Depot";"PH008";"Lakeside Pharmacy";"2023-09-02";4;"2023-09-07";300;300;12.86;260.48;4092.9799999999996;"Partial";"B5285";"2025-12-15";"Room Temp";"LS1 1UR";"Temperature Sensitive"
"T101281";"OR-72866";"PN008";"Flu Vaccine";"S001";"NHS Supply Chain";"D002";"North West Depot";"PH001";"St Thomas Hospital Pharmacy";"2023-02-04";3;"2023-02-07";300;300;63.34;16.3;19018.3;"Partial";"B4248";"2024-10-01";"Refrigerated";"M1 2AB";"Handle with care"
"T101282";"OR-43967";"PN006";"Warfarin 2mg Tablet";"S003";"UKPharma Dist";"D003";"Scotland Regional Hub";"PH004";"Community Health Pharmacy";"2024-12-13";5;"2024-12-19";10;10;71.3;89.82;802.82;"Returned";"Unknown_batch";"2026-05-24";"Cold Chain";"M1 2AB";"Unknown_notes"
"T101283";"OR-57714";"PN002";"Paracetamol 500mg Tablet";"S001";"NHS Supply Chain";"D003";"Scotland Regional Hub";"PH008";"Lakeside Pharmacy";"2024-02-11";3;"2024-02-15";50;50;31.29;90.59;1655.09;"Cancelled";"B9714";"2025-03-15";"Refrigerated";"LS1 1UR";"Temperature Sensitive"
"T101286";"OR-11032";"PN003";"Insulin Glargine 100IU/ml";"S005";"GlobalMeds";"D002";"North West Depot";"PH008";"Lakeside Pharmacy";"2023-01-31";10;"2023-02-11";10;10;19.51;227.35;422.45;"Returned";"B5252";"2025-03-04";"Cold Chain";"LS1 1UR";"Call before delivery"
"T101288";"OR-82600";"PN007";"Omeprazole 20mg Capsule";"S004";"HealQuick";"D002";"North West Depot";"PH007";"Southcare Pharmacy";"2023-04-02";7;"2023-04-09";200;200;68.76;221.54;13973.54;"Partial";"B7149";"2024-07-11";"Refrigerated";"M1 2AB";"Temperature Sensitive"
"T101289";"OR-81368";"PN007";"Omeprazole 20mg Capsule";"S003";"UKPharma Dist";"D005";"East England Depot";"PH008";"Lakeside Pharmacy";"2025-02-23";7;"2025-04-03";50;50;69.68;189.71;3673.71;"Cancelled";"B4101";"2027-02-20";"Unknown_temp";"B1 1AA";"Short Shipment"
"T101291";"OR-81569";"PN008";"Flu Vaccine";"S002";"MediSupply Ltd";"D003";"Scotland Regional Hub";"PH010";"University Hospital Pharmacy";"2023-01-08";3;"2023-01-11";50;50;20.4;165.7;1185.7;"Partial";"B2282";"2023-09-27";"Room Temp";"B1 1AA";"Temperature Sensitive"
"T101292";"OR-76137";"PN007";"Omeprazole 20mg Capsule";"S001";"NHS Supply Chain";"D002";"North West Depot";"PH009";"Midtown Pharmacy";"2023-07-22";10;"2023-08-01";0;0;27.68;200.89;200.89;"Delivered";"B1191";"2025-10-03";"Room Temp";"Unknown_post";"Unknown_notes"
"T101293";"OR-75459";"PN006";"Warfarin 2mg Tablet";"S002";"MediSupply Ltd ";"D001";"Central Hub London";"PH009";"Midtown Pharmacy";"2024-09-05";2;"2024-07-09";250;250;7.25;37.09;1849.59;"Cancelled";"B5414";"2026-02-14";"Room Temp";"M1 2AB";"Handle with care"
"T101295";"OR-83912";"PN009";"Metformin 500mg Tablet";"S002";"MEDISUPPLY LTD";"D002";"North West Depot";"PH010";"University Hospital Pharmacy";"2024-05-19";7;"2024-05-26";0;0;13.83;103.36;103.36;"In Transit";"B6324";"2025-10-08";"Refrigerated";"SE1 9RT";"Unknown_notes"
"T101297";"OR-54422";"PN001";"Amoxicillin 500mg Capsule";"S003";"UKPharma Dist";"D005";"East England Depot";"PH009";"Midtown Pharmacy";"2023-07-26";5;"2023-08-02";100;100;56.55;252.19;5907.19;"Partial";"B7893";"2024-09-16";"Refrigerated";"SE1 9RT";"Call before delivery"
"T101300";"OR-44234";"PN006";"Warfarin 2mg Tablet";"S004";"HealQuick";"D001";"Central Hub London";"PH008";"Lakeside Pharmacy";"2023-12-02";14;"2023-12-16";0;0;43.25;256.97;256.97;"Delivered";"B4031";"2025-09-26";"Refrigerated";"Unknown_post";"Call before delivery"
"T101302";"OR-40707";"PN005";"Salbutamol Inhaler";"S005";"GlobalMeds";"D002";"North West Depot";"PH007";"Southcare Pharmacy";"2024-12-06";3;"2024-06-15";0;0;8.42;182.17;182.17;"Delivered";"B7122";"2026-04-02";"Room Temp";"LS1 1UR";"Handle with care"
"T101303";"OR-31866";"PN006";"Warfarin 2mg Tablet";"S004";"HealQuick";"D001";"Central Hub London";"PH009";"Midtown Pharmacy";"2023-06-01";7;"2023-06-10";500;500;37.05;272.85;18797.85;"Cancelled";"B3334";"2025-02-15";"Room Temp";"Unknown_post";"Short Shipment"
"T101305";"OR-23773";"PN002";"Paracetamol 500mg Tablet";"S001";"NHS Supply Chain";"D003";"Scotland Regional Hub";"PH007";"Southcare Pharmacy";"2023-04-08";4;"2023-04-12";150;150;22.16;34.37;3358.37;"Partial";"B1925";"2024-06-18";"Refrigerated";"B1 1AA";"Handle with care"
"T101306";"OR-29556";"PN002";"Paracetamol 500mg Tablet";"S002";"MediSupply Ltd";"D003";"Scotland Regional Hub";"PH008";"Lakeside Pharmacy";"2023-10-09";14;"2023-10-23";50;50;21.99;284.37;1383.87;"Cancelled";"B1868";"2026-01-30";"ambient";"SE1 9RT";"Short Shipment"
"T101309";"OR-14828";"PN004";"Atorvastatin 20mg Tablet";"S002";"MediSupply Ltd";"D005";"East England Depot";"PH010";"University Hospital Pharmacy";"2025-06-15";5;"2025-06-21";10;10;55.76;258.23;815.83;"Cancelled";"B2919";"2026-12-08";"Refrigerated";"M1 2AB";"Short Shipment"
"T101310";"OR-35657";"PN008";"Flu Vaccine";"S005";"GlobalMeds";"D004";"Wales Depot";"PH002";"Royal Infirmary Pharmacy";"2024-02-02";10;"2024-12-02";20;20;60.59;135.88;1347.68;"Partial";"B7097";"2025-04-01";"Refrigerated";"M1 2AB";"Call before delivery"
"T101312";"OR-86964";"PN008";"Flu Vaccine";"S005";"GlobalMeds";"D002";"North West Depot";"PH004";"Community Health Pharmacy";"2024-11-20";7;"2024-11-29";100;100;12.98;165.86;1563.86;"Partial";"Unknown_batch";"2026-04-13";"Refrigerated";"B1 1AA";"Temperature Sensitive"
"T101313";"OR-93017";"PN008";"Flu Vaccine";"S001";"NHS Supply Chain";"D001";"Central Hub London";"PH007";"Southcare Pharmacy";"2024-02-24";3;"2024-02-27";250;250;4.4;275.86;1375.86;"In Transit";"B3732";"2025-08-08";"Refrigerated";"SE1 9RT";"Handle with care"
"T101314";"OR-11313";"PN003";"Insulin Glargine 100IU/ml";"S003";"UKPharma Dist";"D001";"Central Hub London";"PH010";"University Hospital Pharmacy";"2023-09-16";3;"2023-09-20";10;10;16.91;97.07;266.17;"In Transit";"B9376";"2025-07-20";"Room Temp";"Unknown_post";"Unknown_notes"
"T101315";"OR-35047";"PN005";"Salbutamol Inhaler";"S003";"UKPharma Dist";"D003";"Scotland Regional Hub";"PH008";"Lakeside Pharmacy";"2023-02-10";14;"2023-02-24";250;250;49.44;127.17;12497.17;"Returned";"B8651";"2025-02-10";"Refrigerated";"Unknown_post";"Temperature Sensitive"
"T101316";"OR-81616";"PN009";"Metformin 500mg Tablet";"S005";"GlobalMeds";"D002";"North West Depot";"PH005";"County General Pharmacy";"2023-07-04";2;"2023-07-08";-2;-2;61.05;232.43;110.33;"Returned";"B5928";"2024-01-08";"Room Temp";"SE1 9RT";"Call before delivery"
"T101318";"OR-63760";"PN005";"Salbutamol Inhaler";"S003";"UKPharma Dist ";"D004";"Wales Depot";"PH006";"Northside Pharmacy";"2023-09-27";14;"2023-11-10";150;150;43.61;13.45;6554.95;"In Transit";"B8612";"2026-02-06";"Refrigerated";"Unknown_post";"Please confirm"
"T101319";"OR-37793";"PN008";"Flu Vaccine";"S005";"GlobalMeds";"D004";"Wales Depot";"PH003";"City Clinic Pharmacy";"2024-07-03";5;"2024-07-08";20;20;40.34;263.59;1070.39;"Delivered";"B1906";"2026-02-21";"ambient";"B1 1AA";"Call before delivery"
"T101320";"OR-77507";"PN002";"Paracetamol 500mg Tablet";"S005";"GlobalMeds";"D001";"Central Hub London";"PH004";"Community Health Pharmacy";"2023-10-02";14;"2023-10-16";50;50;46.69;87.0;2421.5;"Cancelled";"B9859";"2025-03-08";"Refrigerated";"SE1 9RT";"Please confirm"
"T101321";"OR-40680";"PN010";"Co-codamol 30/500 Tablet";"S005";"GlobalMeds";"D003";"Scotland Regional Hub";"PH001";"St Thomas Hospital Pharmacy";"2024-02-10";5;"2024-02-16";20;16;59.74;15.32;1210.12;"Delivered";"B1327";"2026-03-24";"Cold Chain";"LS1 1UR";"Short Shipment"
"T101325";"OR-58616";"PN006";"Warfarin 2mg Tablet";"S002";"MediSupply Ltd";"D002";"North West Depot";"PH010";"University Hospital Pharmacy";"2024-02-25";10;"2024-03-08";20;20;53.79;74.09;1149.89;"Partial";"Unknown_batch";"2025-10-09";"ambient";"M1 2AB";"Please confirm"
"T101326";"OR-61563";"PN006";"Warfarin 2mg Tablet";"S005";"GlobalMeds";"D004";"Wales Depot";"PH010";"University Hospital Pharmacy";"2023-04-08";3;"2023-04-11";0;0;20.63;89.12;89.12;"Cancelled";"B7823";"2024-03-11";"Refrigerated";"M1 2AB";"Unknown_notes"
"T101327";"OR-76192";"PN001";"Amoxicillin 500mg Capsule";"S001";"NHS Supply Chain";"D004";"Wales Depot";"PH009";"Midtown Pharmacy";"2023-03-08";5;"2023-08-08";20;20;38.49;253.97;1023.77;"Delivered";"B9268";"2024-05-17";"Refrigerated";"Unknown_post";"Short Shipment"
"T101330";"OR-57951";"PN007";"Omeprazole 20mg Capsule";"S001";"NHS Supply Chain";"D003";"Scotland Regional Hub";"PH004";"Community Health Pharmacy";"2024-08-16";7;"2024-08-23";10;10;61.45;200.15;814.65;"Delivered";"B9288";"2026-02-05";"Refrigerated";"SE1 9RT";"Unknown_notes"
"T101331";"OR-19979";"PN009";"Metformin 500mg Tablet";"S001";"NHS Supply Chain";"D002";"North West Depot";"PH007";"Southcare Pharmacy";"2024-02-02";3;"2024-02-05";20;20;61.01;290.37;1510.57;"Cancelled";"B2263";"2024-08-03";"ambient";"M1 2AB";"Temperature Sensitive"
"T101334";"OR-77712";"PN002";"Paracetamol 500mg Tablet";"S003";"UKPharma Dist ";"D005";"East England Depot";"PH010";"University Hospital Pharmacy";"2024-03-27";14;"2024-04-10";0;0;29.02;184.48;184.48;"Partial";"B8453";"2026-02-21";"Room Temp";"B1 1AA";"Temperature Sensitive"
"T101335";"OR-14136";"PN004";"Atorvastatin 20mg Tablet";"S002";"MediSupply Ltd";"D004";"Wales Depot";"PH009";"Midtown Pharmacy";"2024-12-05";5;"2024-12-12";1645;1645;16.25;230.69;26961.94;"Partial";"B1446";"2025-09-21";"Cold Chain";"Unknown_post";"Short Shipment"
"T101337";"OR-59932";"PN009";"Metformin 500mg Tablet";"S001";"NHS Supply Chain";"D001";"Central Hub London";"PH003";"City Clinic Pharmacy";"2023-08-29";10;"2023-10-09";0;0;31.43;249.51;249.51;"In Transit";"B3508";"2024-04-04";"ambient";"Unknown_post";"Call before delivery"
"T101341";"OR-30595";"PN004";"Atorvastatin 20mg Tablet";"S004";"HealQuick";"D001";"Central Hub London";"PH006";"Northside Pharmacy";"2023-03-20";7;"2023-03-27";0;0;39.11;44.87;44.87;"Cancelled";"B4658";"2025-04-20";"Room Temp";"SE1 9RT";"Temperature Sensitive"
"T101343";"OR-70368";"PN010";"Co-codamol 30/500 Tablet";"S001";"NHS Supply Chain";"D002";"North West Depot";"PH002";"Royal Infirmary Pharmacy";"2024-11-24";7;"2024-12-03";250;250;34.06;282.73;8797.73;"In Transit";"B7539";"2025-06-15";"Refrigerated";"LS1 1UR";"Short Shipment"
"T101347";"OR-75235";"PN008";"Flu Vaccine";"S005";"GlobalMeds";"D005";"East England Depot";"PH010";"University Hospital Pharmacy";"2024-07-27";4;"2024-08-01";50;50;68.09;82.76;3487.26;"Delivered";"B9131";"2025-08-10";"Refrigerated";"LS1 1UR";"Handle with care"
"T101348";"OR-24862";"PN009";"Metformin 500mg Tablet";"S001";"NHS Supply Chain";"D004";"Wales Depot";"PH006";"Northside Pharmacy";"2024-03-02";4;"2024-03-06";100;100;52.18;125.35;5343.35;"Cancelled";"B4551";"2025-03-10";"Refrigerated";"Unknown_post";"Call before delivery"
"T101350";"OR-78280";"PN004";"Atorvastatin 20mg Tablet";"S005";"GlobalMeds";"D004";"Wales Depot";"PH004";"Community Health Pharmacy";"2023-07-06";4;"2023-07-10";0;0;67.51;172.12;172.12;"Delivered";"B3856";"2025-08-11";"Refrigerated";"SE1 9RT";"Short Shipment"
"T101352";"OR-49390";"PN001";"Amoxicillin 500mg Capsule";"S001";"NHS SUPPLY CHAIN";"D001";"Central Hub London";"PH002";"Royal Infirmary Pharmacy";"2023-04-02";3;"2023-05-04";10;10;34.07;230.16;570.86;"In Transit";"B8470";"2023-12-21";"Room Temp";"M1 2AB";"Please confirm"
"T101353";"OR-52972";"PN007";"Omeprazole 20mg Capsule";"S005";"GlobalMeds ";"D001";"Central Hub London";"PH003";"City Clinic Pharmacy";"2024-01-25";4;"2024-01-30";100;100;30.42;115.99;3157.99;"Returned";"B7190";"2026-02-22";"ambient";"SE1 9RT";"Unknown_notes"
"T101354";"OR-19003";"PN010";"Co-codamol 30/500 Tablet";"S003";"UKPharma Dist ";"D005";"East England Depot";"PH005";"County General Pharmacy";"2023-06-24";10;"2023-07-04";100;100;64.93;196.22;6689.22;"Partial";"B2808";"2024-08-22";"Room Temp";"Unknown_post";"Unknown_notes"
"T101355";"OR-75127";"PN008";"Flu Vaccine";"S005";"GlobalMeds";"D003";"Scotland Regional Hub";"PH003";"City Clinic Pharmacy";"2023-11-25";3;"2023-11-29";100;100;9.97;162.17;1159.17;"Delivered";"B5311";"2025-03-24";"ambient";"Unknown_post";"Temperature Sensitive"
"T101357";"OR-35173";"PN003";"Insulin Glargine 100IU/ml";"S002";"MediSupply Ltd";"D005";"East England Depot";"PH004";"Community Health Pharmacy";"2023-11-03";2;"2023-06-11";100;100;43.68;126.9;4494.9;"In Transit";"B3036";"2024-06-25";"Cold Chain";"B1 1AA";"Handle with care"
"T101360";"OR-72464";"PN007";"Omeprazole 20mg Capsule";"S003";"UKPharma Dist";"D003";"Scotland Regional Hub";"PH001";"St Thomas Hospital Pharmacy";"2023-12-20";2;"2023-12-24";10;10;17.38;0.93;174.73;"Delivered";"Unknown_batch";"2025-11-12";"Room Temp";"LS1 1UR";"Please confirm"
"T101362";"OR-26633";"PN008";"Flu Vaccine";"S002";"MediSupply Ltd";"D003";"Scotland Regional Hub";"PH003";"City Clinic Pharmacy";"2023-06-04";3;"2023-09-04";0;0;54.41;60.78;60.78;"Partial";"B5826";"2025-08-17";"ambient";"Unknown_post";"Temperature Sensitive"
"T101363";"OR-19701";"PN010";"Co-codamol 30/500 Tablet";"S003";"UKPharma Dist ";"D002";"North West Depot";"PH004";"Community Health Pharmacy";"2023-02-17";5;"2023-02-22";300;300;47.21;91.75;14254.75;"Cancelled";"B8879";"2024-11-01";"Refrigerated";"SE1 9RT";"Handle with care"
"T101365";"OR-30990";"PN004";"Atorvastatin 20mg Tablet";"S003";"UKPharma Dist";"D003";"Scotland Regional Hub";"PH002";"Royal Infirmary Pharmacy";"2024-03-28";-2;"2024-03-27";250;250;31.84;234.39;8194.39;"Delivered";"B3376";"2025-10-25";"Refrigerated";"SE1 9RT";"Unknown_notes"
"T101367";"OR-12375";"PN009";"Metformin 500mg Tablet";"S005";"GlobalMeds";"D003";"Scotland Regional Hub";"PH008";"Lakeside Pharmacy";"2023-09-25";2;"2023-09-29";500;500;40.35;53.37;20228.37;"Cancelled";"B9452";"2025-12-09";"Refrigerated";"M1 2AB";"Call before delivery"
"T101368";"OR-70814";"PN010";"Co-codamol 30/500 Tablet";"S001";"NHS Supply Chain";"D004";"Wales Depot";"PH009";"Midtown Pharmacy";"2024-05-16";2;"2024-05-19";250;250;24.08;57.6;6077.6;"Cancelled";"B7307";"2026-08-01";"Cold Chain";"M1 2AB";"Call before delivery"
"T101369";"OR-15266";"PN002";"Paracetamol 500mg Tablet";"S002";"MediSupply Ltd";"D001";"Central Hub London";"PH003";"City Clinic Pharmacy";"2023-08-15";14;"2023-08-29";100;100;43.25;221.24;4546.24;"In Transit";"B6848";"2025-04-22";"ambient";"M1 2AB";"Please confirm"
"T101370";"OR-68643";"PN008";"Flu Vaccine";"S001";"NHS Supply Chain";"D002";"North West Depot";"PH001";"St Thomas Hospital Pharmacy";"2023-04-09";3;"2023-07-09";0;0;9.66;83.48;83.48;"In Transit";"B3222";"2025-11-26";"Refrigerated";"B1 1AA";"Unknown_notes"
"T101371";"OR-24137";"PN003";"Insulin Glargine 100IU/ml";"S002";"MediSupply Ltd";"D005";"East England Depot";"PH008";"Lakeside Pharmacy";"2023-01-03";5;"2023-09-01";20;20;9.91;28.39;226.59;"Partial";"B5325";"2023-08-07";"ambient";"Unknown_post";"Unknown_notes"
"T101372";"OR-63420";"PN009";"Metformin 500mg Tablet";"S003";"UKPharma Dist";"D001";"Central Hub London";"PH005";"County General Pharmacy";"2025-04-22";10;"2025-05-03";300;300;41.07;299.78;12620.78;"Cancelled";"B5896";"2027-01-11";"Room Temp";"Unknown_post";"Call before delivery"
"T101373";"OR-16180";"PN008";"Flu Vaccine";"S004";"HealQuick";"D005";"East England Depot";"PH009";"Midtown Pharmacy";"2025-03-31";5;"2025-04-05";200;200;52.94;31.53;10629.53;"In Transit";"B1376";"2026-11-10";"Room Temp";"B1 1AA";"Temperature Sensitive"
"T101374";"OR-19984";"PN002";"Paracetamol 500mg Tablet";"S005";"GlobalMeds";"D002";"North West Depot";"PH010";"University Hospital Pharmacy";"2024-01-01";4;"2024-07-01";10;10;57.07;147.62;718.32;"Returned";"B1607";"2024-08-16";"Unknown_temp";"LS1 1UR";"Handle with care"
"T101376";"OR-86574";"PN010";"Co-codamol 30/500 Tablet";"S002";"MediSupply Ltd";"D003";"Scotland Regional Hub";"PH007";"Southcare Pharmacy";"2023-12-11";3;"2023-11-15";0;0;47.93;81.96;81.96;"Partial";"B5592";"2025-07-16";"Cold Chain";"Unknown_post";"Call before delivery"
"T101377";"OR-85583";"PN005";"Salbutamol Inhaler";"S002";"MediSupply Ltd";"D003";"Scotland Regional Hub";"PH006";"Northside Pharmacy";"2023-07-24";4;"2023-07-28";0;0;62.83;229.32;229.32;"Cancelled";"Unknown_batch";"2024-11-14";"ambient";"SE1 9RT";"Temperature Sensitive"
"T101378";"OR-84778";"PN001";"Amoxicillin 500mg Capsule";"S003";"UKPharma Dist";"D004";"Wales Depot";"PH006";"Northside Pharmacy";"2023-02-06";10;"2023-02-17";200;200;22.73;245.4;4791.4;"Returned";"B4132";"2023-11-15";"Refrigerated";"M1 2AB";"Short Shipment"
"T101379";"OR-25494";"PN005";"Salbutamol Inhaler";"S004";"HealQuick";"D002";"North West Depot";"PH007";"Southcare Pharmacy";"2025-04-09";2;"2025-11-04";50;50;65.79;212.62;3502.12;"Delivered";"B6536";"2027-04-17";"Refrigerated";"M1 2AB";"Temperature Sensitive"
"T101380";"OR-11226";"PN008";"Flu Vaccine";"S003";"UKPharma Dist";"D003";"Scotland Regional Hub";"PH006";"Northside Pharmacy";"2024-10-04";5;"2024-10-09";10;10;53.28;38.44;571.24;"Partial";"B2282";"2026-11-29";"Refrigerated";"SE1 9RT";"Temperature Sensitive"
"T101382";"OR-56034";"PN004";"Atorvastatin 20mg Tablet";"S002";"MediSupply Ltd";"D005";"East England Depot";"PH006";"Northside Pharmacy";"2024-01-31";5;"2024-05-02";20;20;25.39;23.83;531.63;"Cancelled";"B4126";"2025-03-18";"Cold Chain";"Unknown_post";"Short Shipment"
"T101383";"OR-24371";"PN006";"Warfarin 2mg Tablet";"S003";"UKPharma Dist ";"D004";"Wales Depot";"PH005";"County General Pharmacy";"2023-09-11";2;"2023-11-11";20;20;21.66;232.38;665.58;"In Transit";"B5059";"2024-12-21";"Cold Chain";"Unknown_post";"Short Shipment"
"T101384";"OR-62332";"PN010";"Co-codamol 30/500 Tablet";"S004";"HealQuick";"D003";"Scotland Regional Hub";"PH007";"Southcare Pharmacy";"2025-01-03";10;"2025-01-15";20;20;8.99;123.67;303.47;"Returned";"B3129";"2025-11-06";"ambient";"Unknown_post";"Handle with care"
"T101385";"OR-72573";"PN008";"Flu Vaccine";"S005";"GlobalMeds";"D001";"Central Hub London";"PH002";"Royal Infirmary Pharmacy";"2025-03-27";-1;"2025-03-26";20;20;19.75;285.83;680.83;"Returned";"B5335";"2027-06-11";"Refrigerated";"Unknown_post";"Unknown_notes"
"T101389";"OR-45042";"PN001";"Amoxicillin 500mg Capsule";"S005";"GlobalMeds";"D002";"North West Depot";"PH003";"City Clinic Pharmacy";"2024-06-03";5;"2024-06-10";50;50;70.7;135.29;3670.29;"Partial";"Unknown_batch";"2026-07-25";"ambient";"M1 2AB";"Unknown_notes"
"T101390";"OR-17179";"PN005";"Salbutamol Inhaler";"S001";"NHS Supply Chain";"D002";"North West Depot";"PH005";"County General Pharmacy";"2024-03-04";14;"2024-03-18";20;20;8.96;277.38;456.58;"In Transit";"B4122";"2025-11-18";"ambient";"SE1 9RT";"Please confirm"
"T101394";"OR-81062";"PN008";"Flu Vaccine";"S004";"HealQuick ";"D003";"Scotland Regional Hub";"PH005";"County General Pharmacy";"2024-12-15";14;"2024-12-29";10;10;1.06;203.75;214.35;"Returned";"B3175";"2026-05-28";"Refrigerated";"Unknown_post";"Please confirm"
"T101395";"OR-51733";"PN008";"Flu Vaccine";"S003";"UKPharma Dist";"D002";"North West Depot";"PH003";"City Clinic Pharmacy";"2023-07-03";5;"2023-07-08";150;150;37.17;277.33;5852.83;"Returned";"B4880";"2025-04-25";"Unknown_temp";"B1 1AA";"Please confirm"
"T101396";"OR-67408";"PN010";"Co-codamol 30/500 Tablet";"S001";"NHS Supply Chain";"D001";"Central Hub London";"PH005";"County General Pharmacy";"2024-08-11";2;"2024-08-15";500;500;40.46;151.46;20381.46;"Delivered";"B1526";"2026-09-21";"Refrigerated";"Unknown_post";"Unknown_notes"
"T101399";"OR-68284";"PN007";"Omeprazole 20mg Capsule";"S001";"NHS Supply Chain ";"D004";"Wales Depot";"PH010";"University Hospital Pharmacy";"2023-01-17";5;"2023-01-22";200;159;57.66;225.79;11757.79;"Delivered";"B1854";"2024-12-16";"Refrigerated";"B1 1AA";"Please confirm"
"T101400";"OR-72202";"PN003";"Insulin Glargine 100IU/ml";"S004";"HealQuick";"D005";"East England Depot";"PH006";"Northside Pharmacy";"2025-05-31";14;"2025-06-15";300;300;29.47;268.96;9109.96;"Delivered";"B2067";"2026-10-20";"Cold Chain";"LS1 1UR";"Temperature Sensitive"
"T101401";"OR-13633";"PN001";"Amoxicillin 500mg Capsule";"S003";"UKPharma Dist";"D002";"North West Depot";"PH004";"Community Health Pharmacy";"2023-05-18";10;"2023-05-29";0;0;11.2;170.13;170.13;"Returned";"4925";"2025-06-05";"Refrigerated";"LS1 1UR";"Handle with care"
"T101403";"OR-86598";"PN006";"Warfarin 2mg Tablet";"S005";"GlobalMeds";"D005";"East England Depot";"PH008";"Lakeside Pharmacy";"2023-07-31";5;"2023-05-08";500;500;55.83;222.6;28137.6;"Cancelled";"B1354";"2024-12-07";"Cold Chain";"M1 2AB";"Unknown_notes"
"T101404";"OR-65106";"PN002";"Paracetamol 500mg Tablet";"S005";"GlobalMeds";"D003";"Scotland Regional Hub";"PH006";"Northside Pharmacy";"2024-01-05";3;"2024-01-09";10;10;11.52;129.35;244.55;"In Transit";"4498";"2025-09-13";"Room Temp";"SE1 9RT";"Temperature Sensitive"
"T101405";"OR-51654";"PN010";"Co-codamol 30/500 Tablet";"S002";"MediSupply Ltd";"D002";"North West Depot";"PH003";"City Clinic Pharmacy";"2023-03-20";7;"2023-03-27";500;500;61.82;181.42;31091.42;"Partial";"B1344";"2025-02-19";"Cold Chain";"Unknown_post";"Short Shipment"
"T101408";"OR-47712";"PN002";"Paracetamol 500mg Tablet";"S004";"HealQuick";"D005";"East England Depot";"PH001";"St Thomas Hospital Pharmacy";"2024-06-21";10;"2024-07-03";100;100;48.21;125.34;4946.34;"Cancelled";"B3844";"2026-08-11";"Refrigerated";"M1 2AB";"Call before delivery"
"T101416";"OR-40251";"PN005";"Salbutamol Inhaler";"S004";"HealQuick";"D004";"Wales Depot";"PH004";"Community Health Pharmacy";"2024-06-25";5;"2024-06-30";10;10;69.84;274.36;972.76;"Delivered";"B2377";"2025-07-05";"Refrigerated";"M1 2AB";"Handle with care"
"T101417";"OR-20212";"PN006";"Warfarin 2mg Tablet";"S002";"MediSupply Ltd";"D001";"Central Hub London";"PH001";"St Thomas Hospital Pharmacy";"2024-12-06";3;"2024-09-12";-24;0;9.53;242.93;14.21;"Delivered";"B2787";"2025-10-08";"Room Temp";"B1 1AA";"Call before delivery"
"T101418";"OR-95584";"PN004";"Atorvastatin 20mg Tablet";"S001";"NHS Supply Chain";"D002";"North West Depot";"PH009";"Midtown Pharmacy";"2023-11-19";4;"2023-11-24";100;100;4.4;254.14;694.14;"Delivered";"Unknown_batch";"2026-02-01";"ambient";"B1 1AA";"Call before delivery"
"T101420";"OR-86455";"PN001";"Amoxicillin 500mg Capsule";"S002";"MediSupply Ltd";"D003";"Scotland Regional Hub";"PH003";"City Clinic Pharmacy";"2024-10-25";7;"2024-11-01";150;150;7.55;252.18;1384.68;"Returned";"B5440";"2025-07-31";"Refrigerated";"M1 2AB";"Call before delivery"
"T101421";"OR-67523";"PN001";"Amoxicillin 500mg Capsule";"S004";"HealQuick";"D005";"East England Depot";"PH007";"Southcare Pharmacy";"2025-04-27";14;"2025-05-11";150;150;32.43;196.97;5061.47;"Cancelled";"B3129";"2027-04-30";"Refrigerated";"LS1 1UR";"Call before delivery"
"T101422";"OR-90754";"PN005";"Salbutamol Inhaler";"S004";"HealQuick";"D001";"Central Hub London";"PH008";"Lakeside Pharmacy";"2023-05-30";5;"2023-06-04";300;300;45.3;62.81;13652.81;"Delivered";"B3502";"2024-12-01";"Refrigerated";"B1 1AA";"Short Shipment"
"T101424";"OR-65834";"PN010";"Co-codamol 30/500 Tablet";"S003";"UKPharma Dist";"D003";"Scotland Regional Hub";"PH001";"St Thomas Hospital Pharmacy";"2024-08-04";7;"2024-08-12";300;219;25.56;104.32;7772.32;"Returned";"B5625";"2025-10-08";"Cold Chain";"LS1 1UR";"Handle with care"
"T101426";"OR-17313";"PN008";"Flu Vaccine";"S004";"HealQuick";"D001";"Central Hub London";"PH008";"Lakeside Pharmacy";"2023-04-29";7;"2023-08-05";20;20;23.68;51.64;525.24;"Partial";"B9631";"2025-03-17";"Cold Chain";"M1 2AB";"Please confirm"
"T101430";"OR-55802";"PN006";"Warfarin 2mg Tablet";"S004";"HealQuick ";"D002";"North West Depot";"PH005";"County General Pharmacy";"2024-09-24";4;"2024-09-28";300;300;16.36;279.97;5187.97;"Cancelled";"Unknown_batch";"2026-04-25";"ambient";"Unknown_post";"Temperature Sensitive"
"T101431";"OR-18150";"PN007";"Omeprazole 20mg Capsule";"S001";"NHS Supply Chain";"D001";"Central Hub London";"PH009";"Midtown Pharmacy";"2024-07-29";10;"2024-10-08";0;0;62.1;42.69;42.69;"Cancelled";"B5311";"2026-01-04";"ambient";"Unknown_post";"Temperature Sensitive"
"T101432";"OR-41774";"PN010";"Co-codamol 30/500 Tablet";"S003";"UKPharma Dist";"D004";"Wales Depot";"PH009";"Midtown Pharmacy";"2023-06-24";10;"2023-07-04";300;300;32.94;72.71;9954.71;"Returned";"B7487";"2024-09-01";"ambient";"Unknown_post";"Unknown_notes"
"T101433";"OR-17294";"PN002";"Paracetamol 500mg Tablet";"S002";"MediSupply Ltd";"D001";"Central Hub London";"PH004";"Community Health Pharmacy";"2023-09-26";5;"2023-10-01";500;500;28.8;229.96;14629.96;"Partial";"Unknown_batch";"2024-12-07";"Refrigerated";"B1 1AA";"Unknown_notes"
"T101435";"OR-41465";"PN001";"Amoxicillin 500mg Capsule";"S001";"NHS Supply Chain";"D005";"East England Depot";"PH006";"Northside Pharmacy";"2025-01-17";4;"2025-01-22";200;200;61.09;189.94;12407.94;"Partial";"B5331";"2026-11-22";"Cold Chain";"Unknown_post";"Call before delivery"
"T101438";"OR-98556";"PN001";"Amoxicillin 500mg Capsule";"S004";"HealQuick";"D005";"East England Depot";"PH001";"St Thomas Hospital Pharmacy";"2023-12-19";14;"2024-02-01";-29;0;38.25;11.92;-1097.33;"Returned";"B5210";"2024-08-22";"Refrigerated";"M1 2AB";"Unknown_notes"
"T101441";"OR-84261";"PN009";"Metformin 500mg Tablet";"S004";"HealQuick";"D004";"Wales Depot";"PH004";"Community Health Pharmacy";"2023-04-30";3;"2023-05-05";300;300;43.24;205.89;13177.89;"Cancelled";"Unknown_batch";"2024-03-08";"Refrigerated";"Unknown_post";"Call before delivery"
"T101444";"OR-98641";"PN003";"Insulin Glargine 100IU/ml";"S002";"MediSupply Ltd";"D001";"Central Hub London";"PH007";"Southcare Pharmacy";"2024-03-04";5;"2024-03-11";250;210;73.16;263.79;18553.79;"In Transit";"B9658";"2025-01-10";"Cold Chain";"Unknown_post";"Unknown_notes"
"T101446";"OR-31282";"PN006";"Warfarin 2mg Tablet";"S001";"NHS Supply Chain";"D004";"Wales Depot";"PH001";"St Thomas Hospital Pharmacy";"2024-08-07";2;"2024-07-10";250;250;14.96;270.4;4010.4;"Cancelled";"B2520";"2026-02-11";"ambient";"Unknown_post";"Short Shipment"
"T101449";"OR-16096";"PN008";"Flu Vaccine";"S004";"HealQuick";"D004";"Wales Depot";"PH001";"St Thomas Hospital Pharmacy";"2023-01-01";4;"2023-01-07";150;150;63.75;60.34;9622.84;"Returned";"B2972";"2023-12-09";"ambient";"M1 2AB";"Please confirm"
"T101450";"OR-89838";"PN002";"Paracetamol 500mg Tablet";"S005";"GlobalMeds";"D001";"Central Hub London";"PH003";"City Clinic Pharmacy";"2024-07-09";7;"2024-09-16";100;100;43.32;39.08;4371.08;"Partial";"B5307";"2025-03-12";"ambient";"B1 1AA";"Handle with care"
"T101452";"OR-95225";"PN005";"Salbutamol Inhaler";"S003";"UKPharma Dist";"D005";"East England Depot";"PH009";"Midtown Pharmacy";"2023-05-14";5;"2023-05-19";10;10;57.82;277.93;856.13;"Delivered";"B9878";"2024-05-19";"Room Temp";"LS1 1UR";"Temperature Sensitive"
"T101454";"OR-64435";"PN003";"Insulin Glargine 100IU/ml";"S005";"GlobalMeds";"D004";"Wales Depot";"PH003";"City Clinic Pharmacy";"2024-08-18";7;"2024-08-27";150;150;3.54;32.1;563.1;"Delivered";"B9600";"2026-09-11";"ambient";"SE1 9RT";"Call before delivery"
"T101456";"OR-17335";"PN001";"Amoxicillin 500mg Capsule";"S005";"GlobalMeds ";"D001";"Central Hub London";"PH005";"County General Pharmacy";"2024-09-11";2;"2024-09-14";300;300;31.01;104.8;9407.8;"Returned";"B6559";"2025-05-15";"ambient";"LS1 1UR";"Temperature Sensitive"
"T101457";"OR-55732";"PN004";"Atorvastatin 20mg Tablet";"S003";"UKPHARMA DIST";"D005";"East England Depot";"PH002";"Royal Infirmary Pharmacy";"2024-05-10";10;"2024-05-22";150;150;28.15;294.52;4517.02;"Partial";"B8100";"2026-02-21";"Cold Chain";"SE1 9RT";"Unknown_notes"
"T101458";"OR-39916";"PN007";"Omeprazole 20mg Capsule";"S005";"GlobalMeds";"D001";"Central Hub London";"PH001";"St Thomas Hospital Pharmacy";"2025-08-01";10;"2025-01-18";0;0;23.94;157.47;157.47;"In Transit";"B5295";"2027-03-15";"Room Temp";"B1 1AA";"Short Shipment"
"T101462";"OR-77463";"PN008";"Flu Vaccine";"S001";"NHS Supply Chain ";"D005";"East England Depot";"PH004";"Community Health Pharmacy";"2024-06-06";3;"2024-06-09";20;20;51.13;109.48;1132.08;"Partial";"B9283";"2026-08-09";"Room Temp";"SE1 9RT";"Please confirm"
"T101463";"OR-55115";"PN010";"Co-codamol 30/500 Tablet";"S002";"MediSupply Ltd";"D001";"Central Hub London";"PH001";"St Thomas Hospital Pharmacy";"2025-06-16";5;"2025-06-21";500;500;54.08;152.13;27192.13;"Returned";"B4931";"2027-01-03";"Refrigerated";"LS1 1UR";"Handle with care"
"T101464";"OR-61487";"PN010";"Co-codamol 30/500 Tablet";"S005";"GlobalMeds";"D004";"Wales Depot";"PH005";"County General Pharmacy";"2023-03-01";4;"2023-03-05";300;300;6.83;146.55;2195.55;"In Transit";"B1016";"2025-01-28";"Refrigerated";"B1 1AA";"Call before delivery"
"T101467";"OR-73706";"PN007";"Omeprazole 20mg Capsule";"S004";"HealQuick";"D001";"Central Hub London";"PH004";"Community Health Pharmacy";"2024-01-10";10;"2024-01-21";250;250;14.47;34.3;3651.8;"Cancelled";"B8129";"2025-11-07";"ambient";"M1 2AB";"Short Shipment"
"T101470";"OR-20529";"PN003";"Insulin Glargine 100IU/ml";"S001";"NHS Supply Chain";"D005";"East England Depot";"PH009";"Midtown Pharmacy";"2023-12-01";2;"2023-12-04";150;150;41.34;141.54;6342.54;"Cancelled";"B9533";"2024-10-14";"Refrigerated";"Unknown_post";"Please confirm"
"T101471";"OR-56385";"PN008";"Flu Vaccine";"S004";"HealQuick";"D004";"Wales Depot";"PH003";"City Clinic Pharmacy";"2024-07-03";3;"2024-07-06";500;500;64.41;279.66;32484.66;"In Transit";"B4867";"2026-01-21";"ambient";"B1 1AA";"Temperature Sensitive"
"T101474";"OR-82913";"PN001";"Amoxicillin 500mg Capsule";"S001";"NHS Supply Chain";"D005";"East England Depot";"PH004";"Community Health Pharmacy";"2023-08-24";5;"2023-08-30";300;300;54.79;132.33;16569.33;"In Transit";"B2360";"2025-05-31";"Room Temp";"Unknown_post";"Temperature Sensitive"
"T101475";"OR-96560";"PN007";"Omeprazole 20mg Capsule";"S005";"GlobalMeds";"D003";"Scotland Regional Hub";"PH009";"Midtown Pharmacy";"2024-06-07";7;"2024-07-15";10;10;72.14;185.49;906.89;"In Transit";"B4113";"2026-08-07";"ambient";"Unknown_post";"Short Shipment"
"T101476";"OR-36097";"PN002";"Paracetamol 500mg Tablet";"S004";"HealQuick";"D002";"North West Depot";"PH003";"City Clinic Pharmacy";"2023-08-31";5;"2023-05-09";200;71;56.28;200.64;11456.64;"Cancelled";"B3412";"2025-04-27";"Cold Chain";"LS1 1UR";"Please confirm"
"T101477";"OR-79682";"PN007";"Omeprazole 20mg Capsule";"S005";"GlobalMeds";"D002";"North West Depot";"PH010";"University Hospital Pharmacy";"2023-03-24";4;"2023-03-28";300;300;52.91;81.72;15954.72;"In Transit";"B7896";"2023-10-24";"ambient";"LS1 1UR";"Short Shipment"
"T101481";"OR-69787";"PN008";"Flu Vaccine";"S005";"GlobalMeds";"D005";"East England Depot";"PH009";"Midtown Pharmacy";"2024-07-30";7;"2024-08-08";300;300;64.93;167.81;19646.81;"Partial";"B7949";"2027-01-13";"ambient";"Unknown_post";"Short Shipment"
"T101483";"OR-19284";"PN008";"Flu Vaccine";"S004";"HealQuick";"D004";"Wales Depot";"PH010";"University Hospital Pharmacy";"2024-07-17";14;"2024-07-31";0;0;2.58;252.04;252.04;"Returned";"B2021";"2026-10-01";"Refrigerated";"LS1 1UR";"Short Shipment"
"T101484";"OR-36888";"PN006";"Warfarin 2mg Tablet";"S004";"HealQuick";"D003";"Scotland Regional Hub";"PH007";"Southcare Pharmacy";"2023-05-24";2;"2023-05-28";20;20;63.17;235.45;1498.85;"Cancelled";"B8370";"2025-05-14";"Refrigerated";"Unknown_post";"Handle with care"
"T101487";"OR-13825";"PN002";"Paracetamol 500mg Tablet";"S004";"HealQuick";"D002";"North West Depot";"PH009";"Midtown Pharmacy";"2023-02-01";3;"2023-02-05";10;10;59.4;123.03;717.03;"Returned";"B7761";"2025-05-28";"Cold Chain";"Unknown_post";"Call before delivery"
"T101488";"OR-67202";"PN009";"Metformin 500mg Tablet";"S001";"NHS Supply Chain";"D005";"East England Depot";"PH009";"Midtown Pharmacy";"2025-01-09";4;"2025-01-15";200;153;1.86;252.59;624.59;"Returned";"B7904";"2027-04-29";"ambient";"LS1 1UR";"Handle with care"
"T101489";"OR-22263";"PN006";"Warfarin 2mg Tablet";"S003";"UKPharma Dist";"D002";"North West Depot";"PH009";"Midtown Pharmacy";"2025-01-12";2;"2025-01-15";100;100;9.61;182.11;1143.11;"Cancelled";"B7163";"2026-06-20";"Refrigerated";"Unknown_post";"Temperature Sensitive"
"T101491";"OR-69134";"PN010";"Co-codamol 30/500 Tablet";"S001";"NHS Supply Chain";"D005";"East England Depot";"PH009";"Midtown Pharmacy";"2024-11-09";3;"2024-11-12";150;150;56.93;104.06;8643.56;"Returned";"B4424";"2027-04-20";"ambient";"SE1 9RT";"Unknown_notes"
"T101497";"OR-30933";"PN006";"Warfarin 2mg Tablet";"S001";"NHS Supply Chain";"D002";"North West Depot";"PH007";"Southcare Pharmacy";"2025-05-06";7;"2025-06-12";100;100;10.29;60.82;1089.82;"Cancelled";"5120";"2027-10-15";"Refrigerated";"LS1 1UR";"Short Shipment"
"T101498";"OR-22696";"PN006";"Warfarin 2mg Tablet";"S002";"MediSupply Ltd";"D002";"North West Depot";"PH004";"Community Health Pharmacy";"2023-02-03";10;"2023-02-14";150;150;18.89;39.13;2972.63;"Cancelled";"Unknown_batch";"2024-10-27";"ambient";"SE1 9RT";"Please confirm"
"T101501";"OR-35423";"PN007";"Omeprazole 20mg Capsule";"S001";"NHS Supply Chain";"D005";"East England Depot";"PH001";"St Thomas Hospital Pharmacy";"2025-02-15";7;"2025-02-24";100;100;34.15;272.37;3687.37;"Partial";"B4349";"2026-10-23";"Room Temp";"SE1 9RT";"Please confirm"
"T101502";"OR-28094";"PN009";"Metformin 500mg Tablet";"S005";"GlobalMeds";"D005";"East England Depot";"PH002";"Royal Infirmary Pharmacy";"2025-03-29";3;"2025-03-04";250;250;59.13;114.23;14896.73;"Cancelled";"Unknown_batch";"2027-04-06";"ambient";"LS1 1UR";"Please confirm"
"T101504";"OR-66081";"PN010";"Co-codamol 30/500 Tablet";"S004";"HealQuick";"D002";"North West Depot";"PH006";"Northside Pharmacy";"2024-09-02";10;"2024-12-09";50;50;24.05;212.12;1414.62;"Returned";"B3212";"2025-08-02";"Cold Chain";"M1 2AB";"Short Shipment"
"T101505";"OR-75013";"PN008";"Flu Vaccine";"S003";"UKPharma Dist";"D004";"Wales Depot";"PH008";"Lakeside Pharmacy";"2024-03-29";4;"2024-04-03";100;74;56.22;120.26;5742.26;"Cancelled";"B1461";"2025-10-23";"Room Temp";"SE1 9RT";"Unknown_notes"
"T101506";"OR-77721";"PN005";"Salbutamol Inhaler";"S004";"HealQuick ";"D001";"Central Hub London";"PH005";"County General Pharmacy";"2025-03-25";7;"2025-02-04";0;0;11.46;96.71;96.71;"Cancelled";"B4028";"2025-10-01";"Refrigerated";"LS1 1UR";"Handle with care"
"T101508";"OR-83197";"PN005";"Salbutamol Inhaler";"S003";"UKPharma Dist";"D003";"Scotland Regional Hub";"PH006";"Northside Pharmacy";"2023-03-23";10;"2023-02-04";200;200;65.8;40.33;13200.33;"Delivered";"B9899";"2023-11-24";"ambient";"Unknown_post";"Handle with care"
"T101509";"OR-34122";"PN005";"Salbutamol Inhaler";"S001";"NHS Supply Chain";"D002";"North West Depot";"PH007";"Southcare Pharmacy";"2024-05-07";5;"2024-07-10";0;0;40.64;68.24;68.24;"Returned";"Unknown_batch";"2026-02-22";"Refrigerated";"Unknown_post";"Handle with care"
"T101510";"OR-43330";"PN010";"Co-codamol 30/500 Tablet";"S002";"MediSupply Ltd";"D003";"Scotland Regional Hub";"PH010";"University Hospital Pharmacy";"2025-04-15";4;"2025-04-20";20;20;31.22;252.78;851.68;"Returned";"B5976";"2025-12-29";"Room Temp";"M1 2AB";"Unknown_notes"
"T101512";"OR-93554";"PN009";"Metformin 500mg Tablet";"S001";"NHS Supply Chain";"D003";"Scotland Regional Hub";"PH009";"Midtown Pharmacy";"2023-12-18";10;"2023-12-30";150;81;39.52;57.86;5985.86;"Delivered";"B9866";"2024-09-18";"Refrigerated";"LS1 1UR";"Short Shipment"
"T101513";"OR-13793";"PN004";"Atorvastatin 20mg Tablet";"S001";"NHS Supply Chain";"D005";"East England Depot";"PH003";"City Clinic Pharmacy";"2023-05-08";7;"2023-05-17";250;129;67.0;56.52;16806.52;"Cancelled";"B2031";"2024-10-14";"Refrigerated";"Unknown_post";"Unknown_notes"
"T101515";"OR-36871";"PN008";"Flu Vaccine";"S003";"UKPharma Dist";"D004";"Wales Depot";"PH001";"St Thomas Hospital Pharmacy";"2023-07-27";4;"2023-07-31";150;150;17.41;238.7;2850.2;"In Transit";"B5659";"2024-03-23";"Refrigerated";"B1 1AA";"Call before delivery"
"T101516";"OR-72147";"PN010";"Co-codamol 30/500 Tablet";"S001";"NHS Supply Chain";"D002";"North West Depot";"PH006";"Northside Pharmacy";"2024-03-04";10;"2024-03-16";50;50;30.6;153.38;1683.38;"In Transit";"B6554";"2025-05-10";"Refrigerated";"Unknown_post";"Handle with care"
"T101518";"OR-97764";"PN008";"Flu Vaccine";"S002";"MediSupply Ltd";"D003";"Scotland Regional Hub";"PH002";"Royal Infirmary Pharmacy";"2024-03-21";2;"2024-03-23";300;114;53.73;75.36;16194.36;"In Transit";"B9181";"2026-06-17";"Refrigerated";"M1 2AB";"Call before delivery"
"T101519";"OR-26652";"PN009";"Metformin 500mg Tablet";"S003";"UKPharma Dist";"D002";"North West Depot";"PH010";"University Hospital Pharmacy";"2025-01-27";5;"2025-02-02";0;0;40.88;43.45;43.45;"Returned";"B8636";"2026-05-11";"Refrigerated";"M1 2AB";"Unknown_notes"
"T101522";"OR-37633";"PN003";"Insulin Glargine 100IU/ml";"S002";"MediSupply Ltd";"D004";"Wales Depot";"PH006";"Northside Pharmacy";"2025-04-06";-1;"2025-06-04";300;300;3.26;242.62;1230.62;"Partial";"B9504";"2025-12-21";"Refrigerated";"LS1 1UR";"Please confirm"
"T101523";"OR-15995";"PN007";"Omeprazole 20mg Capsule";"S004";"HealQuick";"D005";"East England Depot";"PH003";"City Clinic Pharmacy";"2023-01-16";7;"2023-01-23";200;200;67.52;109.34;13613.34;"Returned";"B7632";"2024-10-19";"ambient";"LS1 1UR";"Please confirm"
"T101524";"OR-58389";"PN009";"Metformin 500mg Tablet";"S003";"UKPharma Dist";"D002";"North West Depot";"PH002";"Royal Infirmary Pharmacy";"2024-05-21";7;"2024-05-30";50;50;34.44;56.54;1778.54;"In Transit";"B7633";"2025-04-10";"Room Temp";"SE1 9RT";"Short Shipment"
"T101527";"OR-81865";"PN009";"Metformin 500mg Tablet";"S002";"MediSupply Ltd";"D003";"Scotland Regional Hub";"PH009";"Midtown Pharmacy";"2024-12-02";3;"2024-12-05";-3;-3;73.27;240.98;21.17;"Partial";"B6658";"2026-01-24";"Refrigerated";"Unknown_post";"Unknown_notes"
"T101530";"OR-77212";"PN007";"Omeprazole 20mg Capsule";"S004";"HealQuick";"D001";"Central Hub London";"PH003";"City Clinic Pharmacy";"2023-07-13";2;"2023-07-15";500;500;50.85;6.45;25431.45;"In Transit";"B9337";"2024-10-24";"Refrigerated";"LS1 1UR";"Unknown_notes"
"T101531";"OR-75978";"PN004";"Atorvastatin 20mg Tablet";"S002";"MediSupply Ltd";"D002";"North West Depot";"PH002";"Royal Infirmary Pharmacy";"2025-04-02";7;"2025-02-11";150;150;11.74;122.6;1858.1;"Delivered";"B2350";"2026-08-24";"Refrigerated";"SE1 9RT";"Temperature Sensitive"
"T101532";"OR-21961";"PN001";"Amoxicillin 500mg Capsule";"S002";"MediSupply Ltd";"D001";"Central Hub London";"PH007";"Southcare Pharmacy";"2023-04-10";5;"2023-04-15";250;250;47.08;73.15;11843.15;"Delivered";"B7072";"2024-08-07";"ambient";"LS1 1UR";"Call before delivery"
"T101536";"OR-81403";"PN010";"Co-codamol 30/500 Tablet";"S004";"HealQuick";"D005";"East England Depot";"PH010";"University Hospital Pharmacy";"2024-04-30";4;"2024-05-04";250;250;35.93;47.0;9029.5;"Cancelled";"B7799";"2026-04-17";"Refrigerated";"LS1 1UR";"Call before delivery"
"T101538";"OR-26973";"PN006";"Warfarin 2mg Tablet";"S003";"UKPharma Dist";"D003";"Scotland Regional Hub";"PH008";"Lakeside Pharmacy";"2024-02-22";3;"2024-02-25";150;150;36.42;265.78;5728.78;"Partial";"B8789";"2025-08-25";"Room Temp";"Unknown_post";"Please confirm"
"T101541";"OR-86842";"PN007";"Omeprazole 20mg Capsule";"S004";"HealQuick";"D002";"North West Depot";"PH007";"Southcare Pharmacy";"2023-10-28";14;"2023-11-11";100;100;11.0;132.87;1232.87;"Partial";"B4924";"2025-01-10";"Refrigerated";"SE1 9RT";"Unknown_notes"
"T101542";"OR-43128";"PN008";"Flu Vaccine";"S004";"HealQuick";"D004";"Wales Depot";"PH004";"Community Health Pharmacy";"2023-04-13";10;"2023-04-23";20;12;19.07;66.13;447.53;"Returned";"B2114";"2024-12-26";"Refrigerated";"M1 2AB";"Handle with care"
"T101543";"OR-42642";"PN007";"Omeprazole 20mg Capsule";"S003";"UKPharma Dist";"D004";"Wales Depot";"PH010";"University Hospital Pharmacy";"2024-06-04";4;"2024-06-08";100;100;16.31;15.06;1646.06;"In Transit";"B7654";"2025-07-18";"Refrigerated";"Unknown_post";"Handle with care"
"T101544";"OR-25266";"PN010";"Co-codamol 30/500 Tablet";"S005";"GlobalMeds";"D001";"Central Hub London";"PH003";"City Clinic Pharmacy";"2024-05-07";14;"2024-05-21";300;300;42.37;250.27;12961.27;"Partial";"B1477";"2025-04-09";"Refrigerated";"LS1 1UR";"Handle with care"
"T101545";"OR-46506";"PN004";"Atorvastatin 20mg Tablet";"S004";"HealQuick";"D003";"Scotland Regional Hub";"PH005";"County General Pharmacy";"2023-10-31";5;"2023-11-06";250;250;23.22;121.75;5926.75;"In Transit";"1110";"2025-10-30";"ambient";"B1 1AA";"Unknown_notes"
"T101547";"OR-50257";"PN010";"Co-codamol 30/500 Tablet";"S002";"MediSupply Ltd";"D001";"Central Hub London";"PH008";"Lakeside Pharmacy";"2023-09-29";-2;"2023-09-27";150;150;60.48;107.3;9179.3;"Delivered";"B7837";"2024-07-23";"Room Temp";"Unknown_post";"Short Shipment"
"T101549";"OR-78851";"PN003";"Insulin Glargine 100IU/ml";"S003";"UKPharma Dist";"D002";"North West Depot";"PH010";"University Hospital Pharmacy";"2024-09-05";14;"2024-09-19";100;100;35.62;74.51;3636.51;"Delivered";"B3240";"2025-07-08";"ambient";"Unknown_post";"Call before delivery"
"T101550";"OR-44984";"PN009";"Metformin 500mg Tablet";"S002";"MediSupply Ltd";"D001";"Central Hub London";"PH001";"St Thomas Hospital Pharmacy";"2024-10-12";5;"2024-10-18";200;200;48.39;72.67;9750.67;"Partial";"B7604";"2025-09-05";"ambient";"Unknown_post";"Short Shipment"
"T101552";"OR-58501";"PN010";"Co-codamol 30/500 Tablet";"S004";"HealQuick";"D002";"North West Depot";"PH007";"Southcare Pharmacy";"2024-12-30";5;"2025-01-04";0;0;20.73;77.83;77.83;"In Transit";"B2406";"2026-11-18";"Cold Chain";"SE1 9RT";"Short Shipment"
"T101555";"OR-13995";"PN001";"Amoxicillin 500mg Capsule";"S005";"GlobalMeds";"D004";"Wales Depot";"PH006";"Northside Pharmacy";"2024-06-18";4;"2024-06-23";200;200;30.89;290.47;6468.47;"Delivered";"B6791";"2026-05-04";"Cold Chain";"Unknown_post";"Handle with care"
"T101560";"OR-40769";"PN001";"Amoxicillin 500mg Capsule";"S001";"NHS Supply Chain";"D005";"East England Depot";"PH005";"County General Pharmacy";"2023-03-29";3;"2023-04-01";100;100;19.02;162.71;2064.71;"Returned";"B6640";"2025-06-06";"Cold Chain";"M1 2AB";"Temperature Sensitive"
"T101564";"OR-87467";"PN010";"Co-codamol 30/500 Tablet";"S004";"HealQuick";"D005";"East England Depot";"PH007";"Southcare Pharmacy";"2024-01-21";14;"2024-02-06";500;205;17.08;248.22;8788.22;"Delivered";"B4202";"2024-09-24";"ambient";"LS1 1UR";"Please confirm"
"T101565";"OR-34779";"PN005";"Salbutamol Inhaler";"S003";"UKPharma Dist";"D003";"Scotland Regional Hub";"PH003";"City Clinic Pharmacy";"2023-09-04";7;"2023-09-11";10;10;61.4;173.81;787.81;"Cancelled";"B6116";"2024-10-20";"Refrigerated";"B1 1AA";"Short Shipment"
"T101567";"OR-32525";"PN008";"Flu Vaccine";"S002";"MediSupply Ltd";"D005";"East England Depot";"PH008";"Lakeside Pharmacy";"2024-12-25";3;"2024-12-28";300;300;45.58;234.77;13908.77;"Returned";"B5004";"2026-04-27";"Refrigerated";"LS1 1UR";"Please confirm"
"T101568";"OR-30643";"PN006";"Warfarin 2mg Tablet";"S005";"GlobalMeds";"D001";"Central Hub London";"PH004";"Community Health Pharmacy";"2024-02-11";2;"2024-02-13";0;0;47.02;50.88;50.88;"Partial";"B8464";"2024-12-20";"Refrigerated";"Unknown_post";"Handle with care"
"T101569";"OR-82193";"PN008";"Flu Vaccine";"S003";"UKPharma Dist";"D005";"East England Depot";"PH002";"Royal Infirmary Pharmacy";"2024-10-01";7;"2024-10-09";300;300;55.93;61.11;16840.11;"Returned";"B5228";"2026-11-06";"ambient";"LS1 1UR";"Call before delivery"
"T101570";"OR-98257";"PN009";"Metformin 500mg Tablet";"S002";"MediSupply Ltd";"D001";"Central Hub London";"PH003";"City Clinic Pharmacy";"2023-12-24";10;"2024-03-01";300;300;19.98;175.71;6169.71;"Cancelled";"B8134";"2024-08-28";"Room Temp";"LS1 1UR";"Call before delivery"
"T101571";"OR-81001";"PN002";"Paracetamol 500mg Tablet";"S004";"HealQuick";"D002";"North West Depot";"PH003";"City Clinic Pharmacy";"2025-06-19";14;"2025-07-04";10;10;54.66;20.2;566.8;"Delivered";"B5195";"2026-10-28";"ambient";"LS1 1UR";"Unknown_notes"
"T101572";"OR-91404";"PN004";"Atorvastatin 20mg Tablet";"S005";"GlobalMeds";"D004";"Wales Depot";"PH001";"St Thomas Hospital Pharmacy";"2023-11-05";4;"2023-11-09";250;206;22.19;192.24;5714.24;"Cancelled";"B5716";"2025-04-23";"Refrigerated";"LS1 1UR";"Handle with care"
"T101573";"OR-94754";"PN002";"Paracetamol 500mg Tablet";"S003";"UKPharma Dist";"D002";"North West Depot";"PH005";"County General Pharmacy";"2024-06-21";4;"2024-06-26";50;50;17.16;233.81;1091.81;"Returned";"B7509";"2026-01-14";"Cold Chain";"Unknown_post";"Short Shipment"
"T101574";"OR-62098";"PN007";"Omeprazole 20mg Capsule";"S005";"GlobalMeds";"D001";"Central Hub London";"PH004";"Community Health Pharmacy";"2023-04-06";5;"2023-04-13";200;200;44.46;285.17;9177.17;"Cancelled";"B8969";"2025-05-26";"ambient";"Unknown_post";"Please confirm"
"T101575";"OR-86938";"PN004";"Atorvastatin 20mg Tablet";"S001";"NHS Supply Chain";"D003";"Scotland Regional Hub";"PH008";"Lakeside Pharmacy";"2023-04-27";10;"2023-05-09";100;100;20.12;136.3;2148.3;"Returned";"B3333";"2024-07-08";"Refrigerated";"M1 2AB";"Please confirm"
"T101577";"OR-73614";"PN006";"Warfarin 2mg Tablet";"S004";"HealQuick";"D005";"East England Depot";"PH008";"Lakeside Pharmacy";"2024-02-22";14;"2024-07-03";3327;3327;68.13;13.96;226682.47;"Returned";"B9682";"2024-11-03";"Refrigerated";"SE1 9RT";"Short Shipment"
"T101578";"OR-98346";"PN008";"Flu Vaccine";"S002";"MediSupply Ltd";"D003";"Scotland Regional Hub";"PH004";"Community Health Pharmacy";"2024-05-04";5;"2024-05-10";200;146;43.09;265.43;8883.43;"Cancelled";"B8638";"2026-10-19";"ambient";"B1 1AA";"Handle with care"
"T101579";"OR-22989";"PN003";"Insulin Glargine 100IU/ml";"S004";"HealQuick";"D001";"Central Hub London";"PH009";"Midtown Pharmacy";"2023-07-11";14;"2023-07-25";250;250;18.97;69.46;4811.96;"Cancelled";"B1529";"2025-03-01";"Refrigerated";"Unknown_post";"Please confirm"
"T101581";"OR-23304";"PN004";"Atorvastatin 20mg Tablet";"S003";"UKPharma Dist";"D002";"North West Depot";"PH002";"Royal Infirmary Pharmacy";"2023-09-20";14;"2023-04-10";250;250;48.22;172.24;12227.24;"Cancelled";"B2935";"2026-03-04";"Refrigerated";"SE1 9RT";"Handle with care"
"T101582";"OR-57781";"PN009";"Metformin 500mg Tablet";"S003";"UKPharma Dist";"D001";"Central Hub London";"PH009";"Midtown Pharmacy";"2025-01-07";4;"2025-01-11";0;0;4.06;92.0;92.0;"Cancelled";"B5721";"2026-07-09";"Cold Chain";"Unknown_post";"Call before delivery"
"T101584";"OR-76378";"PN001";"Amoxicillin 500mg Capsule";"S003";"UKPharma Dist";"D003";"Scotland Regional Hub";"PH007";"Southcare Pharmacy";"2023-06-28";14;"2023-12-07";10;10;8.19;95.11;177.01;"Returned";"B1586";"2024-01-20";"Refrigerated";"Unknown_post";"Please confirm"
"T101585";"OR-61514";"PN005";"Salbutamol Inhaler";"S002";"MediSupply Ltd ";"D004";"Wales Depot";"PH004";"Community Health Pharmacy";"2024-07-12";4;"2024-12-13";200;200;25.88;130.66;5306.66;"Returned";"B2841";"2026-11-03";"ambient";"M1 2AB";"Call before delivery"
"T101587";"OR-32246";"PN002";"Paracetamol 500mg Tablet";"S004";"HealQuick";"D002";"North West Depot";"PH010";"University Hospital Pharmacy";"2025-06-07";7;"2025-06-14";250;250;41.51;112.74;10490.24;"Delivered";"B9024";"2026-11-27";"Refrigerated";"Unknown_post";"Temperature Sensitive"
"T101589";"OR-14420";"PN002";"Paracetamol 500mg Tablet";"S001";"NHS Supply Chain";"D001";"Central Hub London";"PH007";"Southcare Pharmacy";"2023-11-17";2;"2023-11-21";100;100;25.05;77.67;2582.67;"Partial";"B5458";"2025-08-06";"Refrigerated";"Unknown_post";"Short Shipment"
"T101592";"OR-19568";"PN006";"Warfarin 2mg Tablet";"S001";"NHS SUPPLY CHAIN";"D003";"Scotland Regional Hub";"PH006";"Northside Pharmacy";"2024-11-07";2;"2024-11-09";20;20;26.29;193.88;719.68;"In Transit";"B2372";"2027-03-30";"Room Temp";"Unknown_post";"Call before delivery"
"T101594";"OR-27046";"PN007";"Omeprazole 20mg Capsule";"S003";"UKPharma Dist ";"D001";"Central Hub London";"PH004";"Community Health Pharmacy";"2023-09-07";14;"2023-09-23";150;150;65.31;3.85;9800.35;"Partial";"B1061";"2024-11-01";"Cold Chain";"Unknown_post";"Please confirm"
"T101595";"OR-22235";"PN005";"Salbutamol Inhaler";"S003";"UKPharma Dist";"D001";"Central Hub London";"PH003";"City Clinic Pharmacy";"2024-08-05";14;"2024-08-21";300;300;26.94;197.8;8279.8;"In Transit";"B1617";"2026-10-01";"ambient";"Unknown_post";"Handle with care"
"T101596";"OR-56157";"PN004";"Atorvastatin 20mg Tablet";"S003";"UKPharma Dist";"D003";"Scotland Regional Hub";"PH007";"Southcare Pharmacy";"2023-01-02";3;"2023-01-06";0;0;62.97;178.2;178.2;"Delivered";"B3655";"2025-04-14";"Room Temp";"M1 2AB";"Please confirm"
