transaction_id,order_ref,product_code,product_name,supplier_code,supplier_name,distributor_code,distributor_name,pharmacy_code,pharmacy_name,order_date,lead_time,delivery_date,quantity_ordered,quantity_delivered,unit_cost,transport_cost,total_cost,status,batch_no,expiry_date,storage_temp,postcode,notes
T100130,OR-61292,PN002,Paracetamol 500mg Tablet,S004,HealQuick,D003,Scotland Regional Hub,PH005,County General Pharmacy,2023-06-15,2,17/06/2023,10,10.0,37.16,65.52,437.12,Cancelled,B2194,2024-08-24,Cold Chain,,temperature sensitive
T100473,OR-41619,PN001,Amoxicillin 500mg Capsule,S004,HealQuick,D001,Central Hub London,PH006,Northside Pharmacy,09-Mar-2025,-1,03/08/2025,10,10.0,£19.67,57.56,TBD,Partial,,03/01/2027,Cold Chain,M1 2AB,
T100821,OR-41324,PN003,Insulin Glargine 100IU/ml,S003,UKPharma Dist,D002,North West Depot,PH008,Lakeside Pharmacy,20-Dec-2023,10,12/30/2023,250,250.0,51.16,156.32,12946.32,Partial,B6326,2025-08-16,2 to 8°C,Unknown,
T101205,OR-42192,PN004,Atorvastatin 20mg Tablet,S002,MediSupply Ltd,D005,East England Depot,PH002,Royal Infirmary Pharmacy,06/12/2024,5,19/06/2024,500,500.0,2.63,267.26,1582.26,Cancelled,B4942,29/06/2025,Refrigerated,,handle with care
T100617,OR-55240,PN007,Omeprazole 20mg Capsule,S002,MEDISUPPLY LTD,D002,North West Depot,PH002,Royal Infirmary Pharmacy,2024/03/09,14,25/03/2024,20,20.0,27.92,89.41,647.81,Delivered,,10/09/2025,2 to 8°C,M1 2AB,short shipment
T101149,OR-24295,PN005,Salbutamol Inhaler,S005,GlobalMeds,D002,North West Depot,PH006,Northside Pharmacy,09/06/2025,14,2025-06-25,0,0.0,68.24,75.35,75.35,Delivered,,2027-09-14,Cold Chain,,urgent
T101570,OR-98257,PN009,Metformin  500mg  Tablet,S002,MediSupply Ltd,D001,Central Hub London,PH003,City Clinic Pharmacy,2023.12.24,10,01/03/2024,300,300.0,19.98,175.71,6169.71,Cancelled,B8134,Aug 28 2024,Room Temp,LS1 1UR,call before delivery
T100801,OR-99080,PN005,Salbutamol Inhaler,S005,GlobalMeds ,D002,North West Depot,PH005,County General Pharmacy,2024/10/04,3,,500,220.0,51.4,135.26,25835.26,Delivered,B2446,Jul 12 2025,ambient,B1 1AA,urgent
T100909,OR-12822,PN007,Omeprazole 20mg Capsule,S004,HealQuick,D005,East England Depot,PH008,Lakeside Pharmacy,26/12/2023,2,28/12/2023,150,150.0,52.4,26.75,7886.75,Delivered,B7292,2026-05-21,Refrigerated,M1 2AB,handle with care
T100266,OR-68911,PN008,Flu  Vaccine,S003,UKPharma Dist,D001,Central Hub London,PH005,County General Pharmacy,07/23/2024,5,2024-07-28,10,10.0,55.22,225.38,777.58,Cancelled,B2730,Dec 23 2026,ambient,Unknown,temperature sensitive
T100701,OR-90620,PN001,amoxicillin 500mg capsule,S005,GlobalMeds,D001,Central Hub London,PH007,Southcare Pharmacy,10/23/2024,4,10/28/2024,200,200.0,£66.85,158.32,TBD,Partial,B3501,16/04/2026,Room Temp,LS1 1UR,temperature sensitive
T101396,OR-67408,PN010,Co-codamol 30/500 Tablet,S001,NHS Supply Chain,D001,Central Hub London,PH005,County General Pharmacy,2024.08.11,2,15/08/2024,500,500.0,40.46,151.46,20381.46,Delivered,B1526,21/09/2026,Refrigerated,,
T100783,OR-89214,PN010,Co-codamol 30/500 Tablet,S003,UKPharma Dist,D004,Wales Depot,PH009,Midtown Pharmacy,2024-03-24,10,04/03/2024,20,20.0,60.1,76.49,1278.49,Partial,B3445,26/03/2026,2-8C,LS1 1UR,call before delivery
T100029,OR-72341,PN003,Insulin Glargine 100IU/ml,S005,GlobalMeds,D001,Central Hub London,PH003,City Clinic Pharmacy,03/02/2025,7,03/10/2025,250,250.0,4.68,135.57,1305.57,Delivered,B2479,Jan 30 2027,Refrigerated,,short shipment
T100544,OR-30700,PN003,Insulin Glargine 100IU/ml,S004,HealQuick,D003,Scotland Regional Hub,PH006,Northside Pharmacy,14-Apr-2024,7,,100,100.0,17.01,202.7,1903.7,In Transit,B6278,2025-03-02,2-8C,B1 1AA,call before delivery
T100517,OR-22931,PN008,Flu Vaccine,S003,UKPharma Dist,D003,Scotland Regional Hub,PH002,Royal Infirmary Pharmacy,06/09/2024,10,06/19/2024,500,500.0,60.55,47.75,30322.75,Partial,,Sep 25 2026,Cold Chain,M1 2AB,temperature sensitive
T100624,OR-29285,PN007,Omeprazole 20mg Capsule,S002,MediSupply Ltd,D005,East England Depot,PH008,Lakeside Pharmacy,2023/06/13,14,06/27/2023,200,200.0,29.73,70.34,6016.34,Returned,,N/A,2-8C,B1 1AA,call before delivery
T100256,OR-20855,PN003,Insulin Glargine 100IU/ml,S003,UKPHARMA DIST,D003,Scotland Regional Hub,PH006,Northside Pharmacy,07-Apr-2023,7,04/14/2023,0,0.0,£43.13,215.41,215.41,Partial,B8756,2025-07-28,2-8C,Unknown,call before delivery
T101194,OR-20258,PN008,Flu Vaccine,S002,MediSupply Ltd,D004,Wales Depot,PH006,Northside Pharmacy,2024/05/29,7,06/06/2024,50,50.0,£51.71,284.05,2869.55,Returned,B9448,2025-02-14,Room Temp,SE1 9RT,urgent
T100284,OR-87474,PN002,Paracetamol 500mg Tablet,S003,UKPharma Dist,D003,Scotland Regional Hub,PH002,Royal Infirmary Pharmacy,10/03/2024,3,2024-10-08,10,10.0,65.27,288.97,941.67,Cancelled,B5519,16/01/2027,18C,M1 2AB,temperature sensitive
T100298,OR-54383,PN007,Omeprazole 20mg Capsule,S004,HealQuick,D005,East England Depot,PH003,City Clinic Pharmacy,10/18/2024,14,11/03/2024,250,250.0,65.76,,16440.0,Delivered,B2473,2026-04-16,Room Temp,SE1 9RT,short shipment
T100239,OR-46671,PN009,M3tformin 500mg Tablet,S002,MediSupply Ltd,D002,North West Depot,PH008,Lakeside Pharmacy,04-Jul-2023,4,09/07/2023,10,10.0,53.04,257.63,788.03,Cancelled,B5795,06/09/2024,ambient,Unknown,temperature sensitive
T100235,OR-32815,PN002,Paracetamol 500mg Tablet,S004,HealQuick,D005,East England Depot,PH009,Midtown Pharmacy,23/09/2023,7,2023-10-02,20,20.0,24.61,275.18,767.38,In Transit,B7292,2025-05-25,Refrigerated,SE1 9RT,handle with care
T101484,OR-36888,PN006,Warfarin 2mg Tablet,S004,HealQuick,D003,Scotland Regional Hub,PH007,Southcare Pharmacy,2023/05/24,2,28/05/2023,20,20.0,63.17,235.45,1498.85,Cancelled,B8370,2025-05-14,2 to 8°C,Unknown,handle with care
T101384,OR-62332,PN010,Co-codamol 30/500 Tablet,S004,HealQuick,D003,Scotland Regional Hub,PH007,Southcare Pharmacy,2025-01-03,10,15/01/2025,20,20.0,8.99,123.67,303.47,Returned,B3129,Nov 06 2025,ambient,,handle with care
T100376,OR-30787,PN010,co-codamol 30/500 tablet,S004,HealQuick,D004,Wales Depot,PH006,Northside Pharmacy,16-Jul-2024,5,21/07/2024,20,20.0,27.46,148.46,697.66,Delivered,B2398,N/A,Room Temp,M1 2AB,
T101139,OR-79229,PN003,Insulin Glargine 100IU/ml,S003,UKPharma Dist,D004,Wales Depot,PH005,County General Pharmacy,09/02/2025,n/a,unknown,150,150.0,21.84,127.18,3403.18,Cancelled,8020,Feb 27 2027,Refrigerated,SE1 9RT,handle with care
T101174,OR-21032,PN004,Atorvastatin 20mg Tablet,S002,MediSupply Ltd,D004,Wales Depot,PH006,Northside Pharmacy,17-Apr-2023,4,2023-04-23,20,20.0,73.03,169.81,1630.41,Partial,B3837,2025-03-23,2-8C,Unknown,urgent
T100069,OR-33260,PN008,Flu Vaccine,S002,MediSupply Ltd,D003,Scotland Regional Hub,PH009,Midtown Pharmacy,2025-04-15,3,2025-04-20,500,500.0,52.91,42.63,26497.63,Partial,B3876,Jan 12 2026,,ls1 1ur,urgent
T101548,OR-28695,PN006,Warfarin 2mg Tablet,S003,UKPharma Dist,D005,East England Depot,PH009,Midtown Pharmacy,2023-12-10,5,15 December 2023,300,300.0,£57.88,213.41,TBD,Returned,B5995,25/11/2024,Room Temp,M1 2AB,call before delivery
T100521,OR-16737,PN004,Atorvastatin 20mg Tablet,S004,HealQuick,D005,East England Depot,PH004,Community Health Pharmacy,15-Jul-2023,-2,07/13/2023,50,50.0,57.69,107.24,2991.74,Returned,B4647,23/10/2024,ambient,Unknown,handle with care
T100304,OR-28543,PN007,Omeprazole 20mg Capsule,S002,MediSupply Ltd,D001,Central Hub London,PH003,City Clinic Pharmacy,18-Mar-2025,14,04/01/2025,20,20.0,11.67,117.67,351.07,Returned,B4112,2027-02-07,Cold Chain,SE1 9RT,handle with care
T101036,OR-10136,PN006,Warfarin 2mg Tablet,S001,NHS Supply Chain,D003,Scotland Regional Hub,PH004,Community Health Pharmacy,2025-01-25,5,01/30/2025,300,300.0,43.95,166.56,13351.56,Partial,B7016,21/06/2026,Room Temp,,urgent
T100541,OR-21141,PN003,insulin glargine 100iu/ml,S003,UKPharma Dist,D003,Scotland Regional Hub,PH008,Lakeside Pharmacy,2024-07-23,n/a,TBD,0,0.0,68.3,90.38,90.38,In Transit,B9364,26/04/2025,ambient,LS1 1UR,call before delivery
T100030,OR-59372,PN001,Amoxicillin 500mg Capsule,S001,NHS Supply Chain,D002,North West Depot,PH008,Lakeside Pharmacy,2024/03/25,3,30/03/2024,0,0.0,51.04,196.97,196.97,Cancelled,,01/08/2026,ambient,,call before delivery
T100120,OR-84839,PN002,Paracetamol 500mg Tablet,S001,NHS Supply Chain,D004,Wales Depot,PH010,University Hospital Pharmacy,2024-09-22,3,2024-09-27,250,250.0,34.95,16.81,8754.31,Cancelled,B1306,20/02/2027,2-8C,M1 2AB,temperature sensitive
T101525,OR-47372,PN002,Paracetamol 500mg Tablet,S002,MediSupply Ltd,D005,East England Depot,PH005,County General Pharmacy,09/18/2024,7,09/25/2024,50,50.0,59.7,101.63,3086.63,Returned,B7210,Mar 22 2025,Refrigerated,,"urgent
please confirm"
T101240,OR-88091,PN003,Insulin Glargine 100IU/ml,S004,HealQuick,D005,East England Depot,PH004,Community Health Pharmacy,2024-04-21,10,02 May 2024,100,100.0,68.28,209.36,7037.36,Cancelled,B4720,Nov 28 2025,18C,Unknown,handle with care
T101550,OR-44984,PN009,Metformin 500mg Tablet,S002,MediSupply Ltd,D001,Central Hub London,PH001,St Thomas Hospital Pharmacy,12-Oct-2024,5,2024-10-18,200,200.0,48.39,72.67,9750.67,Partial,B7604,Sep 05 2025,ambient,,short shipment
T101595,OR-22235,PN005,salbutamol inhaler,S003,UKPharma Dist,D001,Central Hub London,PH003,City Clinic Pharmacy,05/08/2024,14,21/08/2024,300,300.0,26.94,197.8,8279.8,In Transit,B1617,Oct 01 2026,ambient,,handle with care
T101590,OR-96302,PN009,Metformin 500mg Tablet,S004,HealQuick,D002,North West Depot,PH006,Northside Pharmacy,2024/11/24,10,05 December 2024,10,10.0,70.6,,706.0,Cancelled,B9910,Apr 12 2027,2 to 8°C,LS1 1UR,call before delivery
T100700,OR-57553,PN008,Flu Vaccine,S005,GlobalMeds,D001,Central Hub London,PH006,Northside Pharmacy,31/07/2023,5,07/08/2023,100,100.0,£60.31,180.97,6211.97,Returned,B4460,N/A,Room Temp,Unknown,call before delivery
T101145,OR-68618,PN010,Co-codamol 30/500 Tablet,S001,NHS Supply Chain,D001,Central Hub London,PH008,Lakeside Pharmacy,2023-12-17,5,22/12/2023,150,150.0,64.94,106.78,9847.78,In Transit,B5975,14/12/2025,ambient,B1 1AA,short shipment
T100887,OR-95745,PN010,Co-codamol 30/500 Tablet,S005,GlobalMeds,D002,North West Depot,PH007,Southcare Pharmacy,15-May-2024,5,22/05/2024,3812,3812.0,31.99,,121945.88,Delivered,B4381,2026-03-21,ambient,SE1 9RT,short shipment
T101545,OR-46506,PN004,Atorvastatin 20mg Tablet,S004,HealQuick,D003,Scotland Regional Hub,PH005,County General Pharmacy,2023-10-31,5,06/11/2023,250,250.0,23.22,121.75,5926.75,In Transit,1110,30/10/2025,18C,B1 1AA,
T100393,OR-29785,PN006,Warfarin 2mg Tablet,S004,HealQuick,D003,Scotland Regional Hub,PH009,Midtown Pharmacy,01/22/2025,7,01/29/2025,100,100.0,36.21,41.26,3636.76,Returned,B7247,2026-01-16,2 to 8°C,B1 1AA,urgent
T100772,OR-83724,PN008,Flu Vaccine,S005,GlobalMeds,D004,Wales Depot,PH004,Community Health Pharmacy,05-Jan-2024,14,01/19/2024,250,250.0,20.21,128.14,5155.14,Partial,B9372,06/08/2025,Room Temp,,urgent
T100477,OR-55095,PN007,omeprazole 20mg capsule,S003,UKPharma Dist,D001,Central Hub London,PH003,City Clinic Pharmacy,2023.02.15,10,2023-02-25,10,10.0,£18.25,77.71,TBD,In Transit,B3570,2024-02-27,2-8C,B1 1AA,handle with care
T100023,OR-34878,PN009,Metformin 500mg Tablet,S004,HealQuick,D004,Wales Depot,PH002,Royal Infirmary Pharmacy,2023-05-24,4,2023-05-28,150,150.0,55.8,29.71,8399.71,Cancelled,,03/12/2024,Room Temp,SE1 9RT,call before delivery
T100269,OR-67653,PN008,Flu Vaccine,S003,UKPharma Dist,D001,Central Hub London,PH003,City Clinic Pharmacy,01/11/2024,3,14/01/2024,10,10.0,26.01,135.11,395.21,Delivered,B3425,04/08/2024,Refrigerated,M1 2AB,short shipment
T100032,OR-22987,PN004,Atorvastatin 20mg Tablet,S002,MediSupply Ltd,D004,Wales Depot,PH008,Lakeside Pharmacy,26-Feb-2025,7,2025-03-05,0,0.0,63.52,228.94,228.94,In Transit,B2502,09/04/2026,2-8C,LS1 1UR,
T101227,OR-51361,PN003,Insulin Glargine 100IU/ml,S002,MediSupply Ltd ,D005,East England Depot,PH002,Royal Infirmary Pharmacy,04/20/2024,10,04/30/2024,500,500.0,66.26,134.95,33264.95,In Transit,B8672,2026-10-03,2-8C,,handle with care
T100550,OR-97573,PN007,Omeprazole 20mg Capsule,S005,GlobalMeds,D003,Scotland Regional Hub,PH007,Southcare Pharmacy,30-Jun-2024,3,05/07/2024,250,250.0,46.23,205.44,11762.94,In Transit,B5934,2026-10-30,Room Temp,B1 1AA,short shipment
T100829,OR-82057,PN010,Co-codamol 30/500 Tablet,S002,MediSupply Ltd,D002,North West Depot,PH008,Lakeside Pharmacy,17-Aug-2023,7,2023-08-25,10,10.0,24.79,253.95,501.85,Delivered,B7407,2024-09-06,Cold Chain,unknown,handle with care
T101028,OR-86568,PN006,Warfarin 2mg Tablet,S002,MediSupply Ltd,D004,Wales Depot,PH005,County General Pharmacy,08/23/2024,7,2024-09-01,50,50.0,£6.41,,TBD,Cancelled,B1151,2026-11-01,2-8C,Unknown,"call before delivery
please confirm"
T100614,OR-73135,PN009,Metformin 500mg Tablet,S001,NHS Supply Chain,D002,North West Depot,PH009,Midtown Pharmacy,19-Jan-2023,3,2023-01-22,200,200.0,64.72,201.23,13145.23,Cancelled,B4994,2024-06-13,2-8C,LS1 1UR,—
T100064,OR-51934,PN005,Salbutamol Inhaler,S003,UKPharma Dist,D001,Central Hub London,PH006,Northside Pharmacy,04/06/2025,2,04/08/2025,250,250.0,67.12,,16780.0,Delivered,B8729,2026-03-05,Refrigerated,,handle with care
T101425,OR-61548,PN001,Amoxicillin  500mg  Capsule,S002,MediSupply Ltd,D001,Central Hub London,PH002,Royal Infirmary Pharmacy,12/23/2023,2,26/12/2023,500,500.0,68.23,286.5,34401.5,Returned,B3435,18/10/2025,18C,LS1 1UR,temperature sensitive
T100964,OR-86872,PN001,Amoxicillin 500mg Capsule,S002,MediSupply Ltd ,D003,Scotland Regional Hub,PH001,St Thomas Hospital Pharmacy,2024/12/13,2,15/12/2024,50,50.0,10.34,252.92,769.92,Delivered,B1581,Jun 17 2026,ambient,N/A,temperature sensitive
T101049,OR-77582,PN006,Warfarin 2mg Tablet,S002,MediSupply Ltd,D002,North West Depot,PH002,Royal Infirmary Pharmacy,2023-02-03,4,02/07/2023,150,150.0,17.82,108.11,2781.11,Cancelled,B4057,2024-04-30,ambient,LS1 1UR,temperature sensitive
T100405,OR-42018,PN010,Co-codamol 30/500 Tablet,S003,UKPharma Dist,D004,Wales Depot,PH008,Lakeside Pharmacy,04/14/2024,14,28/04/2024,10,10.0,29.64,76.43,372.83,Returned,B3448,2025-05-25,,SE1 9RT,temperature sensitive
T100168,OR-75881,PN001,Amoxicillin 500mg Capsule,S003,UKPharma Dist,D005,East England Depot,PH003,City Clinic Pharmacy,19/02/2025,5,24/02/2025,500,500.0,40.8,220.77,20620.77,Delivered,B6060,2025-12-22,Room Temp,Unknown,short shipment
T100402,OR-11386,PN009,Metformin 500mg Tablet,S001,NHS Supply Chain,D001,Central Hub London,PH010,University Hospital Pharmacy,15/04/2023,2,,150,150.0,51.66,121.84,7870.84,Cancelled,B5391,2024-01-05,2-8C,B1 1AA,short shipment
T101206,OR-75287,PN005,Salbutamol Inhaler,S005,GlobalMeds,D003,Scotland Regional Hub,PH009,Midtown Pharmacy,13/07/2024,7,2024-07-22,250,250.0,51.58,287.19,13182.19,Partial,B2409,2026-05-26,,m1 2ab,temperature sensitive
T100538,OR-69168,PN001,Amoxicillin 500mg Capsule,S002,MediSupply Ltd,D004,Wales Depot,PH003,City Clinic Pharmacy,2024-02-02,4,02/07/2024,3592,3592.0,60.75,162.84,218376.84,Returned,B6880,Apr 11 2026,Refrigerated,se1 9rt,call before delivery
T100731,OR-57492,PN001,Amoxicillin 500mg Capsule,S001,NHS Supply Chain,D001,Central Hub London,PH006,Northside Pharmacy,2023/11/01,5,08/11/2023,50,50.0,53.89,157.88,2852.38,Returned,B3381,2024-11-07,Cold Chain,B1 1AA,
T100960,OR-77426,PN007,Omeprazole 20mg Capsule,S002,MediSupply Ltd,D002,North West Depot,PH010,University Hospital Pharmacy,2024.06.12,10,2024-06-24,50,,28.56,226.68,1654.68,Delivered,B7280,22/02/2025,Room Temp,Unknown,
T101165,OR-11869,PN009,Metformin 500mg Tablet,S005,GlobalMeds,D003,Scotland Regional Hub,PH009,Midtown Pharmacy,03/11/2023,3,2023-11-07,20,20.0,32.11,226.98,869.18,Delivered,B1782,24/01/2026,2-8C,M1 2AB,handle with care
T100059,OR-62802,PN010,Co-codamol 30/500 Tablet,S004,HealQuick,D002,North West Depot,PH004,Community Health Pharmacy,2025-04-04,7,12/04/2025,100,100.0,10.6,17.79,1077.79,In Transit,B6277,2027-08-24,Refrigerated,,call before delivery
T101239,OR-34759,PN001,Amoxicillin 500mg Capsule,S002,MediSupply Ltd,D003,Scotland Regional Hub,PH002,Royal Infirmary Pharmacy,04/08/2025,14,2025-04-24,20,20.0,£51.43,2.14,1030.74,Partial,B5810,Nov 28 2026,2 to 8°C,unknown,
T100068,OR-46822,PN008,Flu Vaccine,S004,HealQuick,D004,Wales Depot,PH003,City Clinic Pharmacy,29/12/2023,4,01/02/2024,100,52.0,31.73,74.74,3247.74,Delivered,B6883,Nov 04 2025,Refrigerated,M1 2AB,urgent
T100858,OR-22324,PN010,Co-codamol 30/500 Tablet,S003,UKPharma Dist,D003,Scotland Regional Hub,PH008,Lakeside Pharmacy,2025-01-02,5,07/01/2025,500,500.0,50.82,119.38,25529.38,In Transit,B6291,2025-11-11,2-8C,B1 1AA,short shipment
T100762,OR-17056,PN008,Flu Vaccine,S002,MediSupply Ltd,D002,North West Depot,PH004,Community Health Pharmacy,2024/10/10,7,17/10/2024,150,150.0,33.37,73.25,5078.75,In Transit,,2026-02-15,Room Temp,SE1 9RT,short shipment
T100157,OR-23902,PN008,Flu Vaccine,S001,NHS Supply Chain,D004,Wales Depot,PH007,Southcare Pharmacy,04/29/2023,4,05/05/2023,10,10.0,56.37,198.94,762.64,Delivered,B3958,12/01/2024,18C,m1 2ab,call before delivery
T100913,OR-54148,PN004,Atorvastatin 20mg Tablet,S004,HealQuick,D003,Scotland Regional Hub,PH008,Lakeside Pharmacy,05/03/2024,2,07/05/2024,0,0.0,6.87,,0.0,Returned,B9818,26/09/2025,18C,M1 2AB,call before delivery
T101289,OR-81368,PN007,Omeprazole 20mg Capsule,S003,UKPharma Dist,D005,East England Depot,PH008,Lakeside Pharmacy,23-Feb-2025,7,03/04/2025,50,50.0,69.68,189.71,3673.71,Cancelled,B4101,Feb 20 2027,,B1 1AA,short shipment
T100414,OR-51724,PN004,Atorvastatin 20mg Tablet,S003,UKPharma Dist,D003,Scotland Regional Hub,PH001,St Thomas Hospital Pharmacy,14-Nov-2024,7,2024-11-21,150,150.0,31.24,31.27,4717.27,Delivered,B2998,2026-11-07,Room Temp,SE1 9RT,
T101297,OR-54422,PN001,Amoxicillin 500mg Capsule,S003,UKPharma Dist,D005,East England Depot,PH009,Midtown Pharmacy,26/07/2023,5,2023-08-02,100,100.0,56.55,252.19,5907.19,Partial,B7893,2024-09-16,2-8C,SE1 9RT,call before delivery
T100727,OR-49006,PN005,Salbutamol Inhaler,S003,UKPharma Dist,D005,East England Depot,PH010,University Hospital Pharmacy,2023.08.04,14,2023-08-18,0,0.0,35.55,274.29,274.29,In Transit,B4918,2025-03-14,Refrigerated,B1 1AA,short shipment
T100585,OR-98710,PN010,Co-codamol 30/500 Tablet,S003,UKPharma Dist,D003,Scotland Regional Hub,PH006,Northside Pharmacy,2023/04/06,14,20 April 2023,200,180.0,13.57,144.09,2858.09,Partial,B3750,29/05/2024,2-8C,SE1 9RT,short shipment
T100345,OR-27723,PN004,Atorvastatin 20mg Tablet,S002,MediSupply Ltd,D005,East England Depot,PH009,Midtown Pharmacy,2024/08/28,5,02/09/2024,250,250.0,£58.0,121.74,14621.74,Delivered,B2889,2025-07-03,18C,SE1 9RT,call before delivery
T100442,OR-42293,PN005,salbutamol inhaler,S004,HealQuick,D003,Scotland Regional Hub,PH006,Northside Pharmacy,2024/01/17,5,,10,10.0,12.88,16.91,145.71,In Transit,B2113,Nov 10 2025,Room Temp,LS1 1UR,handle with care
T100098,OR-60157,PN007,Omeprazole 20mg Capsule,S005,GlobalMeds ,D001,Central Hub London,PH009,Midtown Pharmacy,2023/10/19,4,2023-10-23,200,200.0,5.89,240.88,1418.88,Returned,B8254,2025-11-13,2 to 8°C,LS1 1UR,
T100265,OR-51331,PN007,Omeprazole 20mg Capsule,S003,UKPharma Dist,D003,Scotland Regional Hub,PH004,Community Health Pharmacy,2023/03/07,10,19/03/2023,2395,2395.0,11.81,159.67,28444.62,Partial,,Apr 10 2025,Cold Chain,M1 2AB,short shipment
T101357,OR-35173,PN003,Insulin Glargine 100IU/ml,S002,MediSupply Ltd,D005,East England Depot,PH004,Community Health Pharmacy,2023-11-03,2,11/06/2023,100,100.0,£43.68,126.9,4494.9,In Transit,B3036,25/06/2024,Cold Chain,B1 1AA,handle with care
T100697,OR-62391,PN008,Flu Vaccine,S003,UKPharma Dist ,D001,Central Hub London,PH004,Community Health Pharmacy,11-Nov-2023,14,2023-11-25,20,20.0,13.3,,266.0,Delivered,B8560,2025-01-28,18C,M1 2AB,urgent
T100246,OR-89451,PN003,Insulin Glargine 100IU/ml,S005,GlobalMeds,D005,East England Depot,PH010,University Hospital Pharmacy,01/14/2024,5,2024-01-20,250,250.0,63.38,95.57,15940.57,In Transit,B5558,03/04/2026,ambient,M1 2AB,urgent
T101249,OR-16605,PN002,Paracetamol 500mg Tablet,S003,UKPharma Dist,D002,North West Depot,PH002,Royal Infirmary Pharmacy,08-Mar-2025,4,2025-03-12,100,100.0,74.32,49.59,7481.59,Partial,B4577,13/02/2027,18C,B1 1AA,handle with care
T101567,OR-32525,PN008,Flu Vaccine,S002,MediSupply Ltd,D005,East England Depot,PH008,Lakeside Pharmacy,2024-12-25,3,2024-12-28,300,300.0,45.58,234.77,13908.77,Returned,B5004,Apr 27 2026,2-8C,LS1 1UR,urgent
T100430,OR-80723,PN010,Co-codamol  30/500  Tablet,S001,NHS Supply Chain,D004,Wales Depot,PH005,County General Pharmacy,2024-12-11,3,2024-12-15,10,10.0,29.39,136.32,430.22,Cancelled,B2851,Jun 29 2026,2 to 8°C,,—
T100750,OR-31653,PN002,Paracetamol 500mg Tablet,S002,MediSupply Ltd,D002,North West Depot,PH002,Royal Infirmary Pharmacy,2023/09/09,3,09/12/2023,250,250.0,£51.87,179.47,13146.97,Partial,B9260,13/09/2024,Refrigerated,Unknown,
T100639,OR-35388,PN008,Flu Vaccine,S002,MediSupply Ltd,D002,North West Depot,PH005,County General Pharmacy,09-Feb-2023,5,2023-02-14,300,300.0,63.89,,19167.0,Partial,B9884,2024-02-08,Cold Chain,M1 2AB,short shipment
T101250,OR-23730,PN001,amoxicillin 500mg capsule,S005,GlobalMeds,D004,Wales Depot,PH008,Lakeside Pharmacy,09/07/2023,5,13/09/2023,10,10.0,17.36,63.56,237.16,Delivered,B9751,01/11/2025,2 to 8°C,M1 2AB,call before delivery
T101238,OR-90954,PN007,Omeprazole 20mg Capsule,S004,HealQuick,D002,North West Depot,PH005,County General Pharmacy,2023/08/24,4,29/08/2023,250,250.0,56.34,97.3,14156.8,In Transit,B9539,2025-07-18,Room Temp,SE1 9RT,urgent
T100915,OR-97803,PN005,Salbutamol Inhaler,S003,UKPharma Dist,D001,Central Hub London,PH008,Lakeside Pharmacy,09/09/2024,5,16/09/2024,250,91.0,14.88,6.51,3726.51,In Transit,B3882,2025-06-17,ambient,LS1 1UR,short shipment
T100932,OR-32246,PN004,Atorvastatin 20mg Tabl3t,S002,MediSupply Ltd,D002,North West Depot,PH008,Lakeside Pharmacy,2023.01.17,14,02/02/2023,250,99.0,23.93,285.71,6268.21,Cancelled,B8954,Sep 13 2023,Room Temp,N/A,short shipment
T101530,OR-77212,PN007,Omeprazole 20mg Capsule,S004,HealQuick,D001,Central Hub London,PH003,City Clinic Pharmacy,13/07/2023,2,15 July 2023,500,500.0,50.85,6.45,25431.45,In Transit,B9337,24/10/2024,2 to 8°C,LS1 1UR,
T100966,OR-62591,PN006,Warfarin 2mg Tablet,S003,UKPharma Dist,D002,North West Depot,PH001,St Thomas Hospital Pharmacy,2023/04/11,n/a,,-25,-25.0,£69.88,223.24,TBD,Partial,B1529,Sep 23 2024,Refrigerated,LS1 1UR,call before delivery
T100242,OR-68171,PN001,Amoxicillin 500mg Capsule,S004,HealQuick,D004,Wales Depot,PH001,St Thomas Hospital Pharmacy,2024-08-16,7,25/08/2024,250,250.0,4.19,205.33,1252.83,Delivered,B4734,2025-11-04,18C,M1 2AB,urgent
T100930,OR-19111,PN001,Amoxicillin 500mg Capsule,S003,UKPharma Dist,D002,North West Depot,PH004,Community Health Pharmacy,01/04/2025,10,04/13/2025,50,50.0,11.74,180.82,777.82,In Transit,B1743,2026-02-27,Room Temp,Unknown,urgent
T100413,OR-41395,PN007,Omeprazole 20mg Capsule,S003,UKPharma Dist,D003,Scotland Regional Hub,PH004,Community Health Pharmacy,05/01/2024,7,01/14/2024,300,300.0,9.92,6.64,2992.64,Returned,B6019,17/06/2025,Refrigerated,M1 2AB,temperature sensitive
T101367,OR-12375,PN009,metformin 500mg tablet,S005,GlobalMeds,D003,Scotland Regional Hub,PH008,Lakeside Pharmacy,2023/09/25,2,29/09/2023,500,500.0,40.35,53.37,20228.37,Cancelled,B9452,2025-12-09,2-8C,M1 2AB,call before delivery
T100767,OR-50714,PN001,Amoxicillin 500mg Capsule,S005,GlobalMeds,D005,East England Depot,PH009,Midtown Pharmacy,2024/07/04,3,2024-07-07,0,0.0,£69.45,226.83,226.83,Delivered,B3847,18/04/2025,18C,,
T100049,OR-56160,PN008,Flu Vaccine,S004,HealQuick,D003,Scotland Regional Hub,PH007,Southcare Pharmacy,2024/04/22,4,04/28/2024,150,150.0,16.98,280.43,2827.43,In Transit,B4768,Jun 27 2025,18C,LS1 1UR,temperature sensitive
T101111,OR-72402,PN004,Atorvastatin 20mg Tablet,S001,NHS Supply Chain,D003,Scotland Regional Hub,PH002,Royal Infirmary Pharmacy,09/28/2024,7,2024-10-05,3327,3327.0,53.33,267.74,177696.65,Delivered,B4106,06/12/2025,2-8C,SE1 9RT,temperature sensitive
T100528,OR-96054,PN008,Flu Vaccine,S001,NHS Supply Chain,D005,East England Depot,PH001,St Thomas Hospital Pharmacy,2023-03-03,7,2023-03-11,10,10.0,8.24,164.55,246.95,Returned,B9593,03/07/2024,2 to 8°C,,urgent
T100408,OR-92221,PN010,Co-codamol 30/500 Tablet,S002,MediSupply Ltd,D003,Scotland Regional Hub,PH001,St Thomas Hospital Pharmacy,2024-11-04,3,07 November 2024,50,50.0,17.53,75.59,952.09,Cancelled,B3157,2026-10-22,Cold Chain,M1 2AB,"call before delivery
please confirm"
T100369,OR-74164,PN009,Metformin 500mg Tablet,S004,HealQuick,D002,North West Depot,PH007,Southcare Pharmacy,04/04/2024,4,04/08/2024,20,8.0,61.11,31.76,1253.96,In Transit,B3346,N/A,ambient,N/A,
T100908,OR-12948,PN003,Insulin  Glargine  100IU/ml,S003,UKPharma Dist,D003,Scotland Regional Hub,PH006,Northside Pharmacy,03/05/2024,-1,06/03/2024,500,415.0,£64.88,261.94,32701.94,Delivered,8843,13/11/2024,Cold Chain,Unknown,
T100346,OR-93498,PN003,Insulin Glargine 100IU/ml,S001,NHS Supply Chain,D001,Central Hub London,PH004,Community Health Pharmacy,2024/07/05,7,2024-07-13,250,250.0,47.9,21.43,11996.43,Cancelled,B5527,N/A,,SE1 9RT,call before delivery
T101195,OR-43756,PN009,Metformin 500mg Tablet,S004,HealQuick,D002,North West Depot,PH008,Lakeside Pharmacy,2023-01-09,14,2023-01-24,50,50.0,21.88,86.08,1180.08,Cancelled,B6072,2025-04-19,2 to 8°C,B1 1AA,short shipment
T101366,OR-39643,PN003,Insulin Glargine 100IU/ml,S003,UKPharma Dist,D005,East England Depot,PH007,Southcare Pharmacy,24-Dec-2024,4,2024-12-28,100,100.0,55.31,181.62,5722.62,Returned,B2753,N/A,18C,Unknown,handle with care
T101231,OR-98236,PN003,Insulin Glargine 100IU/ml,S004,HealQuick,D005,East England Depot,PH005,County General Pharmacy,09/07/2024,4,07/13/2024,150,150.0,48.89,298.42,7631.92,Returned,B9413,2025-01-08,2 to 8°C,,handle with care
T100690,OR-86739,PN004,Atorvastatin 20mg Tablet,S003,UKPharma Dist,D005,East England Depot,PH006,Northside Pharmacy,11/21/2024,-1,20/11/2024,20,20.0,28.54,206.1,776.9,Partial,B4402,14/11/2026,18C,SE1 9RT,call before delivery
T101353,OR-52972,PN007,Omeprazole 20mg Capsule,S005,GlobalMeds ,D001,Central Hub London,PH003,City Clinic Pharmacy,2024-01-25,4,30/01/2024,100,100.0,30.42,115.99,3157.99,Returned,B7190,22/02/2026,ambient,SE1 9RT,
T100603,OR-91612,PN009,Metformin 500mg Tablet,S002,MediSupply Ltd,D001,Central Hub London,PH009,Midtown Pharmacy,12/08/2023,3,08/16/2023,200,173.0,21.25,292.07,4542.07,Returned,B3401,2025-02-07,Cold Chain,M1 2AB,short shipment
T100668,OR-20910,PN002,Paracetamol 500mg Tablet,S002,MediSupply Ltd,D003,Scotland Regional Hub,PH005,County General Pharmacy,03/27/2023,2,03/30/2023,10,10.0,36.7,11.82,378.82,Delivered,B5673,May 11 2024,Refrigerated,LS1 1UR,urgent
T101527,OR-81865,PN009,Metformin 500mg Tablet,S002,MediSupply Ltd,D003,Scotland Regional Hub,PH009,Midtown Pharmacy,2024/12/02,3,05/12/2024,-3,-3.0,£73.27,240.98,21.17,Partial,B6658,2026-01-24,2 to 8°C,Unknown,
T100523,OR-60371,PN008,Flu Vaccine,S005,GlobalMeds,D002,North West Depot,PH010,University Hospital Pharmacy,21/12/2024,3,2024-12-24,10,10.0,12.69,90.03,216.93,Cancelled,,09/06/2026,Refrigerated,N/A,temperature sensitive
T100326,OR-62329,PN009,Metformin 500mg Tablet,S005,GlobalMeds,D004,Wales Depot,PH009,Midtown Pharmacy,2023/12/29,14,14/01/2024,0,0.0,45.53,112.09,112.09,Delivered,B3411,Feb 20 2026,Room Temp,M1 2AB,urgent
T100987,OR-79143,PN009,Metformin 500mg Tablet,S005,GlobalMeds,D001,Central Hub London,PH001,St Thomas Hospital Pharmacy,27-Jul-2024,5,2024-08-03,500,500.0,29.83,279.1,15194.1,Cancelled,B7462,27/04/2025,2 to 8°C,Unknown,call before delivery
T100637,OR-14781,PN003,Insulin  Glargine  100IU/ml,S003,UKPharma Dist,D002,North West Depot,PH004,Community Health Pharmacy,02/28/2025,n/a,,10,10.0,12.49,164.25,263.65,In Transit,B1943,14/09/2026,ambient,,short shipment
T101255,OR-65980,PN006,Warfarin 2mg Tablet,S002,MediSupply Ltd,D003,Scotland Regional Hub,PH004,Community Health Pharmacy,2023-10-22,5,27/10/2023,500,500.0,38.42,56.61,19266.61,Cancelled,B8214,Jun 20 2024,Room Temp,,call before delivery
T100921,OR-64675,PN007,Omeprazole 20mg Capsule,S001,NHS Supply Chain,D003,Scotland Regional Hub,PH009,Midtown Pharmacy,2025-01-09,14,2025-01-23,150,150.0,53.23,290.1,8274.6,Partial,,Dec 09 2025,2 to 8°C,,temperature sensitive
T100072,OR-34455,PN007,Omeprazole 20mg Capsule,S002,MediSupply Ltd ,D002,North West Depot,PH007,Southcare Pharmacy,2024/12/14,10,2024-12-25,300,300.0,22.44,,6732.0,Cancelled,B8758,23/04/2026,Cold Chain,M1 2AB,urgent
T100108,OR-60506,PN002,Paracetamol 500mg Tablet,S002,MediSupply Ltd,D001,Central Hub London,PH008,Lakeside Pharmacy,2023.07.16,10,27 July 2023,10,10.0,62.49,108.28,733.18,Cancelled,B1955,Oct 10 2024,2-8C,SE1 9RT,
T100619,OR-67512,PN004,Atorvastatin 20mg Tablet,S005,GlobalMeds,D004,Wales Depot,PH008,Lakeside Pharmacy,06/05/2025,2,06/08/2025,500,500.0,63.29,70.9,31715.9,Returned,B8392,27/04/2027,2 to 8°C,SE1 9RT,short shipment
T101446,OR-31282,PN006,Warfarin 2mg Tablet,S001,NHS Supply Chain,D004,Wales Depot,PH001,St Thomas Hospital Pharmacy,07/08/2024,2,2024-07-10,250,250.0,14.96,270.4,4010.4,Cancelled,B2520,Feb 11 2026,ambient,,short shipment
T100215,OR-17478,PN008,flu vaccine,S003,UKPharma Dist,D001,Central Hub London,PH008,Lakeside Pharmacy,04/07/2023,4,2023-04-12,250,250.0,48.95,,12237.5,Partial,B3113,11/03/2025,ambient,LS1 1UR,call before delivery
T100409,OR-99887,PN003,Insulin  Glargine  100IU/ml,S002,MediSupply Ltd,D004,Wales Depot,PH008,Lakeside Pharmacy,03/01/2024,2,2024-01-05,200,200.0,51.32,237.91,10501.91,Partial,B7518,2024-10-07,Room Temp,,short shipment
T101454,OR-64435,PN003,Insulin Glargine 100IU/ml,S005,GlobalMeds,D004,Wales Depot,PH003,City Clinic Pharmacy,18/08/2024,7,2024-08-27,150,150.0,3.54,32.1,563.1,Delivered,B9600,2026-09-11,18C,SE1 9RT,call before delivery
T100519,OR-62244,PN008,Flu Vaccine,S004,HealQuick,D003,Scotland Regional Hub,PH002,Royal Infirmary Pharmacy,10/04/2024,4,10/08/2024,0,0.0,43.95,167.35,167.35,Returned,B7399,17/10/2026,Refrigerated,N/A,urgent
T100366,OR-24300,PN005,Salbutamol Inhaler,S005,GlobalMeds,D005,East England Depot,PH010,University Hospital Pharmacy,2023-03-18,7,26/03/2023,10,10.0,34.3,32.17,375.17,In Transit,B8796,04/03/2025,Cold Chain,se1 9rt,urgent
T100947,OR-85325,PN008,Flu Vaccine,S002,MediSupply Ltd,D005,East England Depot,PH003,City Clinic Pharmacy,12/26/2024,14,01/09/2025,250,250.0,50.29,147.6,12730.1,Partial,B2589,Apr 21 2027,Refrigerated,SE1 9RT,call before delivery
T101252,OR-11280,PN010,Co-codamol 30/500 Tablet,S001,NHS Supply Chain,D001,Central Hub London,PH007,Southcare Pharmacy,05/14/2024,14,28 May 2024,100,100.0,54.92,64.32,5556.32,Partial,B2972,2025-09-26,2 to 8°C,,urgent
T100051,OR-62205,PN007,Omeprazole 20mg Capsule,S003,UKPharma Dist,D001,Central Hub London,PH002,Royal Infirmary Pharmacy,02/20/2024,n/a,,10,10.0,64.42,12.77,656.97,Returned,B1762,Jul 19 2026,Refrigerated,B1 1AA,urgent
T100075,OR-70846,PN006,Warfarin  2mg  Tablet,S003,UKPharma Dist,D001,Central Hub London,PH004,Community Health Pharmacy,18-May-2023,5,2023-05-25,50,50.0,£28.36,237.45,1655.45,Partial,B9589,2023-12-13,2 to 8°C,SE1 9RT,call before delivery
T100163,OR-75325,PN004,Atorvastatin 20mg Tablet,S003,UKPharma Dist,D005,East England Depot,PH001,St Thomas Hospital Pharmacy,2025-04-06,2,08/04/2025,0,0.0,65.59,15.13,15.13,Delivered,B2669,2025-11-14,18C,B1 1AA,handle with care
T100293,OR-92076,PN001,Amoxicillin 500mg Capsule,S005,GlobalMeds ,D004,Wales Depot,PH009,Midtown Pharmacy,20/06/2024,10,2024-06-30,150,150.0,1.66,206.82,430.32,Cancelled,B7388,01/01/2026,2-8C,Unknown,temperature sensitive
T100946,OR-53372,PN004,Atorvastatin 20mg Tablet,S004,HealQuick,D001,Central Hub London,PH010,University Hospital Pharmacy,05/01/2025,14,2025-05-15,0,0.0,42.45,201.1,201.1,Delivered,B6751,2026-03-05,Refrigerated,SE1 9RT,urgent
T101324,OR-60871,PN009,Metformin 500mg Tablet,S004,HealQuick,D005,East England Depot,PH004,Community Health Pharmacy,27/01/2024,3,30/01/2024,500,,39.62,20.17,19830.17,Returned,B1931,2025-01-08,Refrigerated,LS1 1UR,
T101266,OR-31208,PN001,Amoxicillin 500mg Capsule,S003,UKPharma Dist,D004,Wales Depot,PH002,Royal Infirmary Pharmacy,2023.02.05,3,08 February 2023,20,20.0,1.47,238.85,268.25,Returned,B7414,Dec 29 2023,Cold Chain,m1 2ab,short shipment
T101072,OR-38084,PN008,flu vaccine,S004,HEALQUICK,D004,Wales Depot,PH001,St Thomas Hospital Pharmacy,25/09/2024,3,09/28/2024,250,250.0,43.62,296.81,11201.81,Returned,B3585,2026-05-24,Refrigerated,,call before delivery
T100119,OR-37831-DUP,PN003,Insulin Glargine 100IU/ml,S004,HealQuick,D005,East England Depot,PH001,St Thomas Hospital Pharmacy,2023/04/22,10,03/05/2023,500,450.0,39.22,53.97,19663.97,In Transit,,2023-11-12,18C,Unknown,handle with care
T100722,OR-74080,PN010,Co-codamol  30/500  Tablet,S005,GlobalMeds,D004,Wales Depot,PH004,Community Health Pharmacy,2024-06-27,7,2024-07-04,500,500.0,34.63,52.04,17367.04,Returned,B3592,30/12/2025,2-8C,,temperature sensitive
T100232,OR-86626,PN009,Metformin 500mg Tablet,S003,UKPharma Dist,D004,Wales Depot,PH007,Southcare Pharmacy,2024-04-17,2,19/04/2024,500,500.0,22.35,,11175.0,Returned,B1890,Jul 17 2025,2-8C,SE1 9RT,call before delivery
T101097,OR-87490,PN002,Paracetamol 500mg Tablet,S004,HealQuick,D004,Wales Depot,PH010,University Hospital Pharmacy,2024-10-23,10,2024-11-02,20,20.0,61.15,181.12,1404.12,Returned,,07/01/2026,2-8C,SE1 9RT,call before delivery
T100399,OR-95674,PN009,Metformin 500mg Tablet,S002,MediSupply Ltd,D001,Central Hub London,PH007,Southcare Pharmacy,2024.07.09,2,07/11/2024,0,0.0,61.31,24.26,24.26,In Transit,B8218,2026-08-11,2-8C,LS1 1UR,
T101167,OR-10223,PN007,Omeprazole 20mg Capsule,S005,GlobalMeds,D002,North West Depot,PH005,County General Pharmacy,03/13/2025,4,,0,0.0,32.93,30.45,30.45,Delivered,,2026-08-24,2-8C,B1 1AA,urgent
T101035,OR-72683,PN006,Warfarin 2mg Tablet,S001,NHS Supply Chain,D001,Central Hub London,PH003,City Clinic Pharmacy,25/09/2023,n/a,,500,269.0,43.8,222.59,22122.59,Returned,B9082,N/A,Room Temp,SE1 9RT,call before delivery
T100234,OR-49705,PN005,Salbutamol Inhaler,S003,UKPharma Dist,D001,Central Hub London,PH008,Lakeside Pharmacy,03/02/2024,4,2024-03-06,500,500.0,66.24,47.49,33167.49,In Transit,B9602,2024-11-01,ambient,Unknown,urgent
T100520,OR-69522,PN004,Atorvastatin 20mg Tablet,S005,GlobalMeds ,D001,Central Hub London,PH009,Midtown Pharmacy,2025/06/18,7,2025-06-27,20,10.0,53.79,,1075.8,In Transit,B3404,May 11 2026,Room Temp,,temperature sensitive
T100292,OR-16285,PN006,Warfarin 2mg Tablet,S004,HealQuick ,D004,Wales Depot,PH010,University Hospital Pharmacy,2023/04/12,10,04/24/2023,150,150.0,30.62,147.37,4740.37,Partial,B5705,2025-09-23,Room Temp,M1 2AB,short shipment
T101288,OR-82600,PN007,Omeprazole 20mg Capsule,S004,HealQuick,D002,North West Depot,PH007,Southcare Pharmacy,2023-04-02,7,09/04/2023,200,200.0,68.76,221.54,13973.54,Partial,B7149,Jul 11 2024,2 to 8°C,M1 2AB,temperature sensitive
T100456,OR-86210,PN003,Insulin Glargine 100IU/ml,S001,NHS Supply Chain,D001,Central Hub London,PH010,University Hospital Pharmacy,06-Oct-2023,5,2023-10-11,20,20.0,10.23,180.8,385.4,In Transit,B6651,05/04/2025,2-8C,B1 1AA,
T100066,OR-37215,PN009,Metformin 500mg Tablet,S002,MediSupply Ltd,D002,North West Depot,PH009,Midtown Pharmacy,27-Feb-2024,10,08/03/2024,500,500.0,63.89,249.57,32194.57,In Transit,,Mar 20 2025,2-8C,B1 1AA,
T101447,OR-38385,PN007,Omeprazole 20mg Capsule,S002,MediSupply Ltd,D003,Scotland Regional Hub,PH009,Midtown Pharmacy,04/18/2025,2,04/22/2025,300,300.0,25.07,222.01,7743.01,Partial,B5618,Apr 03 2027,Room Temp,,short shipment
T100136,OR-70199,PN002,Paracetamol 500mg Tablet,S002,MediSupply Ltd,D003,Scotland Regional Hub,PH001,St Thomas Hospital Pharmacy,01/17/2025,3,01/20/2025,500,500.0,55.14,118.3,27688.3,Delivered,B4940,28/07/2025,Room Temp,M1 2AB,
T100904,OR-26294,PN002,Paracetamol 500mg Tablet,S005,GlobalMeds,D005,East England Depot,PH009,Midtown Pharmacy,16/03/2025,3,2025-03-21,10,10.0,20.36,,203.6,Delivered,,08/05/2026,18C,Unknown,handle with care
T100926,OR-59245,PN003,Insulin Glargine 100IU/ml,S001,NHS Supply Chain,D002,North West Depot,PH006,Northside Pharmacy,2024-05-17,14,31/05/2024,250,250.0,66.43,117.43,16724.93,Partial,B3485,02/01/2026,Refrigerated,,
T101437,OR-60758,PN001,Amoxicillin 500mg Capsule,S002,MediSupply Ltd,D005,East England Depot,PH009,Midtown Pharmacy,10-Jun-2025,5,06/15/2025,250,250.0,73.22,157.67,18462.67,Cancelled,B4542,2027-05-17,18C,LS1 1UR,call before delivery
T100475,OR-62127,PN001,Amoxicillin 500mg Capsule,S004,HealQuick,D001,Central Hub London,PH007,Southcare Pharmacy,2024-07-13,5,2024-07-18,50,50.0,70.63,55.42,3586.92,Cancelled,B4667,05/04/2026,2 to 8°C,N/A,urgent
T100348,OR-43903,PN009,Metformin 500mg Tablet,S001,NHS Supply Chain,D003,Scotland Regional Hub,PH009,Midtown Pharmacy,22-Aug-2023,2,08/26/2023,250,250.0,42.09,5.1,10527.6,Returned,B2057,06/04/2024,ambient,SE1 9RT,"call before delivery
please confirm"
T100573,OR-83460,PN009,Metformin 500mg Tablet,S001,NHS Supply Chain,D004,Wales Depot,PH004,Community Health Pharmacy,2025/04/19,2,21/04/2025,250,250.0,42.58,132.62,10777.62,Returned,B2326,05/05/2026,ambient,b1 1aa,temperature sensitive
T101019,OR-82947,PN001,Amoxicillin 500mg Capsule,S002,MediSupply Ltd,D002,North West Depot,PH003,City Clinic Pharmacy,2023-09-20,10,30 September 2023,10,5.0,40.05,253.69,654.19,Returned,B7128,27/01/2026,ambient,LS1 1UR,short shipment
T101403,OR-86598,PN006,Warfarin 2mg Tablet,S005,GlobalMeds,D005,East England Depot,PH008,Lakeside Pharmacy,2023-07-31,5,08/05/2023,500,500.0,55.83,222.6,28137.6,Cancelled,B1354,2024-12-07,Cold Chain,M1 2AB,
T100980,OR-14056,PN009,Metformin 500mg Tablet,S002,MediSupply Ltd,D005,East England Depot,PH003,City Clinic Pharmacy,2023/07/14,5,2023-07-20,200,200.0,39.02,176.31,7980.31,Partial,B1055,2025-04-02,2 to 8°C,m1 2ab,short shipment
T100180,OR-99884,PN009,metformin 500mg tablet,S003,UKPharma Dist,D004,Wales Depot,PH010,University Hospital Pharmacy,2025-02-14,7,02/23/2025,250,250.0,61.17,253.74,15546.24,Partial,B8372,Sep 12 2025,2 to 8°C,,handle with care
T101082,OR-97783,PN006,Warfarin 2mg Tablet,S005,GlobalMeds,D001,Central Hub London,PH010,University Hospital Pharmacy,08/10/2024,7,08/18/2024,500,500.0,9.34,75.73,4745.73,Delivered,B8579,2025-07-06,Refrigerated,M1 2AB,
T101022,OR-57566,PN005,Salbutamol Inhaler,S001,NHS Supply Chain ,D002,North West Depot,PH008,Lakeside Pharmacy,2024/06/23,10,07/03/2024,250,250.0,12.55,190.87,3328.37,Returned,B9510,03/05/2026,2-8C,Unknown,short shipment
T100883,OR-54151,PN009,Metformin 500mg Tablet,S005,GlobalMeds,D004,Wales Depot,PH005,County General Pharmacy,30-Nov-2023,5,05/12/2023,10,10.0,57.89,265.91,844.81,Returned,B9000,Jul 05 2024,Refrigerated,Unknown,urgent
T101124,OR-26043,PN010,Co-codamol 30/500 Tablet,S001,NHS Supply Chain,D005,East England Depot,PH002,Royal Infirmary Pharmacy,01/12/2024,7,12/10/2024,100,100.0,57.56,227.04,5983.04,Delivered,B3050,Jul 11 2025,18C,,urgent
T101417,OR-20212,PN006,Warfarin 2mg Tablet,S002,MediSupply Ltd,D001,Central Hub London,PH001,St Thomas Hospital Pharmacy,2024/12/06,3,12/09/2024,-24,0.0,9.53,242.93,14.21,Delivered,B2787,2025-10-08,Room Temp,B1 1AA,call before delivery
T100647,OR-64431,PN006,Warfarin 2mg Tablet,S005,GlobalMeds,D001,Central Hub London,PH002,Royal Infirmary Pharmacy,31-Oct-2023,2,2023-11-02,10,10.0,72.38,250.13,973.93,Returned,B7380,2024-05-05,2 to 8°C,SE1 9RT,
T101321,OR-40680,PN010,Co-codamol 30/500 Tablet,S005,GlobalMeds,D003,Scotland Regional Hub,PH001,St Thomas Hospital Pharmacy,2024-02-10,5,2024-02-16,20,16.0,59.74,15.32,1210.12,Delivered,B1327,2026-03-24,Cold Chain,LS1 1UR,short shipment
T100445,OR-47681,PN008,Flu Vaccine,S001,NHS Supply Chain,D004,Wales Depot,PH003,City Clinic Pharmacy,08/29/2024,2,09/02/2024,200,200.0,45.91,206.85,9388.85,Returned,B4733,Aug 23 2026,18C,SE1 9RT,temperature sensitive
T101524,OR-58389,PN009,Metformin 500mg Tablet,S003,UKPharma Dist,D002,North West Depot,PH002,Royal Infirmary Pharmacy,2024/05/21,7,2024-05-30,50,50.0,£34.44,56.54,1778.54,In Transit,B7633,2025-04-10,Room Temp,SE1 9RT,short shipment
T100663,OR-35124,PN003,Insulin Glargine 100IU/ml,S004,HealQuick,D004,Wales Depot,PH002,Royal Infirmary Pharmacy,07/06/2023,7,14/06/2023,300,,19.62,102.03,5988.03,Partial,B6453,Apr 28 2025,Refrigerated,M1 2AB,call before delivery
T100356,OR-81991,PN004,Atorvastatin 20mg Tablet,S004,HealQuick,D001,Central Hub London,PH007,Southcare Pharmacy,2024-09-29,5,2024-10-06,20,20.0,39.24,180.72,965.52,Returned,B1286,13/01/2026,Cold Chain,SE1 9RT,short shipment
T101589,OR-14420,PN002,Paracetamol 500mg Tablet,S001,NHS Supply Chain,D001,Central Hub London,PH007,Southcare Pharmacy,2023-11-17,2,2023-11-21,100,100.0,25.05,77.67,2582.67,Partial,B5458,2025-08-06,2 to 8°C,,short shipment
T100179,OR-28070,PN006,Warfarin 2mg Tablet,S003,UKPharma Dist,D005,East England Depot,PH001,St Thomas Hospital Pharmacy,2024/04/21,5,27/04/2024,0,0.0,6.64,193.1,193.1,Delivered,B6902,May 11 2025,ambient,,handle with care
T100976,OR-50602,PN002,Paracetamol 500mg Tablet,S003,UKPharma Dist,D002,North West Depot,PH009,Midtown Pharmacy,12/08/2024,2,12/12/2024,250,126.0,15.96,151.16,4141.16,Delivered,B8973,2025-07-28,Refrigerated,,"temperature sensitive
please confirm"
T101271,OR-40884,PN007,Omeprazole 20mg Capsule,S002,MediSupply Ltd,D002,North West Depot,PH009,Midtown Pharmacy,2024/10/09,10,2024-10-20,250,217.0,29.61,51.03,7453.53,Partial,B6029,02/12/2025,2 to 8°C,B1 1AA,urgent
T101159,OR-53456,PN003,Insulin Glargine 100IU/ml,S004,HealQuick,D005,East England Depot,PH008,Lakeside Pharmacy,14-Apr-2024,4,2024-04-19,200,69.0,0.74,73.62,221.62,Returned,B4444,2026-09-07,2-8C,,handle with care
T101045,OR-90647,PN008,Flu Vaccine,S002,MediSupply Ltd,D001,Central Hub London,PH002,Royal Infirmary Pharmacy,07/29/2024,10,2024-08-10,150,150.0,63.92,70.0,9658.0,Cancelled,B3153,21/10/2026,18C,M1 2AB,urgent
T100572,OR-38000,PN005,Salbutamol Inhaler,S004,HealQuick,D001,Central Hub London,PH002,Royal Infirmary Pharmacy,05-Jan-2025,2,01/07/2025,50,50.0,68.69,195.95,3630.45,Partial,B2756,Aug 25 2026,2-8C,LS1 1UR,handle with care
T100656,OR-79667,PN003,Insulin Glargine 100IU/ml,S002,MediSupply Ltd,D005,East England Depot,PH001,St Thomas Hospital Pharmacy,2023/11/29,3,03/12/2023,100,100.0,50.89,31.95,5120.95,In Transit,B6232,15/08/2025,Cold Chain,Unknown,urgent
T101070,OR-43717,PN008,Flu Vaccine,S003,UKPharma Dist,D004,Wales Depot,PH001,St Thomas Hospital Pharmacy,2023/10/29,4,02/11/2023,50,50.0,£57.16,147.42,TBD,Returned,B8440,Dec 12 2025,ambient,B1 1AA,urgent
T101537,OR-87443,PN002,Paracetamol 500mg Tablet,S001,NHS Supply Chain,D003,Scotland Regional Hub,PH005,County General Pharmacy,2025-01-17,n/a,TBD,10,10.0,67.2,289.79,961.79,In Transit,B5235,2026-04-27,2 to 8°C,LS1 1UR,temperature sensitive
T100793,OR-47623,PN009,Metformin 500mg Tablet,S005,GlobalMeds,D005,East England Depot,PH006,Northside Pharmacy,11/15/2024,7,2024-11-23,0,0.0,25.99,287.2,287.2,Cancelled,B7769,30/10/2025,Cold Chain,B1 1AA,call before delivery
T100489,OR-10796,PN010,Co-codamol 30/500 Tablet,S001,NHS Supply Chain,D004,Wales Depot,PH002,Royal Infirmary Pharmacy,07/12/2024,5,2024-07-17,20,8.0,60.81,152.69,1368.89,Returned,B3617,Aug 06 2026,ambient,B1 1AA,
T100474,OR-84532,PN009,Metformin 500mg Tablet,S004,HealQuick,D002,North West Depot,PH003,City Clinic Pharmacy,03/03/2023,10,13/03/2023,250,250.0,4.76,162.96,1352.96,Returned,B4812,25/02/2024,,Unknown,
T100556,OR-75701,PN003,Insulin Glargine 100IU/ml,S004,HealQuick,D002,North West Depot,PH005,County General Pharmacy,2023-11-21,14,12/06/2023,100,,41.06,2.3,4108.3,In Transit,B1130,Jan 03 2025,2 to 8°C,LS1 1UR,call before delivery
T101182,OR-41515,PN008,Flu Vaccine,S004,HealQuick,D003,Scotland Regional Hub,PH003,City Clinic Pharmacy,12/20/2023,4,12/24/2023,300,300.0,38.05,190.71,11605.71,Delivered,B4344,Nov 12 2024,2 to 8°C,LS1 1UR,—
T100198,OR-81875,PN009,Metformin 500mg Tablet,S002,MediSupply Ltd ,D002,North West Depot,PH003,City Clinic Pharmacy,2024/09/08,4,14/09/2024,20,20.0,52.24,219.8,1264.6,In Transit,B9379,10/05/2026,2 to 8°C,SE1 9RT,handle with care
T100803,OR-30663,PN007,Omeprazole 20mg Capsule,S004,HealQuick,D005,East England Depot,PH008,Lakeside Pharmacy,2023-02-20,n/a,unknown,200,200.0,17.81,25.26,3587.26,Partial,B8253,Jan 06 2024,2-8C,,
T101568,OR-30643,PN006,Warfarin 2mg Tablet,S005,GlobalMeds,D001,Central Hub London,PH004,Community Health Pharmacy,2024.02.11,2,13/02/2024,0,0.0,47.02,50.88,50.88,Partial,B8464,20/12/2024,Refrigerated,,handle with care
T100165,OR-49838,PN009,Metformin 500mg Tablet,S005,GlobalMeds,D003,Scotland Regional Hub,PH006,Northside Pharmacy,09-Jan-2023,7,01/18/2023,500,500.0,30.64,11.09,15331.09,In Transit,B9860,11/10/2023,Refrigerated,N/A,short shipment
T101087,OR-53411,PN008,Flu Vaccine,S001,NHS Supply Chain,D001,Central Hub London,PH004,Community Health Pharmacy,29-Sep-2024,3,2024-10-02,10,10.0,69.02,295.91,986.11,Cancelled,B1859,06/03/2027,Cold Chain,Unknown,short shipment
T100311,OR-46905,PN006,Warfarin 2mg Tablet,S001,NHS Supply Chain,D003,Scotland Regional Hub,PH008,Lakeside Pharmacy,30/03/2025,10,09/04/2025,10,10.0,42.03,143.92,564.22,Delivered,7183,17/02/2027,Cold Chain,SE1 9RT,
T100533,OR-49039,PN010,Co-codamol 30/500 Tablet,S005,GlobalMeds,D001,Central Hub London,PH006,Northside Pharmacy,31/05/2025,7,,0,0.0,51.99,282.9,282.9,Partial,B1312,19/04/2026,Refrigerated,B1 1AA,temperature sensitive
T100044,OR-50760,PN008,Flu Vaccine,S004,HealQuick,D001,Central Hub London,PH006,Northside Pharmacy,20-Mar-2025,14,04/05/2025,200,200.0,18.98,226.13,4022.13,Returned,,2027-07-17,2-8C,LS1 1UR,short shipment
T100378,OR-66293,PN002,Paracetamol 500mg Tablet,S001,NHS Supply Chain,D003,Scotland Regional Hub,PH008,Lakeside Pharmacy,20/04/2023,14,2023-05-04,200,200.0,£6.44,261.07,1549.07,Cancelled,B4268,2024-04-13,,LS1 1UR,short shipment
T100425,OR-34060,PN003,Insulin Glargine 100IU/ml,S001,NHS Supply Chain,D003,Scotland Regional Hub,PH002,Royal Infirmary Pharmacy,2023-05-20,14,06/04/2023,150,150.0,41.88,276.81,6558.81,Cancelled,B5888,28/10/2025,Room Temp,B1 1AA,
T100565,OR-93238,PN001,Amoxicillin 500mg Capsul3,S001,NHS Supply Chain,D001,Central Hub London,PH002,Royal Infirmary Pharmacy,2024/10/21,10,10/31/2024,20,20.0,16.21,115.33,449.53,In Transit,,2025-09-05,Cold Chain,LS1 1UR,short shipment
T100559,OR-53656,PN001,Amoxicillin 500mg Capsule,S002,MediSupply Ltd,D003,Scotland Regional Hub,PH010,University Hospital Pharmacy,2024/04/11,3,2024-04-14,10,10.0,29.14,277.24,568.64,Cancelled,B4933,2024-10-31,Cold Chain,,short shipment
T100866,OR-88162,PN006,Warfarin 2mg Tablet,S003,UKPharma Dist,D003,Scotland Regional Hub,PH004,Community Health Pharmacy,03/18/2024,5,03/23/2024,20,20.0,24.54,89.87,580.67,Delivered,B8705,Nov 29 2024,18C,unknown,
T100254,OR-90599,PN002,Paracetamol 500mg Tablet,S004,HealQuick,D005,East England Depot,PH004,Community Health Pharmacy,2023-12-20,4,26/12/2023,200,200.0,44.65,53.5,8983.5,Returned,B7274,Feb 13 2026,2 to 8°C,N/A,urgent
T100900,OR-38074,PN009,Metformin  500mg  Tablet,S005,GlobalMeds,D003,Scotland Regional Hub,PH002,Royal Infirmary Pharmacy,2024-03-12,4,18/03/2024,500,500.0,4.52,228.64,2488.64,Delivered,B6443,2026-03-29,Room Temp,SE1 9RT,—
T100794,OR-93548,PN006,Warfarin 2mg Tablet,S005,GlobalMeds,D001,Central Hub London,PH006,Northside Pharmacy,10/31/2023,4,2023-11-04,300,300.0,42.88,169.9,13033.9,Partial,,2026-02-12,18C,,temperature sensitive
T100830,OR-40381,PN008,Flu Vaccine,S003,UKPharma Dist,D005,East England Depot,PH002,Royal Infirmary Pharmacy,01/03/2023,2,03/03/2023,100,100.0,42.48,254.82,4502.82,Cancelled,B8648,2023-09-10,Refrigerated,SE1 9RT,handle with care
T101034,OR-56069,PN001,Amoxicillin 500mg Capsule,S002,MediSupply Ltd,D004,Wales Depot,PH007,Southcare Pharmacy,10/05/2024,2,05/12/2024,150,150.0,32.4,5.94,4865.94,Cancelled,B1797,2024-12-30,Cold Chain,B1 1AA,short shipment
T100113,OR-30578,PN003,Insulin Glargine 100IU/ml,S005,GlobalMeds ,D003,Scotland Regional Hub,PH004,Community Health Pharmacy,2025/03/19,n/a,unknown,100,100.0,22.29,293.94,2522.94,Cancelled,B9709,06/04/2026,Refrigerated,se1 9rt,handle with care
T100377,OR-62250,PN001,Amoxicillin 500mg Capsule,S002,MEDISUPPLY LTD ,D003,Scotland Regional Hub,PH007,Southcare Pharmacy,2024/05/23,10,03/06/2024,150,150.0,36.23,75.33,5509.83,Returned,,Mar 20 2025,2-8C,SE1 9RT,temperature sensitive
T101280,OR-74763,PN009,Metformin 500mg Tablet,S003,UKPharma Dist,D002,North West Depot,PH008,Lakeside Pharmacy,02-Sep-2023,4,07/09/2023,300,300.0,12.86,260.48,4092.9799999999996,Partial,B5285,2025-12-15,Room Temp,LS1 1UR,temperature sensitive
T100872,OR-55210-DUP,PN006,Warfarin 2mg Tablet,S001,NHS Supply Chain,D005,East England Depot,PH007,Southcare Pharmacy,2024/05/13,4,05/17/2024,200,180.0,57.33,90.1,11556.1,Returned,B4749,2026-03-15,Room Temp,,short shipment
T100170,OR-73201,PN008,Flu Vaccine,S003,UKPharma Dist,D004,Wales Depot,PH002,Royal Infirmary Pharmacy,2024-05-10,n/a,TBD,500,500.0,23.19,190.74,11785.74,Cancelled,B3755,May 10 2026,Cold Chain,LS1 1UR,—
T100362,OR-81078,PN003,Insulin Glargine 100IU/ml,S001,NHS Supply Chain,D003,Scotland Regional Hub,PH001,St Thomas Hospital Pharmacy,06-Mar-2025,5,03/13/2025,20,20.0,34.53,177.19,867.79,Partial,B9877,2027-03-15,Room Temp,SE1 9RT,short shipment
T100513,OR-97229,PN004,Atorvastatin 20mg Tablet,S004,HealQuick,D005,East England Depot,PH010,University Hospital Pharmacy,03-Jul-2024,14,07/19/2024,200,134.0,68.92,35.8,13794.3,Partial,,2026-02-13,Cold Chain,M1 2AB,temperature sensitive
T100389,OR-26757,PN005,Salbutamol Inhaler,S005,GlobalMeds,D001,Central Hub London,PH007,Southcare Pharmacy,14/06/2023,3,19/06/2023,250,79.0,6.39,27.69,1625.19,Cancelled,B9471,N/A,,LS1 1UR,temperature sensitive
T100319,OR-54880,PN003,Insulin Glargine 100IU/ml,S004,HealQuick,D002,North West Depot,PH004,Community Health Pharmacy,2024/09/05,14,2024-09-21,20,20.0,48.94,250.9,1229.7,Partial,B7325,Feb 06 2027,18C,,handle with care
T100077,OR-99957,PN008,Flu Vaccine,S005,GlobalMeds,D003,Scotland Regional Hub,PH009,Midtown Pharmacy,2024/10/24,4,10/29/2024,100,100.0,11.67,241.63,1408.63,Cancelled,B1417,18/02/2026,Cold Chain,SE1 9RT,urgent
T100347,OR-21624,PN002,Paracetamol 500mg Tablet,S004,HealQuick,D003,Scotland Regional Hub,PH001,St Thomas Hospital Pharmacy,2025.03.17,3,03/20/2025,100,100.0,43.44,273.08,4617.08,Cancelled,B1695,06/01/2027,Cold Chain,unknown,urgent
T101474,OR-82913,PN001,Amoxicillin 500mg Capsule,S001,NHS Supply Chain,D005,East England Depot,PH004,Community Health Pharmacy,24/08/2023,5,2023-08-30,300,300.0,54.79,132.33,16569.33,In Transit,B2360,May 31 2025,Room Temp,,temperature sensitive
T101069,OR-32069,PN007,Omeprazole 20mg Capsule,S002,MediSupply Ltd,D005,East England Depot,PH010,University Hospital Pharmacy,2024-04-25,4,05/01/2024,100,100.0,64.37,296.3,6733.3,Delivered,B5344,2026-02-10,Refrigerated,LS1 1UR,
T100207,OR-84666,PN006,Warfarin 2mg Tablet,S003,UKPharma Dist,D005,East England Depot,PH005,County General Pharmacy,2023-11-29,2,2023-12-02,500,500.0,65.32,245.05,32905.05,Returned,B7479,19/01/2025,ambient,LS1 1UR,urgent
T100339,OR-25725,PN003,Insulin Glargine 100IU/ml,S001,NHS SUPPLY CHAIN,D002,North West Depot,PH003,City Clinic Pharmacy,2023/06/23,-3,2023-06-20,50,50.0,10.65,173.5,706.0,Delivered,B5177,N/A,2-8C,B1 1AA,short shipment
T100417,OR-21749,PN008,Flu Vaccine,S005,GLOBALMEDS,D003,Scotland Regional Hub,PH008,Lakeside Pharmacy,08/12/2024,3,2024-12-11,10,10.0,29.49,229.35,524.25,In Transit,2616,2025-10-11,ambient,Unknown,call before delivery
T100586,OR-83327,PN005,Salbutamol Inhaler,S003,UKPharma Dist ,D002,North West Depot,PH009,Midtown Pharmacy,01/02/2025,3,04/02/2025,150,150.0,46.12,232.81,7150.81,Cancelled,B3893,Apr 27 2027,ambient,LS1 1UR,
T100193,OR-57844,PN006,Warfarin 2mg Tablet,S003,UKPharma Dist,D001,Central Hub London,PH003,City Clinic Pharmacy,07/01/2024,10,11/07/2024,200,200.0,17.89,33.41,3611.41,In Transit,B2902,07/05/2025,Refrigerated,M1 2AB,temperature sensitive
T100015,OR-87139,PN009,Metformin 500mg Tablet,S003,UKPharma Dist,D001,Central Hub London,PH009,Midtown Pharmacy,10-May-2023,2,12/05/2023,0,0.0,4.33,246.63,246.63,Delivered,B5978,17/07/2024,Refrigerated,Unknown,temperature sensitive
T101409,OR-48139,PN007,Omeprazole 20mg Capsule,S003,UKPharma Dist,D004,Wales Depot,PH007,Southcare Pharmacy,19/06/2024,3,06/22/2024,250,138.0,72.48,139.55,18259.55,Cancelled,B5873,19/07/2026,2-8C,M1 2AB,call before delivery
T100454,OR-70475,PN003,Insulin Glargine 100IU/ml,S001,NHS Supply Chain ,D005,East England Depot,PH007,Southcare Pharmacy,04/12/2023,-3,09 April 2023,0,0.0,60.29,108.12,108.12,Delivered,,27/01/2025,2-8C,LS1 1UR,short shipment
T101399,OR-68284,PN007,Omeprazole 20mg Capsule,S001,NHS Supply Chain ,D004,Wales Depot,PH010,University Hospital Pharmacy,17-Jan-2023,5,2023-01-22,200,159.0,57.66,225.79,11757.79,Delivered,B1854,16/12/2024,2 to 8°C,B1 1AA,"urgent
please confirm"
T100655,OR-35577,PN009,M3tformin 500mg Tablet,S002,MediSupply Ltd,D003,Scotland Regional Hub,PH005,County General Pharmacy,2023-03-07,5,12 March 2023,100,,25.03,89.8,2592.8,In Transit,B3123,02/01/2024,,Unknown,short shipment
T101141,OR-95466,PN009,Metformin 500mg Tablet,S002,MediSupply Ltd,D001,Central Hub London,PH007,Southcare Pharmacy,12-Jun-2024,7,2024-06-19,500,500.0,54.11,55.53,27120.53,Partial,B8279,13/06/2026,18C,,
T101200,OR-71185,PN008,Flu Vaccine,S003,UKPharma Dist ,D005,East England Depot,PH009,Midtown Pharmacy,01/09/2024,14,2024-01-23,150,150.0,29.85,222.6,4700.1,Cancelled,B5511,14/05/2026,Refrigerated,,handle with care
T101393,OR-94931,PN004,Atorvastatin 20mg Tablet,S005,GlobalMeds,D004,Wales Depot,PH009,Midtown Pharmacy,13-Nov-2023,14,2023-11-27,50,50.0,58.93,,2946.5,In Transit,B1214,28/07/2024,Cold Chain,se1 9rt,short shipment
T100505,OR-68673,PN010,Co-codamol 30/500 Tablet,S005,GlobalMeds,D003,Scotland Regional Hub,PH006,Northside Pharmacy,2023/08/19,-3,18/08/2023,100,100.0,30.76,205.75,3281.75,Partial,,2026-01-31,Room Temp,LS1 1UR,urgent
T100587,OR-63553,PN009,Metformin 500mg Tablet,S004,HealQuick,D002,North West Depot,PH010,University Hospital Pharmacy,2024/03/13,5,18/03/2024,0,0.0,3.3,82.19,82.19,In Transit,B5666,May 27 2026,Cold Chain,LS1 1UR,short shipment
T101126,OR-44078,PN004,Atorvastatin 20mg Tablet,S003,UKPharma Dist,D004,Wales Depot,PH007,Southcare Pharmacy,2025-06-14,2,17 June 2025,200,200.0,27.11,44.39,5566.39,Returned,B6671,13/07/2026,Cold Chain,SE1 9RT,urgent
T100595,OR-64841,PN005,Salbutamol Inhaler,S005,GlobalMeds,D004,Wales Depot,PH009,Midtown Pharmacy,14/12/2023,4,12/18/2023,10,10.0,54.29,67.7,610.6,Partial,B9141,2024-09-16,ambient,,short shipment
T100505,OR-68673-DUP,PN010,Co-codamol 30/500 Tablet,S005,GlobalMeds,D003,Scotland Regional Hub,PH006,Northside Pharmacy,2023/08/19,-3,18/08/2023,100,100.0,30.76,205.75,3281.75,Partial,,2026-01-31,Room Temp,LS1 1UR,urgent
T100606,OR-51946,PN001,Amoxicillin 500mg Capsule,S001,NHS Supply Chain,D003,Scotland Regional Hub,PH007,Southcare Pharmacy,10/10/2024,2,14/10/2024,10,10.0,26.5,204.84,469.84,Delivered,B2400,Apr 08 2026,2 to 8°C,,
T100194,OR-49203,PN003,Insulin Glargine 100IU/ml,S004,HealQuick ,D003,Scotland Regional Hub,PH003,City Clinic Pharmacy,15-Apr-2025,5,04/21/2025,0,0.0,74.77,248.61,248.61,Partial,,Sep 18 2026,Room Temp,B1 1AA,urgent
T101113,OR-87342,PN002,Paracetamol 500mg Tablet,S005,GlobalMeds ,D001,Central Hub London,PH002,Royal Infirmary Pharmacy,2025-05-02,7,05/09/2025,0,0.0,£36.03,251.64,251.64,Delivered,,2027-01-07,Refrigerated,B1 1AA,handle with care
T101326,OR-61563,PN006,Warfarin 2mg Tablet,S005,GlobalMeds,D004,Wales Depot,PH010,University Hospital Pharmacy,08/04/2023,3,11/04/2023,0,0.0,20.63,89.12,89.12,Cancelled,B7823,11/03/2024,2-8C,M1 2AB,
T100471,OR-67973,PN010,Co-codamol 30/500 Tablet,S003,UKPharma Dist,D001,Central Hub London,PH010,University Hospital Pharmacy,17/04/2024,-2,17/04/2024,200,72.0,£34.82,150.01,TBD,Cancelled,B8875,01/08/2026,18C,B1 1AA,urgent
T100295,OR-17433,PN007,Omeprazole 20mg Capsule,S002,MediSupply Ltd,D002,North West Depot,PH008,Lakeside Pharmacy,2024-09-03,7,2024-09-10,20,20.0,15.45,45.93,354.93,In Transit,B6503,N/A,Cold Chain,B1 1AA,urgent
T101040,OR-39220,PN009,Metformin 500mg Tablet,S003,UKPharma Dist,D004,Wales Depot,PH006,Northside Pharmacy,19/07/2024,3,22/07/2024,150,150.0,39.76,113.1,6077.1,Delivered,B5218,2026-07-12,Room Temp,LS1 1UR,urgent
T100424,OR-60004,PN009,Metformin 500mg Tablet,S002,MediSupply Ltd,D003,Scotland Regional Hub,PH009,Midtown Pharmacy,06/03/2024,5,2024-03-12,0,0.0,13.41,143.68,143.68,Cancelled,B7763,2025-12-29,2 to 8°C,SE1 9RT,handle with care
T100901,OR-53254,PN006,Warfarin 2mg Tablet,S002,MediSupply Ltd,D003,Scotland Regional Hub,PH002,Royal Infirmary Pharmacy,14-Jul-2023,5,07/19/2023,250,250.0,23.56,55.54,5945.54,Partial,B7055,Apr 20 2025,Refrigerated,M1 2AB,handle with care
T101079,OR-25338,PN002,Paracetamol 500mg Tablet,S004,HealQuick,D003,Scotland Regional Hub,PH004,Community Health Pharmacy,2025-04-03,5,04/09/2025,500,500.0,£10.99,26.72,5521.72,Delivered,B2732,Dec 28 2026,Cold Chain,,handle with care
T101593,OR-16015,PN003,Insulin Glargine 100IU/ml,S001,NHS Supply Chain,D004,Wales Depot,PH005,County General Pharmacy,11/02/2023,14,2023-11-16,250,,54.74,114.26,13799.26,In Transit,B4132,24/04/2025,Refrigerated,ls1 1ur,
T100891,OR-46718,PN003,Insulin Glargine 100IU/ml,S005,GlobalMeds,D003,Scotland Regional Hub,PH005,County General Pharmacy,2023-02-08,10,19/02/2023,10,10.0,£34.36,142.67,486.27,In Transit,B5417,Mar 15 2024,2 to 8°C,LS1 1UR,call before delivery
T101061,OR-39281,PN006,Warfarin 2mg Tablet,S003,UKPharma Dist,D001,Central Hub London,PH008,Lakeside Pharmacy,12/08/2024,7,2024-12-17,200,200.0,46.39,197.45,9475.45,In Transit,,12/08/2025,2 to 8°C,SE1 9RT,call before delivery
T101009,OR-89820,PN008,Flu Vaccine,S005,GlobalMeds,D002,North West Depot,PH009,Midtown Pharmacy,23/02/2024,14,08/03/2024,500,500.0,20.57,15.9,10300.9,In Transit,B6889,09/02/2026,2 to 8°C,Unknown,call before delivery
T101452,OR-95225,PN005,Salbutamol Inhaler,S003,UKPharma Dist,D005,East England Depot,PH009,Midtown Pharmacy,2023/05/14,5,19 May 2023,10,10.0,57.82,277.93,856.13,Delivered,B9878,May 19 2024,Room Temp,LS1 1UR,temperature sensitive
T100056,OR-18200,PN002,Paracetamol 500mg Tablet,S003,UKPharma Dist,D005,East England Depot,PH008,Lakeside Pharmacy,12/23/2023,10,03 January 2024,0,0.0,73.8,48.04,48.04,In Transit,B4022,2026-04-24,18C,B1 1AA,
T100270,OR-78697,PN003,Insulin Glargine 100IU/ml,S003,UKPharma Dist,D002,North West Depot,PH001,St Thomas Hospital Pharmacy,21/05/2025,3,2025-05-26,20,20.0,69.49,144.62,1534.42,Delivered,B6067,Apr 19 2026,2 to 8°C,B1 1AA,call before delivery
T100043,OR-27589,PN001,Amoxicillin 500mg Capsule,S002,MediSupply Ltd ,D002,North West Depot,PH007,Southcare Pharmacy,10/30/2024,3,2024-11-03,50,50.0,13.54,275.89,952.89,Partial,B5742,May 07 2025,2-8C,M1 2AB,short shipment
T100099,OR-58653,PN004,Atorvastatin 20mg Tablet,S003,UKPHARMA DIST,D003,Scotland Regional Hub,PH004,Community Health Pharmacy,2023-10-22,10,01/11/2023,500,500.0,37.68,261.82,19101.82,In Transit,B6833,2024-08-06,18C,LS1 1UR,short shipment
T100983,OR-41605,PN008,Flu Vaccine,S003,UKPHARMA DIST,D005,East England Depot,PH004,Community Health Pharmacy,02/10/2023,4,06/10/2023,500,361.0,64.19,154.17,32249.17,Delivered,B5737,2024-10-13,ambient,M1 2AB,call before delivery
T100100,OR-62506,PN008,Flu Vaccine,S003,UKPharma Dist,D005,East England Depot,PH005,County General Pharmacy,12/02/2024,3,2024-02-17,200,200.0,39.11,202.23,TBD,Cancelled,B5254,06/05/2025,Refrigerated,B1 1AA,call before delivery
T101549,OR-78851,PN003,Insulin Glargine 100IU/ml,S003,UKPharma Dist,D002,North West Depot,PH010,University Hospital Pharmacy,05-Sep-2024,14,19/09/2024,100,100.0,35.62,74.51,3636.51,Delivered,B3240,2025-07-08,18C,,call before delivery
T100106,OR-67503,PN001,Amoxicillin 500mg Capsule,S004,HealQuick,D001,Central Hub London,PH004,Community Health Pharmacy,26/04/2023,-2,2023-04-26,500,500.0,7.17,185.59,3770.59,Delivered,,Aug 13 2025,2 to 8°C,LS1 1UR,call before delivery
T100406,OR-21905,PN007,Omeprazole 20mg Capsule,S001,NHS Supply Chain,D002,North West Depot,PH003,City Clinic Pharmacy,2024-09-23,10,10/05/2024,300,196.0,44.72,13.93,13429.93,In Transit,B3317,2026-03-19,ambient,LS1 1UR,"urgent
please confirm"
T101490,OR-50737,PN005,Salbutamol Inhaler,S005,GlobalMeds ,D005,East England Depot,PH009,Midtown Pharmacy,2025/01/16,7,01/23/2025,50,30.0,54.11,268.36,2973.86,In Transit,B6612,2026-01-01,2-8C,M1 2AB,
T100730,OR-26556,PN007,Omeprazole 20mg Capsule,S002,MediSupply Ltd,D004,Wales Depot,PH006,Northside Pharmacy,2023-09-29,2,01/10/2023,0,0.0,9.25,107.18,107.18,Cancelled,,2025-01-20,18C,B1 1AA,call before delivery
T101566,OR-66896,PN007,Om3prazole 20mg Capsule,S002,MediSupply Ltd,D003,Scotland Regional Hub,PH009,Midtown Pharmacy,19/09/2024,4,09/23/2024,0,0.0,5.56,122.5,122.5,Delivered,B7480,10/07/2025,2 to 8°C,B1 1AA,urgent
T100327,OR-86758,PN008,Flu Vaccine,S001,NHS Supply Chain,D001,Central Hub London,PH005,County General Pharmacy,2024-01-19,5,24/01/2024,300,300.0,26.76,49.78,8077.78,Returned,B1404,2026-04-23,Cold Chain,Unknown,handle with care
T101460,OR-45158,PN008,Flu Vaccine,S003,UKPharma Dist ,D005,East England Depot,PH001,St Thomas Hospital Pharmacy,05/26/2025,10,06/06/2025,0,,£39.01,241.2,TBD,Cancelled,B9282,26/07/2027,18C,N/A,
T100791,OR-88710,PN007,Omeprazole 20mg Capsule,S005,GlobalMeds,D002,North West Depot,PH010,University Hospital Pharmacy,30/09/2023,2,03 October 2023,50,50.0,4.27,222.26,435.76,Cancelled,B5718,Jul 25 2025,2 to 8°C,B1 1AA,
T101057,OR-35186,PN002,Paracetamol 500mg Tablet,S003,UKPharma Dist,D003,Scotland Regional Hub,PH001,St Thomas Hospital Pharmacy,09/05/2024,14,19/09/2024,200,200.0,£63.48,23.1,TBD,Delivered,B8450,29/03/2026,18C,,urgent
T100124,OR-35646,PN007,Omeprazole 20mg Capsule,S004,HealQuick,D005,East England Depot,PH007,Southcare Pharmacy,03/14/2025,4,03/18/2025,250,141.0,23.45,205.65,6068.15,Cancelled,B2007,Jan 30 2026,,B1 1AA,handle with care
T100749,OR-74343,PN008,Flu Vaccine,S004,HealQuick,D005,East England Depot,PH002,Royal Infirmary Pharmacy,18/07/2024,5,25/07/2024,500,500.0,51.02,64.85,25574.85,Returned,B3034,2025-06-11,Refrigerated,,call before delivery
T100743,OR-86383,PN003,Insulin Glargine 100IU/ml,S004,HealQuick,D001,Central Hub London,PH004,Community Health Pharmacy,02/19/2024,3,22 February 2024,200,200.0,71.79,24.97,14382.97,Partial,B4319,2025-04-20,Refrigerated,N/A,handle with care
T100771,OR-54048,PN006,Warfarin 2mg Tablet,S003,UKPharma Dist,D001,Central Hub London,PH009,Midtown Pharmacy,09-Oct-2023,5,2023-10-15,20,20.0,63.94,,1278.8,In Transit,B7069,Mar 28 2025,Room Temp,,call before delivery
T100337,OR-28012,PN006,Warfarin 2mg Tablet,S003,UKPharma Dist,D001,Central Hub London,PH010,University Hospital Pharmacy,2024/06/17,7,2024-06-25,150,54.0,70.46,208.77,10777.77,Cancelled,B7750,10/06/2026,ambient,ls1 1ur,handle with care
T101062,OR-76778,PN003,Insulin Glargine 100IU/ml,S002,MediSupply Ltd,D001,Central Hub London,PH007,Southcare Pharmacy,2024/02/20,5,2024-02-27,10,10.0,5.56,163.55,219.15,Delivered,B9105,Jun 11 2026,,LS1 1UR,urgent
T101410,OR-77957,PN004,Atorvastatin 20mg Tablet,S002,MediSupply Ltd,D003,Scotland Regional Hub,PH010,University Hospital Pharmacy,08/03/2024,7,15/03/2024,0,0.0,11.84,,0.0,Returned,B6512,12/02/2026,Cold Chain,SE1 9RT,
T101309,OR-14828,PN004,Atorvastatin  20mg  Tablet,S002,MediSupply Ltd,D005,East England Depot,PH010,University Hospital Pharmacy,2025-06-15,5,2025-06-21,10,10.0,55.76,258.23,815.83,Cancelled,B2919,Dec 08 2026,Refrigerated,M1 2AB,short shipment
T100831,OR-91901,PN008,Flu Vaccine,S002,MediSupply Ltd,D001,Central Hub London,PH009,Midtown Pharmacy,10-Sep-2024,2,09/14/2024,2203,2203.0,47.99,107.54,105829.51,Returned,B4216,Nov 14 2026,2-8C,B1 1AA,urgent
T101147,OR-76892,PN009,M3tformin 500mg Tablet,S002,MediSupply Ltd,D002,North West Depot,PH002,Royal Infirmary Pharmacy,29-May-2024,5,06/03/2024,200,200.0,39.86,280.72,8252.72,Cancelled,B4961,06/02/2026,Cold Chain,B1 1AA,
T100798,OR-42466,PN009,Metformin 500mg Tablet,S005,GlobalMeds,D003,Scotland Regional Hub,PH010,University Hospital Pharmacy,2023-09-18,10,29/09/2023,150,150.0,63.83,196.73,9771.23,Returned,,2025-04-24,ambient,Unknown,urgent
T100989,OR-84792,PN009,metformin 500mg tablet,S005,GLOBALMEDS,D002,North West Depot,PH007,Southcare Pharmacy,2023-11-26,4,2023-12-02,500,500.0,10.41,267.7,5472.7,Partial,B5372,Oct 19 2024,Cold Chain,SE1 9RT,temperature sensitive
T101429,OR-15279,PN005,Salbutamol Inhaler,S003,UKPharma Dist,D003,Scotland Regional Hub,PH010,University Hospital Pharmacy,03/31/2023,7,04/07/2023,0,0.0,£38.71,168.58,168.58,Delivered,B1205,28/05/2024,Cold Chain,ls1 1ur,urgent
T101268,OR-56635,PN003,Insulin Glargine 100IU/ml,S002,MediSupply Ltd,D002,North West Depot,PH002,Royal Infirmary Pharmacy,05/07/2025,10,2025-05-17,200,200.0,51.55,56.88,10366.88,In Transit,B3140,N/A,2 to 8°C,,temperature sensitive
T100585,OR-98710,PN010,Co-codamol 30/500 Tablet,S003,UKPharma Dist,D003,Scotland Regional Hub,PH006,Northside Pharmacy,2023/04/06,14,20 April 2023,200,200.0,13.57,144.09,2858.09,Partial,B3750,29/05/2024,2-8C,SE1 9RT,short shipment
T101488,OR-67202,PN009,Metformin 500mg Tablet,S001,NHS Supply Chain,D005,East England Depot,PH009,Midtown Pharmacy,09/01/2025,4,15/01/2025,200,153.0,1.86,252.59,624.59,Returned,B7904,Apr 29 2027,ambient,LS1 1UR,handle with care
T100616,OR-42632,PN010,Co-codamol 30/500 Tablet,S002,MediSupply Ltd,D003,Scotland Regional Hub,PH010,University Hospital Pharmacy,2023/02/03,n/a,unknown,20,20.0,£34.07,165.69,TBD,Returned,,2024-09-11,Refrigerated,SE1 9RT,handle with care
T101363,OR-19701,PN010,Co-codamol 30/500 Tablet,S003,UKPharma Dist ,D002,North West Depot,PH004,Community Health Pharmacy,2023/02/17,5,2023-02-22,300,300.0,47.21,91.75,14254.75,Cancelled,B8879,Nov 01 2024,2-8C,se1 9rt,handle with care
T101104,OR-80835,PN004,Atorvastatin  20mg  Tablet,S004,HealQuick,D003,Scotland Regional Hub,PH008,Lakeside Pharmacy,29/05/2024,10,2024-06-08,500,500.0,6.32,170.67,3330.67,In Transit,B3667,18/09/2025,Room Temp,LS1 1UR,
T100226,OR-62455,PN002,Paracetamol 500mg Tablet,S004,HealQuick,D004,Wales Depot,PH004,Community Health Pharmacy,05-Apr-2023,10,04/15/2023,10,10.0,35.38,102.14,455.94,Returned,B6108,Aug 03 2025,2-8C,B1 1AA,temperature sensitive
T101192,OR-29618,PN002,Paracetamol 500mg Tablet,S003,UKPharma Dist,D005,East England Depot,PH006,Northside Pharmacy,01/05/2025,14,01/20/2025,0,0.0,9.76,15.06,15.06,Returned,B1522,Jan 01 2027,ambient,M1 2AB,urgent
T101365,OR-30990,PN004,Atorvastatin 20mg Tablet,S003,UKPharma Dist,D003,Scotland Regional Hub,PH002,Royal Infirmary Pharmacy,28/03/2024,-2,27/03/2024,250,250.0,31.84,234.39,8194.39,Delivered,B3376,2025-10-25,2 to 8°C,SE1 9RT,
T100577,OR-39722,PN003,Insulin Glargine 100IU/ml,S004,HealQuick,D003,Scotland Regional Hub,PH006,Northside Pharmacy,21/05/2024,3,2024-05-26,20,20.0,50.21,236.24,1240.44,Partial,4578,14/10/2026,Cold Chain,,
T100158,OR-22597,PN003,Insulin  Glargine  100IU/ml,S004,HealQuick,D005,East England Depot,PH001,St Thomas Hospital Pharmacy,2023-12-04,5,2023-12-09,100,100.0,28.91,289.51,3180.51,In Transit,B7592,01/04/2026,Cold Chain,,call before delivery
T101591,OR-12673,PN002,Paracetamol 500mg Tablet,S003,UKPharma Dist,D005,East England Depot,PH001,St Thomas Hospital Pharmacy,01/25/2023,10,2023-02-06,10,10.0,39.79,172.94,570.84,Delivered,B2804,2023-10-25,2-8C,LS1 1UR,handle with care
T101016,OR-39772,PN009,Metformin 500mg Tablet,S003,UKPharma Dist,D003,Scotland Regional Hub,PH004,Community Health Pharmacy,2023/03/25,4,,0,0.0,1.98,89.76,89.76,Returned,B5947,18/06/2025,Cold Chain,M1 2AB,call before delivery
T100261,OR-28098,PN004,Atorvastatin 20mg Tablet,S001,NHS Supply Chain,D004,Wales Depot,PH009,Midtown Pharmacy,12/04/2024,5,2024-12-09,150,150.0,61.57,118.16,9353.66,Returned,,2027-02-15,ambient,Unknown,temperature sensitive
T100143,OR-83224,PN003,Insulin Glargine 100IU/ml,S002,MediSupply Ltd,D003,Scotland Regional Hub,PH007,Southcare Pharmacy,13-Oct-2024,4,2024-10-17,500,500.0,51.53,206.5,25971.5,In Transit,,23/09/2026,Cold Chain,B1 1AA,urgent
T100361,OR-96364,PN003,Insulin Glargine 100IU/ml,S004,HealQuick,D004,Wales Depot,PH010,University Hospital Pharmacy,24/03/2024,14,04/07/2024,150,150.0,55.54,163.38,8494.38,Delivered,B2000,10/02/2026,Refrigerated,N/A,
T100693,OR-18486,PN006,Warfarin 2mg Tablet,S002,MediSupply Ltd ,D005,East England Depot,PH005,County General Pharmacy,26-Jul-2024,14,09/08/2024,300,300.0,35.65,147.58,10842.58,In Transit,,12/06/2025,Cold Chain,LS1 1UR,
T101355,OR-75127,PN008,Flu Vaccine,S005,GlobalMeds,D003,Scotland Regional Hub,PH003,City Clinic Pharmacy,2023/11/25,3,29/11/2023,100,100.0,9.97,162.17,1159.17,Delivered,B5311,2025-03-24,ambient,,temperature sensitive
T101258,OR-27386,PN009,Metformin 500mg Tablet,S001,NHS Supply Chain,D001,Central Hub London,PH003,City Clinic Pharmacy,26/03/2023,3,29/03/2023,20,20.0,62.89,95.08,1352.88,Returned,B5761,Aug 10 2025,Room Temp,Unknown,
T100301,OR-97154,PN009,Metformin 500mg Tablet,S003,UKPharma Dist,D003,Scotland Regional Hub,PH009,Midtown Pharmacy,07/17/2023,2,19/07/2023,10,10.0,£13.69,171.57,TBD,Delivered,,26/01/2024,2 to 8°C,SE1 9RT,temperature sensitive
T100187,OR-20487,PN001,Amoxicillin 500mg Capsule,S002,MediSupply Ltd,D002,North West Depot,PH004,Community Health Pharmacy,09/14/2024,n/a,unknown,10,10.0,9.85,238.57,337.07,Partial,B6103,2025-10-01,Refrigerated,M1 2AB,urgent
T100551,OR-78186,PN001,Amoxicillin 500mg Capsule,S005,GlobalMeds,D003,Scotland Regional Hub,PH002,Royal Infirmary Pharmacy,2025/06/03,n/a,,500,500.0,71.04,72.9,35592.9,In Transit,B5419,Jan 08 2027,,B1 1AA,urgent
T100062,OR-19567-DUP,PN002,Paracetamol 500mg Tablet,S004,HealQuick,D002,North West Depot,PH004,Community Health Pharmacy,2023-10-11,7,10/18/2023,50,45.0,4.57,148.47,376.97,Returned,,20/04/2024,Room Temp,Unknown,urgent
T101438,OR-98556,PN001,Amoxicillin 500mg Capsule,S004,HealQuick,D005,East England Depot,PH001,St Thomas Hospital Pharmacy,19-Dec-2023,14,01/02/2024,-29,0.0,38.25,11.92,-1097.33,Returned,B5210,22/08/2024,2 to 8°C,M1 2AB,
T100972,OR-44807,PN005,Salbutamol  Inhaler,S001,NHS Supply Chain,D004,Wales Depot,PH007,Southcare Pharmacy,27/04/2024,4,02/05/2024,200,200.0,28.6,214.8,5934.8,In Transit,B1702,Aug 04 2026,18C,M1 2AB,call before delivery
T101450,OR-89838,PN002,Paracetamol 500mg Tablet,S005,GlobalMeds,D001,Central Hub London,PH003,City Clinic Pharmacy,09/07/2024,7,16 September 2024,100,100.0,43.32,39.08,4371.08,Partial,B5307,Mar 12 2025,18C,B1 1AA,handle with care
T100975,OR-40127,PN007,Omeprazole  20mg  Capsule,S003,UKPharma Dist,D005,East England Depot,PH001,St Thomas Hospital Pharmacy,08/02/2025,5,13/02/2025,200,200.0,60.72,169.19,12313.19,In Transit,B3190,Apr 02 2027,18C,M1 2AB,
T100777,OR-46605,PN010,Co-codamol 30/500 Tablet,S002,MediSupply Ltd,D002,North West Depot,PH002,Royal Infirmary Pharmacy,2023/05/14,3,05/17/2023,20,20.0,48.1,44.81,TBD,Returned,,Apr 12 2024,18C,SE1 9RT,
T100678,OR-57144,PN008,Flu Vaccine,S003,UKPharma Dist,D003,Scotland Regional Hub,PH010,University Hospital Pharmacy,26/04/2024,3,29/04/2024,250,250.0,3.61,102.65,1005.15,Returned,B4652,26/01/2026,18C,SE1 9RT,short shipment
T100864,OR-22768,PN006,Warfarin 2mg Tablet,S005,GlobalMeds,D001,Central Hub London,PH009,Midtown Pharmacy,12/10/2023,10,20/12/2023,250,250.0,58.75,87.62,14775.12,Partial,B2407,2025-12-26,2 to 8°C,b1 1aa,call before delivery
T100334,OR-60990,PN008,Flu  Vaccine,S001,NHS Supply Chain,D004,Wales Depot,PH010,University Hospital Pharmacy,08/08/2024,14,2024-08-23,500,435.0,33.97,287.59,17272.59,Returned,B1267,Nov 21 2026,18C,Unknown,handle with care
T100742,OR-12905,PN001,Amoxicillin 500mg Capsule,S004,HealQuick,D003,Scotland Regional Hub,PH002,Royal Infirmary Pharmacy,2023-08-15,2,08/17/2023,100,100.0,74.88,13.12,7501.12,Partial,B2425,21/04/2025,2 to 8°C,B1 1AA,temperature sensitive
T100213,OR-26976,PN002,Paracetamol 500mg Tablet,S004,HealQuick,D003,Scotland Regional Hub,PH007,Southcare Pharmacy,19-Jul-2023,2,22 July 2023,300,,68.27,278.76,20759.76,Returned,B8926,02/12/2024,2-8C,M1 2AB,handle with care
T100542,OR-59448,PN009,Metformin 500mg Tablet,S003,UKPharma Dist,D001,Central Hub London,PH004,Community Health Pharmacy,2024/04/20,2,2024-04-24,4335,4335.0,26.16,171.65,113585.25,In Transit,B1010,Jun 26 2026,18C,M1 2AB,short shipment
T100281,OR-48759,PN004,atorvastatin 20mg tablet,S002,MediSupply Ltd,D005,East England Depot,PH008,Lakeside Pharmacy,10-May-2024,14,26/05/2024,300,300.0,25.63,102.29,7791.29,Partial,B6609,02/08/2025,Cold Chain,Unknown,temperature sensitive
T100590,OR-99080,PN001,Amoxicillin 500mg Capsule,S002,MediSupply Ltd,D005,East England Depot,PH006,Northside Pharmacy,2023/03/28,2,03/31/2023,150,150.0,24.9,224.21,3959.21,Cancelled,B5229,May 28 2025,18C,SE1 9RT,urgent
T101285,OR-20731,PN008,flu vaccine,S001,NHS Supply Chain,D003,Scotland Regional Hub,PH005,County General Pharmacy,2025-05-07,3,10/05/2025,10,10.0,£71.45,225.46,TBD,Returned,B9752,2027-09-06,Cold Chain,LS1 1UR,temperature sensitive
T100509,OR-72671,PN002,Paracetamol 500mg Tablet,S001,NHS Supply Chain,D003,Scotland Regional Hub,PH002,Royal Infirmary Pharmacy,03-Dec-2023,3,12/08/2023,500,364.0,29.8,202.03,15102.03,In Transit,B9073,2025-09-21,Cold Chain,Unknown,temperature sensitive
T100421,OR-93897,PN004,Atorvastatin 20mg Tablet,S002,MediSupply Ltd,D001,Central Hub London,PH008,Lakeside Pharmacy,2023/12/14,7,12/23/2023,500,500.0,7.33,56.51,3721.51,Returned,B3976,2024-11-06,Refrigerated,SE1 9RT,temperature sensitive
T101073,OR-51336,PN005,Salbutamol  Inhaler,S005,GlobalMeds,D003,Scotland Regional Hub,PH010,University Hospital Pharmacy,2024-05-29,10,06/08/2024,0,0.0,15.99,43.98,43.98,In Transit,B6888,2025-04-13,2 to 8°C,,urgent
T101312,OR-86964,PN008,Flu Vaccine,S005,GlobalMeds,D002,North West Depot,PH004,Community Health Pharmacy,2024/11/20,7,2024-11-29,100,100.0,12.98,165.86,1563.86,Partial,,2026-04-13,2-8C,B1 1AA,temperature sensitive
T101381,OR-89924,PN009,Metformin 500mg Tablet,S004,HealQuick,D004,Wales Depot,PH001,St Thomas Hospital Pharmacy,01/29/2023,2,2023-01-31,50,50.0,26.59,134.51,1464.01,In Transit,B6372,Mar 28 2024,18C,LS1 1UR,call before delivery
T100638,OR-29041,PN010,Co-codamol 30/500 Tablet,S004,HealQuick,D005,East England Depot,PH009,Midtown Pharmacy,04/05/2024,n/a,unknown,50,17.0,17.14,281.05,1138.05,Cancelled,B7762,04/08/2025,Room Temp,LS1 1UR,short shipment
T100882,OR-40123,PN005,Salbutamol Inhaler,S004,HealQuick,D005,East England Depot,PH001,St Thomas Hospital Pharmacy,2025-02-27,4,03/03/2025,300,300.0,£8.28,172.61,2656.61,Returned,B8337,Jan 17 2027,Refrigerated,LS1 1UR,short shipment
T100961,OR-77171,PN009,Metformin 500mg Tablet,S001,NHS SUPPLY CHAIN,D001,Central Hub London,PH005,County General Pharmacy,02/09/2024,n/a,unknown,300,300.0,21.82,240.67,6786.67,In Transit,B9099,May 01 2026,2 to 8°C,SE1 9RT,short shipment
T101534,OR-55524,PN005,Salbutamol Inhaler,S005,GlobalMeds ,D003,Scotland Regional Hub,PH008,Lakeside Pharmacy,03/27/2023,4,2023-04-02,100,100.0,70.53,178.59,7231.59,In Transit,B3613,Jun 06 2024,Room Temp,SE1 9RT,"handle with care
please confirm"
T101155,OR-81964,PN006,warfarin 2mg tablet,S004,HealQuick,D001,Central Hub London,PH007,Southcare Pharmacy,02-Dec-2024,4,12/08/2024,500,500.0,£1.66,33.38,863.38,Cancelled,B2665,Jun 02 2026,2 to 8°C,M1 2AB,short shipment
T100707,OR-56270,PN010,Co-codamol 30/500 Tablet,S002,MediSupply Ltd,D003,Scotland Regional Hub,PH001,St Thomas Hospital Pharmacy,17-Jun-2025,7,06/24/2025,250,76.0,1.35,179.23,516.73,Returned,6990,02/12/2027,2-8C,Unknown,
T100651,OR-84874,PN006,Warfarin 2mg Tablet,S001,NHS Supply Chain,D002,North West Depot,PH008,Lakeside Pharmacy,06/27/2024,2,2024-06-29,100,100.0,13.8,217.45,1597.45,Returned,B9768,21/06/2025,18C,Unknown,urgent
T101540,OR-63809,PN003,Insulin Glargine 100IU/ml,S003,UKPharma Dist ,D002,North West Depot,PH004,Community Health Pharmacy,11/05/2025,2,05/13/2025,300,300.0,36.76,223.61,11251.61,Returned,B9698,Oct 20 2026,2-8C,Unknown,short shipment
T101197,OR-72420,PN003,Insulin Glargine 100IU/ml,S003,UKPharma Dist,D004,Wales Depot,PH006,Northside Pharmacy,2024/10/31,2,11/03/2024,300,300.0,12.22,217.56,3883.56,Cancelled,B9656,2026-10-06,,unknown,short shipment
T100687,OR-37731,PN006,warfarin 2mg tablet,S004,HealQuick,D001,Central Hub London,PH009,Midtown Pharmacy,06/03/2024,3,03/11/2024,100,100.0,46.92,100.52,4792.52,Partial,B9595,Jul 31 2025,Room Temp,Unknown,handle with care
T100840,OR-81524,PN005,Salbutamol Inhaler,S005,GlobalMeds,D004,Wales Depot,PH003,City Clinic Pharmacy,2023/06/16,14,,200,200.0,£29.52,,TBD,Cancelled,B6496,Sep 22 2025,Cold Chain,B1 1AA,
T100708,OR-25917,PN003,Insulin  Glargine  100IU/ml,S003,UKPharma Dist ,D002,North West Depot,PH008,Lakeside Pharmacy,2025-06-12,5,06/18/2025,-26,-26.0,73.63,222.2,-1692.18,Delivered,B7071,Feb 21 2027,2-8C,SE1 9RT,call before delivery
T100526,OR-15895,PN008,Flu Vaccine,S003,UKPharma Dist,D003,Scotland Regional Hub,PH001,St Thomas Hospital Pharmacy,23/09/2024,14,08/10/2024,100,100.0,29.09,65.46,2974.46,Cancelled,B7248,Dec 30 2026,2 to 8°C,B1 1AA,handle with care
T101495,OR-43260,PN004,Atorvastatin 20mg Tablet,S003,UKPharma Dist,D001,Central Hub London,PH007,Southcare Pharmacy,15-Jul-2023,3,,500,500.0,14.04,278.0,7298.0,Delivered,,Jul 23 2024,2-8C,,
T100664,OR-31442,PN010,Co-codamol 30/500 Tablet,S001,NHS Supply Chain,D002,North West Depot,PH007,Southcare Pharmacy,08/02/2024,14,,20,20.0,2.24,11.14,55.94,Delivered,B2099,2026-12-24,2-8C,B1 1AA,temperature sensitive
T101469,OR-58772,PN010,Co-codamol 30/500 Tablet,S004,HealQuick,D005,East England Depot,PH001,St Thomas Hospital Pharmacy,2024/01/07,2,10/01/2024,100,100.0,39.38,,3912.5,Partial,B9845,2025-11-19,2-8C,LS1 1UR,call before delivery
T100272,OR-54883,PN004,Atorvastatin 20mg Tablet,S003,UKPharma Dist,D001,Central Hub London,PH008,Lakeside Pharmacy,07/03/2025,10,17/03/2025,250,250.0,48.57,102.34,12244.84,Partial,B3984,Jul 26 2026,Cold Chain,B1 1AA,handle with care
T101406,OR-30047,PN009,Metformin 500mg Tablet,S003,UKPharma Dist,D003,Scotland Regional Hub,PH009,Midtown Pharmacy,06/21/2024,14,07/07/2024,20,20.0,49.38,295.51,1283.11,Cancelled,,07/08/2026,2-8C,unknown,handle with care
T101413,OR-98232,PN002,Paracetamol 500mg Tablet,S003,UKPharma Dist,D001,Central Hub London,PH007,Southcare Pharmacy,06/09/2023,5,09/12/2023,0,,71.33,177.19,177.19,Partial,B2131,Apr 23 2025,Cold Chain,Unknown,call before delivery
T100797,OR-60608,PN008,Flu Vaccine,S002,MediSupply Ltd,D002,North West Depot,PH006,Northside Pharmacy,03/04/2024,10,04/15/2024,20,20.0,14.84,191.41,488.21,Partial,B1753,Aug 01 2025,Cold Chain,SE1 9RT,temperature sensitive
T100231,OR-67264,PN007,Omeprazole 20mg Capsule,S002,MediSupply Ltd,D005,East England Depot,PH009,Midtown Pharmacy,2023-06-08,3,2023-06-11,150,150.0,67.86,179.11,10358.11,Cancelled,B3280,26/06/2024,Refrigerated,M1 2AB,call before delivery
T101557,OR-72722,PN001,Amoxicillin 500mg Capsule,S003,UKPharma Dist,D002,North West Depot,PH001,St Thomas Hospital Pharmacy,2025-05-12,7,21/05/2025,20,20.0,69.6,100.27,1492.27,Partial,B9310,N/A,2-8C,SE1 9RT,urgent
T101330,OR-57951,PN007,omeprazole 20mg capsule,S001,NHS Supply Chain,D003,Scotland Regional Hub,PH004,Community Health Pharmacy,2024/08/16,7,23/08/2024,10,10.0,61.45,200.15,814.65,Delivered,B9288,Feb 05 2026,Refrigerated,SE1 9RT,
T101542,OR-43128,PN008,Flu Vaccine,S004,HealQuick,D004,Wales Depot,PH004,Community Health Pharmacy,2023-04-13,10,2023-04-23,20,12.0,19.07,66.13,447.53,Returned,B2114,26/12/2024,2-8C,M1 2AB,handle with care
T101295,OR-83912,PN009,Metformin 500mg Tablet,S002,MEDISUPPLY LTD,D002,North West Depot,PH010,University Hospital Pharmacy,19-May-2024,7,26/05/2024,0,0.0,£13.83,103.36,103.36,In Transit,B6324,Oct 08 2025,Refrigerated,SE1 9RT,
T101256,OR-43842,PN007,Omeprazole 20mg Capsule,S004,HealQuick,D001,Central Hub London,PH006,Northside Pharmacy,2023.09.05,7,12 September 2023,250,250.0,62.47,142.98,15760.48,Partial,B1780,2024-09-06,18C,Unknown,urgent
T100203,OR-35189,PN006,Warfarin 2mg Tablet,S004,HealQuick,D001,Central Hub London,PH003,City Clinic Pharmacy,09-Jun-2023,14,06/24/2023,200,200.0,46.51,84.34,9386.34,In Transit,B8031,Mar 20 2024,Refrigerated,Unknown,
T100986,OR-68829,PN010,Co-codamol 30/500 Tablet,S004,HealQuick,D001,Central Hub London,PH005,County General Pharmacy,2023/05/06,4,05/11/2023,100,100.0,27.49,144.13,2893.13,Cancelled,B3672,11/08/2024,ambient,Unknown,—
T101314,OR-11313,PN003,Insulin Glargine 100IU/ml,S003,UKPharma Dist,D001,Central Hub London,PH010,University Hospital Pharmacy,2023-09-16,3,20/09/2023,10,10.0,16.91,97.07,266.17,In Transit,B9376,20/07/2025,Room Temp,,
T100877,OR-61364,PN001,amoxicillin 500mg capsule,S002,MediSupply Ltd,D002,North West Depot,PH007,Southcare Pharmacy,31/12/2023,3,03/01/2024,150,150.0,44.01,283.68,6885.18,Cancelled,B8542,28/11/2025,2-8C,,short shipment
T100058,OR-41056,PN004,Atorvastatin 20mg Tablet,S004,HealQuick,D004,Wales Depot,PH008,Lakeside Pharmacy,2023-06-21,14,06/07/2023,250,250.0,43.17,297.27,11089.77,Partial,B7965,17/10/2025,2 to 8°C,LS1 1UR,
T100788,OR-26856,PN007,Omeprazole 20mg Capsule,S003,UKPharma Dist,D002,North West Depot,PH010,University Hospital Pharmacy,07/20/2023,10,01/08/2023,250,250.0,62.97,,15742.5,Partial,B1952,Oct 12 2025,18C,B1 1AA,call before delivery
T100525,OR-22292,PN004,atorvastatin 20mg tablet,S003,UKPharma Dist,D005,East England Depot,PH010,University Hospital Pharmacy,29/01/2024,3,01/02/2024,200,200.0,29.86,,5972.0,In Transit,B4607,2026-03-21,Room Temp,LS1 1UR,temperature sensitive
T100599,OR-26884,PN003,Insulin Glargine 100IU/ml,S001,NHS Supply Chain,D004,Wales Depot,PH003,City Clinic Pharmacy,10/27/2024,7,11/03/2024,500,320.0,10.87,281.09,5716.09,In Transit,B8468,2025-11-17,2-8C,,short shipment
T101547,OR-50257,PN010,Co-codamol 30/500 Tablet,S002,MediSupply Ltd,D001,Central Hub London,PH008,Lakeside Pharmacy,29/09/2023,-2,27/09/2023,150,150.0,60.48,107.3,9179.3,Delivered,B7837,2024-07-23,Room Temp,Unknown,short shipment
T101261,OR-93154,PN010,Co-codamol 30/500 Tablet,S002,MediSupply Ltd,D003,Scotland Regional Hub,PH009,Midtown Pharmacy,16-May-2023,5,21/05/2023,2817,1185.0,0.83,144.85,2582.96,Returned,B1630,2025-03-03,Refrigerated,SE1 9RT,
T100498,OR-15284,PN002,Paracetamol 500mg Tablet,S004,HealQuick,D003,Scotland Regional Hub,PH001,St Thomas Hospital Pharmacy,14/11/2023,4,2023-11-18,250,149.0,37.44,297.17,9657.17,Delivered,B3938,Oct 09 2024,18C,Unknown,short shipment
T100470,OR-22908,PN006,Warfarin 2mg Tablet,S001,NHS Supply Chain,D005,East England Depot,PH007,Southcare Pharmacy,16-Dec-2024,14,12/31/2024,0,0.0,37.65,147.18,147.18,Partial,B3003,21/02/2026,18C,SE1 9RT,temperature sensitive
T100349,OR-15546,PN003,Insulin Glargine 100IU/ml,S002,MediSupply Ltd,D002,North West Depot,PH009,Midtown Pharmacy,2024-10-25,3,30/10/2024,300,300.0,12.32,215.1,3911.1,Returned,B2705,2026-01-05,2 to 8°C,,handle with care
T101025,OR-49056,PN004,Atorvastatin 20mg Tablet,S002,MediSupply Ltd,D005,East England Depot,PH010,University Hospital Pharmacy,2024/01/09,n/a,,0,0.0,£42.99,209.79,209.79,Partial,B3980,2026-06-04,,LS1 1UR,temperature sensitive
T101283,OR-57714,PN002,Paracetamol 500mg Tablet,S001,NHS Supply Chain,D003,Scotland Regional Hub,PH008,Lakeside Pharmacy,11-Feb-2024,3,2024-02-15,50,50.0,31.29,90.59,1655.09,Cancelled,B9714,Mar 15 2025,2 to 8°C,LS1 1UR,temperature sensitive
T100679,OR-82765,PN007,Omeprazole 20mg Capsule,S004,HealQuick,D003,Scotland Regional Hub,PH007,Southcare Pharmacy,2024-09-15,4,20/09/2024,50,35.0,21.62,139.57,1320.57,Partial,B4918,Dec 07 2025,2 to 8°C,M1 2AB,
T100956,OR-66682,PN003,Insulin Glargin3 100IU/ml,S001,NHS Supply Chain,D004,Wales Depot,PH007,Southcare Pharmacy,08-Sep-2024,10,09/18/2024,150,150.0,15.76,64.71,2428.71,Cancelled,B6239,2025-10-18,ambient,SE1 9RT,call before delivery
T100287,OR-42158,PN003,Insulin Glargine 100IU/ml,S005,GlobalMeds,D005,East England Depot,PH005,County General Pharmacy,2025/02/13,5,02/18/2025,200,200.0,10.41,220.88,2302.88,Returned,B2346,2026-03-30,Room Temp,N/A,urgent
T101090,OR-54185,PN003,Insulin Glargine 100IU/ml,S001,NHS Supply Chain,D003,Scotland Regional Hub,PH005,County General Pharmacy,18-Mar-2023,3,03/21/2023,20,20.0,40.98,131.09,950.69,Cancelled,B8964,08/08/2024,2 to 8°C,SE1 9RT,short shipment
T101223,OR-25413,PN001,Amoxicillin 500mg Capsule,S002,MediSupply Ltd,D001,Central Hub London,PH008,Lakeside Pharmacy,03/07/2023,4,07/08/2023,200,200.0,20.77,112.61,4266.61,Delivered,B9551,Sep 25 2025,ambient,SE1 9RT,temperature sensitive
T100928,OR-47060,PN008,Flu Vaccine,S002,MediSupply Ltd,D001,Central Hub London,PH005,County General Pharmacy,10/17/2023,2,19 October 2023,20,,63.73,,1274.6,Delivered,B1818,Aug 13 2024,ambient,M1 2AB,—
T100795,OR-98304,PN001,Amoxicillin 500mg Capsule,S003,UKPharma Dist,D003,Scotland Regional Hub,PH008,Lakeside Pharmacy,24-Aug-2024,3,2024-08-29,100,100.0,£63.55,23.24,TBD,Returned,2996,2025-09-13,ambient,,short shipment
T100228,OR-10131,PN004,Atorvastatin 20mg Tablet,S005,GlobalMeds,D004,Wales Depot,PH002,Royal Infirmary Pharmacy,14-Aug-2023,3,18/08/2023,10,10.0,64.02,204.43,844.63,Partial,B1208,2025-04-23,ambient,B1 1AA,short shipment
T100545,OR-10270,PN005,Salbutamol Inhaler,S001,NHS Supply Chain,D005,East England Depot,PH003,City Clinic Pharmacy,03-May-2023,7,2023-05-10,20,20.0,17.68,159.49,513.09,In Transit,B7848,Jun 20 2025,Room Temp,B1 1AA,short shipment
T100191,OR-96360,PN002,Paracetamol  500mg  Tablet,S005,GlobalMeds,D002,North West Depot,PH009,Midtown Pharmacy,2025-03-21,7,30/03/2025,150,150.0,70.6,17.17,10607.17,Delivered,,2027-09-02,2-8C,Unknown,urgent
T100752,OR-19306,PN006,Warfarin 2mg Tablet,S005,GlobalMeds,D001,Central Hub London,PH007,Southcare Pharmacy,07/02/2024,n/a,TBD,3345,3345.0,69.24,240.56,231848.36,Delivered,B8975,Aug 28 2026,Room Temp,Unknown,
T101338,OR-60406,PN010,Co-codamol 30/500 Tablet,S003,UKPharma Dist,D003,Scotland Regional Hub,PH007,Southcare Pharmacy,2023/01/07,n/a,TBD,250,250.0,21.74,246.81,5681.81,Delivered,B7527,2024-02-18,Refrigerated,Unknown,call before delivery
T100080,OR-96725,PN005,Salbutamol Inhaler,S004,HealQuick,D003,Scotland Regional Hub,PH008,Lakeside Pharmacy,03/01/2024,14,2024-01-17,20,20.0,48.2,,964.0,Delivered,,27/10/2024,2-8C,LS1 1UR,call before delivery
T101497,OR-30933,PN006,Warfarin 2mg Tablet,S001,NHS Supply Chain,D002,North West Depot,PH007,Southcare Pharmacy,06/05/2025,7,12/06/2025,100,100.0,10.29,60.82,1089.82,Cancelled,5120,15/10/2027,Refrigerated,LS1 1UR,short shipment
T101471,OR-56385,PN008,Flu Vaccine,S004,HealQuick,D004,Wales Depot,PH003,City Clinic Pharmacy,03-Jul-2024,3,06/07/2024,500,500.0,64.41,279.66,32484.66,In Transit,B4867,Jan 21 2026,18C,B1 1AA,temperature sensitive
T101225,OR-12697,PN001,Amoxicillin 500mg Capsule,S005,GlobalMeds,D005,East England Depot,PH004,Community Health Pharmacy,30-Jan-2023,2,,500,500.0,16.59,57.2,8352.2,In Transit,B7304,2025-07-14,Cold Chain,M1 2AB,
T100375,OR-26803,PN004,Atorvastatin  20mg  Tablet,S003,UKPHARMA DIST,D002,North West Depot,PH008,Lakeside Pharmacy,28-Oct-2024,2,,300,300.0,1.15,45.04,390.04,Returned,B7008,2026-04-19,2 to 8°C,,call before delivery
T100110,OR-64594,PN005,Salbutamol  Inhaler,S003,UKPharma Dist ,D003,Scotland Regional Hub,PH009,Midtown Pharmacy,2024/06/07,7,15/06/2024,500,500.0,42.9,97.41,21547.41,Returned,B2562,N/A,2 to 8°C,SE1 9RT,handle with care
T101356,OR-26315,PN008,Flu Vaccine,S003,UKPharma Dist,D001,Central Hub London,PH007,Southcare Pharmacy,2023/07/26,4,07/31/2023,500,500.0,19.44,18.46,9738.46,Partial,B6125,2024-05-01,ambient,SE1 9RT,handle with care
T100889,OR-64886,PN003,Insulin Glargine 100IU/ml,S005,GlobalMeds,D003,Scotland Regional Hub,PH002,Royal Infirmary Pharmacy,2024/10/15,3,2024-10-18,200,163.0,63.4,195.48,12875.48,Returned,,11/11/2026,18C,LS1 1UR,handle with care
T101346,OR-48854,PN004,Atorvastatin 20mg Tablet,S003,UKPharma Dist,D003,Scotland Regional Hub,PH010,University Hospital Pharmacy,2023.04.28,2,05/01/2023,500,,52.26,,26130.0,Cancelled,B5806,16/09/2024,2 to 8°C,LS1 1UR,temperature sensitive
T101125,OR-58088,PN003,Insulin Glargine 100IU/ml,S003,UKPharma Dist,D001,Central Hub London,PH008,Lakeside Pharmacy,22/01/2025,7,01/30/2025,100,,35.08,202.64,3710.64,Partial,B5767,May 17 2026,2 to 8°C,SE1 9RT,urgent
T101344,OR-97084,PN001,Amoxicillin 500mg Capsule,S002,MediSupply Ltd,D005,East England Depot,PH010,University Hospital Pharmacy,09/03/2023,4,03/13/2023,100,100.0,59.74,51.13,6025.13,Delivered,B9294,2024-08-09,Refrigerated,B1 1AA,
T100819,OR-78985,PN003,Insulin Glargine 100IU/ml,S003,UKPharma Dist,D004,Wales Depot,PH002,Royal Infirmary Pharmacy,14-Jun-2023,7,06/21/2023,100,100.0,25.37,210.12,2747.12,Partial,B5803,25/02/2025,Room Temp,unknown,handle with care
T100738,OR-28005,PN005,Salbutamol Inhaler,S005,GlobalMeds,D001,Central Hub London,PH006,Northside Pharmacy,12/05/2023,10,12/15/2023,500,500.0,20.49,125.49,10370.49,Delivered,B9810,2024-10-22,Room Temp,,urgent
T100305,OR-12542,PN008,Flu Vaccin3,S003,UKPharma Dist,D003,Scotland Regional Hub,PH010,University Hospital Pharmacy,2024/03/15,3,2024-03-19,250,250.0,24.8,93.76,6293.76,Cancelled,B6424,Jan 19 2025,Refrigerated,B1 1AA,urgent
T101405,OR-51654,PN010,Co-codamol 30/500 Tablet,S002,MediSupply Ltd,D002,North West Depot,PH003,City Clinic Pharmacy,2023-03-20,7,2023-03-27,500,500.0,61.82,181.42,31091.42,Partial,B1344,Feb 19 2025,Cold Chain,,short shipment
T101056,OR-29090,PN004,Atorvastatin 20mg Tablet,S001,NHS Supply Chain ,D005,East England Depot,PH006,Northside Pharmacy,2023-11-08,14,11/22/2023,0,0.0,24.85,43.83,43.83,Cancelled,B3545,Apr 14 2026,Refrigerated,SE1 9RT,urgent
T100660,OR-82373,PN005,Salbutamol Inhaler,S001,NHS Supply Chain,D002,North West Depot,PH007,Southcare Pharmacy,05/19/2023,4,05/25/2023,200,200.0,49.09,154.72,9972.72,Returned,B8570,04/11/2025,ambient,M1 2AB,call before delivery
T101101,OR-98446,PN005,Salbutamol Inhaler,S002,MediSupply Ltd,D005,East England Depot,PH008,Lakeside Pharmacy,15-Dec-2023,7,22/12/2023,150,150.0,24.14,214.97,3835.97,Cancelled,B4048,30/10/2024,Room Temp,M1 2AB,handle with care
T101220,OR-11644,PN006,Warfarin 2mg Tablet,S001,NHS Supply Chain,D005,East England Depot,PH003,City Clinic Pharmacy,2024.08.24,n/a,TBD,20,20.0,27.4,171.19,719.19,Cancelled,B5106,2025-08-11,Room Temp,B1 1AA,call before delivery
T100578,OR-18442,PN007,Omeprazole 20mg Capsule,S004,HealQuick,D003,Scotland Regional Hub,PH007,Southcare Pharmacy,11/17/2023,7,2023-11-26,300,,40.83,192.21,12441.21,Delivered,B3967,Oct 10 2024,Refrigerated,,temperature sensitive
T101329,OR-12873,PN008,Flu  Vaccine,S002,MediSupply Ltd,D002,North West Depot,PH004,Community Health Pharmacy,07/17/2023,2,19/07/2023,150,150.0,64.77,48.8,9764.3,Returned,B7809,Jul 30 2025,ambient,SE1 9RT,handle with care
T100419,OR-98241,PN002,Paracetamol 500mg Tablet,S004,HealQuick,D001,Central Hub London,PH008,Lakeside Pharmacy,16-Nov-2024,7,11/24/2024,200,200.0,30.25,197.06,6247.06,Cancelled,B1737,2026-01-27,18C,M1 2AB,handle with care
T100443,OR-36140,PN009,Metformin 500mg Tablet,S002,MediSupply Ltd,D002,North West Depot,PH006,Northside Pharmacy,24-May-2023,2,27/05/2023,150,150.0,45.15,80.77,6853.27,In Transit,B3312,May 14 2025,ambient,LS1 1UR,call before delivery
T101587,OR-32246,PN002,Paracetamol 500mg Tablet,S004,HealQuick,D002,North West Depot,PH010,University Hospital Pharmacy,07/06/2025,7,2025-06-14,250,250.0,41.51,112.74,10490.24,Delivered,B9024,Nov 27 2026,Refrigerated,Unknown,temperature sensitive
T101089,OR-18379,PN003,Insulin Glargine 100IU/ml,S005,GlobalMeds,D003,Scotland Regional Hub,PH006,Northside Pharmacy,28/04/2023,5,05/05/2023,50,50.0,29.34,183.35,1650.35,Cancelled,B2616,May 31 2024,18C,B1 1AA,temperature sensitive
T100605,OR-44237,PN002,Paracetamol 500mg Tablet,S002,MediSupply Ltd,D002,North West Depot,PH009,Midtown Pharmacy,2023/10/15,3,18/10/2023,500,500.0,71.64,291.25,36111.25,In Transit,B1082,19/03/2025,18C,Unknown,temperature sensitive
T101060,OR-68966,PN006,Warfarin 2mg Tablet,S003,UKPharma Dist,D002,North West Depot,PH005,County General Pharmacy,2025-05-20,2,23/05/2025,100,100.0,2.57,272.5,529.5,Partial,B1385,Mar 25 2026,ambient,LS1 1UR,short shipment
T101535,OR-37811,PN008,Flu Vaccine,S005,GlobalMeds,D002,North West Depot,PH004,Community Health Pharmacy,12/12/2024,5,12/18/2024,500,500.0,46.29,170.69,23315.69,Delivered,B9356,08/12/2026,Room Temp,M1 2AB,call before delivery
T101483,OR-19284,PN008,Flu Vaccine,S004,HealQuick,D004,Wales Depot,PH010,University Hospital Pharmacy,17/07/2024,14,31/07/2024,0,0.0,2.58,252.04,252.04,Returned,B2021,01/10/2026,2-8C,LS1 1UR,short shipment
T100950,OR-23619,PN006,Warfarin 2mg Tablet,S001,NHS Supply Chain,D003,Scotland Regional Hub,PH003,City Clinic Pharmacy,2024.07.10,5,2024-07-17,500,183.0,63.25,181.17,31806.17,Partial,,2026-08-19,2-8C,Unknown,temperature sensitive
T100710,OR-55663,PN007,Omeprazole 20mg Capsule,S005,GlobalMeds,D004,Wales Depot,PH001,St Thomas Hospital Pharmacy,2025/06/16,10,27 June 2025,50,50.0,26.75,204.03,TBD,Returned,,26/04/2026,ambient,LS1 1UR,short shipment
T100607,OR-68319,PN002,Paracetamol 500mg Tablet,S002,MediSupply Ltd,D004,Wales Depot,PH009,Midtown Pharmacy,01-Oct-2023,2,03/10/2023,500,294.0,28.09,83.2,14128.2,In Transit,B2643,2025-01-05,Refrigerated,B1 1AA,call before delivery
T100766,OR-44993,PN004,Atorvastatin 20mg Tablet,S003,UKPharma Dist,D002,North West Depot,PH001,St Thomas Hospital Pharmacy,06-Jan-2024,7,01/13/2024,100,100.0,£67.28,293.14,7021.14,Delivered,B4231,2026-05-07,18C,M1 2AB,handle with care
T100770,OR-63655,PN008,Flu Vaccine,S003,UKPharma Dist,D001,Central Hub London,PH003,City Clinic Pharmacy,2023-07-30,4,2023-08-03,0,0.0,£43.94,9.91,TBD,Cancelled,B7944,2025-04-18,18C,B1 1AA,handle with care
T101279,OR-74219,PN005,Salbutamol Inhaler,S003,UKPharma Dist,D002,North West Depot,PH003,City Clinic Pharmacy,06/15/2023,5,20/06/2023,20,20.0,61.4,266.65,1494.65,Delivered,B9008,2024-05-07,2 to 8°C,Unknown,call before delivery
T100322,OR-20747,PN001,Amoxicillin 500mg Capsule,S003,UKPharma Dist,D005,East England Depot,PH010,University Hospital Pharmacy,07-Aug-2024,4,2024-08-12,200,148.0,73.41,28.71,14710.71,Partial,B3843,2025-11-16,18C,Unknown,temperature sensitive
T100249,OR-68672,PN008,Flu Vaccine,S004,HealQuick,D003,Scotland Regional Hub,PH007,Southcare Pharmacy,02-Apr-2024,5,08/04/2024,20,20.0,31.19,152.25,776.05,Delivered,B6295,20/08/2025,Cold Chain,SE1 9RT,handle with care
T100317,OR-17863,PN008,Flu Vaccine,S005,GlobalMeds,D005,East England Depot,PH002,Royal Infirmary Pharmacy,2024.03.04,5,03/09/2024,200,200.0,2.3,58.96,518.96,Returned,B2094,04/07/2026,2-8C,B1 1AA,call before delivery
T101158,OR-83700,PN010,Co-codamol 30/500 Tablet,S003,UKPharma Dist,D001,Central Hub London,PH005,County General Pharmacy,01/11/2024,14,2024-11-15,200,200.0,57.21,265.57,11717.57,In Transit,B4000,15/10/2026,2 to 8°C,Unknown,handle with care
T101546,OR-27826,PN001,Amoxicillin 500mg Capsule,S003,UKPharma Dist,D001,Central Hub London,PH004,Community Health Pharmacy,02/18/2024,4,2024-02-22,300,192.0,12.42,112.5,3938.5,Delivered,3206,30/12/2025,Refrigerated,M1 2AB,temperature sensitive
T100631,OR-54615,PN006,Warfarin 2mg Tablet,S003,UKPharma Dist,D004,Wales Depot,PH010,University Hospital Pharmacy,2024/05/19,10,31/05/2024,50,50.0,44.27,221.8,2435.3,Cancelled,B8680,2025-06-30,Room Temp,Unknown,
T100757,OR-43179,PN006,Warfarin 2mg Tablet,S003,UKPharma Dist,D005,East England Depot,PH002,Royal Infirmary Pharmacy,17/11/2023,10,2023-11-27,20,20.0,13.23,162.94,427.54,In Transit,B5125,2025-06-21,18C,b1 1aa,urgent
T100608,OR-47714,PN007,Omeprazole 20mg Capsule,S001,NHS Supply Chain,D005,East England Depot,PH005,County General Pharmacy,26/10/2024,4,2024-11-01,200,129.0,57.69,121.47,11659.47,Delivered,B6897,2026-08-14,18C,SE1 9RT,temperature sensitive
T100580,OR-17019,PN007,Omeprazole 20mg Capsule,S005,GlobalMeds,D001,Central Hub London,PH007,Southcare Pharmacy,03/20/2023,14,2023-04-04,200,200.0,27.81,223.45,5785.45,Returned,B7725,2025-04-12,Refrigerated,B1 1AA,short shipment
T100965,OR-92984,PN003,insulin glargine 100iu/ml,S002,MediSupply Ltd,D004,Wales Depot,PH007,Southcare Pharmacy,12/12/2023,2,2023-12-15,10,,1.37,117.55,131.25,Delivered,,2025-04-22,18C,LS1 1UR,
T101199,OR-23057,PN010,co-codamol 30/500 tablet,S001,NHS Supply Chain,D005,East England Depot,PH008,Lakeside Pharmacy,2023-01-06,2,08/01/2023,20,20.0,£73.95,,1479.0,Delivered,B2909,20/07/2023,Cold Chain,B1 1AA,handle with care
T101188,OR-59268,PN007,Omeprazole 20mg Capsule,S004,HealQuick,D004,Wales Depot,PH003,City Clinic Pharmacy,2025.04.01,2,04/03/2025,0,0.0,36.12,289.99,289.99,In Transit,B5574,2027-06-12,Room Temp,LS1 1UR,temperature sensitive
T100085,OR-82559,PN004,Atorvastatin 20mg Tablet,S005,GlobalMeds,D004,Wales Depot,PH010,University Hospital Pharmacy,31/05/2024,2,04/06/2024,20,20.0,49.49,264.42,1254.22,In Transit,B6617,2026-03-05,Cold Chain,,short shipment
T101120,OR-73481,PN009,Metformin 500mg Tablet,S001,NHS Supply Chain,D002,North West Depot,PH007,Southcare Pharmacy,08-Jan-2025,3,2025-01-12,50,50.0,56.08,217.26,3021.26,Cancelled,B1837,24/04/2026,Room Temp,Unknown,urgent
T101515,OR-36871,PN008,Flu Vaccine,S003,UKPharma Dist,D004,Wales Depot,PH001,St Thomas Hospital Pharmacy,27-Jul-2023,4,2023-07-31,150,150.0,17.41,238.7,2850.2,In Transit,B5659,23/03/2024,Refrigerated,B1 1AA,call before delivery
T100360,OR-87200,PN009,Metformin 500mg Tablet,S005,GlobalMeds,D001,Central Hub London,PH004,Community Health Pharmacy,08/12/2023,10,2023-08-22,150,118.0,32.62,135.52,5028.52,Partial,B2774,27/05/2025,18C,B1 1AA,call before delivery
T100260,OR-67219,PN008,Flu Vaccine,S003,UKPharma Dist,D001,Central Hub London,PH004,Community Health Pharmacy,2025/02/20,5,2025-02-27,100,100.0,72.95,99.94,7394.94,Cancelled,B3317,01/12/2026,2-8C,B1 1AA,
T100282,OR-27841,PN006,Warfarin 2mg Tablet,S001,NHS Supply Chain,D002,North West Depot,PH007,Southcare Pharmacy,2025/04/19,14,03/05/2025,20,20.0,40.69,50.03,863.83,Returned,B3491,2027-07-02,ambient,LS1 1UR,temperature sensitive
T101584,OR-76378,PN001,Amoxicillin 500mg Capsule,S003,UKPharma Dist,D003,Scotland Regional Hub,PH007,Southcare Pharmacy,28/06/2023,14,07/12/2023,10,10.0,8.19,95.11,177.01,Returned,B1586,20/01/2024,2-8C,Unknown,urgent
T100353,OR-76725,PN006,Warfarin 2mg Tablet,S003,UKPharma Dist,D001,Central Hub London,PH006,Northside Pharmacy,2024-10-07,4,10/13/2024,10,3.0,14.87,60.95,209.65,Delivered,B1446,07/03/2027,18C,B1 1AA,handle with care
T100054,OR-49692,PN005,Salbutamol  Inhaler,S004,HealQuick,D003,Scotland Regional Hub,PH007,Southcare Pharmacy,2025/04/15,4,21/04/2025,100,100.0,24.78,109.5,2587.5,Returned,B1440,2027-01-27,Cold Chain,,temperature sensitive
T101098,OR-69203-DUP,PN003,Insulin Glargine 100IU/ml,S001,NHS Supply Chain,D005,East England Depot,PH004,Community Health Pharmacy,2025-05-22,5,2025-05-27,250,97.0,18.82,122.55,4827.55,Delivered,B6483,Aug 07 2027,Cold Chain,Unknown,urgent
T101489,OR-22263,PN006,Warfarin 2mg Tablet,S003,UKPharma Dist,D002,North West Depot,PH009,Midtown Pharmacy,2025-01-12,2,2025-01-15,100,100.0,9.61,182.11,1143.11,Cancelled,B7163,2026-06-20,2 to 8°C,,temperature sensitive
T100906,OR-52109,PN010,Co-codamol 30/500 Tablet,S002,MediSupply Ltd,D002,North West Depot,PH005,County General Pharmacy,2024-12-02,5,2024-12-07,50,50.0,£4.29,295.49,TBD,Partial,B2581,Mar 03 2026,ambient,LS1 1UR,urgent
T100598,OR-26187,PN007,Omeprazole 20mg Capsule,S003,UKPharma Dist,D004,Wales Depot,PH004,Community Health Pharmacy,06-Feb-2025,4,2025-02-10,500,242.0,6.61,30.89,3335.89,Partial,B7234,N/A,2 to 8°C,,urgent
T101348,OR-24862,PN009,Metformin 500mg Tablet,S001,NHS Supply Chain,D004,Wales Depot,PH006,Northside Pharmacy,02-Mar-2024,4,2024-03-06,100,100.0,52.18,125.35,5343.35,Cancelled,B4551,2025-03-10,2-8C,unknown,call before delivery
T100666,OR-51691,PN009,Metformin 500mg Tablet,S001,NHS Supply Chain,D005,East England Depot,PH009,Midtown Pharmacy,24-Feb-2023,10,07/03/2023,0,0.0,32.28,46.69,46.69,Cancelled,B8553,08/03/2025,Cold Chain,Unknown,call before delivery
T100832,OR-93052,PN010,Co-codamol  30/500  Tablet,S002,MediSupply Ltd,D004,Wales Depot,PH007,Southcare Pharmacy,04/24/2024,2,04/26/2024,150,150.0,£62.44,63.74,9429.74,Returned,B8555,2026-09-06,2-8C,Unknown,call before delivery
T100216,OR-99610,PN004,Atorvastatin 20mg Tablet,S001,NHS Supply Chain,D004,Wales Depot,PH002,Royal Infirmary Pharmacy,08/17/2023,10,2023-08-29,200,200.0,74.73,142.87,15063.37,Partial,B4497,16/03/2024,2-8C,M1 2AB,urgent
T100112,OR-81932,PN002,Paracetamol 500mg Tablet,S005,GlobalMeds,D004,Wales Depot,PH006,Northside Pharmacy,23/12/2023,7,12/30/2023,250,250.0,51.56,25.74,12915.74,Returned,5713,31/05/2026,Cold Chain,M1 2AB,urgent
T101361,OR-97792,PN009,Metformin 500mg Tablet,S003,UKPharma Dist,D002,North West Depot,PH002,Royal Infirmary Pharmacy,03/29/2024,-1,29/03/2024,50,50.0,£41.72,18.16,2104.16,Delivered,B3760,2024-10-17,2 to 8°C,N/A,temperature sensitive
T100792,OR-67859,PN008,Flu Vaccine,S003,UKPharma Dist,D001,Central Hub London,PH005,County General Pharmacy,01/04/2025,10,2025-04-11,200,60.0,21.07,262.97,4476.97,In Transit,B7855,Jun 13 2026,2 to 8°C,,call before delivery
T100169,OR-88250,PN002,Paracetamol 500mg Tablet,S003,UKPharma Dist,D005,East England Depot,PH008,Lakeside Pharmacy,2023/03/28,5,2023-04-02,300,120.0,11.23,92.04,3461.04,Returned,3973,2023-11-22,ambient,M1 2AB,
T100876,OR-30588,PN003,Insulin Glargine 100IU/ml,S004,HealQuick,D005,East England Depot,PH008,Lakeside Pharmacy,21-Feb-2025,7,02/03/2025,200,200.0,48.27,131.2,9795.2,Returned,B9245,2026-07-29,18C,M1 2AB,temperature sensitive
T100601,OR-25892,PN005,Salbutamol Inhaler,S003,UKPharma Dist,D005,East England Depot,PH009,Midtown Pharmacy,2024/05/18,7,05/26/2024,50,50.0,10.03,6.91,508.41,In Transit,B1149,22/03/2026,18C,SE1 9RT,urgent
T100463,OR-71221,PN002,paracetamol 500mg tablet,S002,MediSupply Ltd,D002,North West Depot,PH005,County General Pharmacy,29-Aug-2023,5,03/09/2023,20,20.0,0.78,242.77,258.37,Partial,B3130,May 13 2024,Cold Chain,LS1 1UR,handle with care
T101246,OR-27285,PN005,Salbutamol Inhaler,S001,NHS Supply Chain,D005,East England Depot,PH008,Lakeside Pharmacy,02/06/2023,14,06/18/2023,50,50.0,17.68,266.82,1150.82,Delivered,B9414,Oct 23 2024,Refrigerated,B1 1AA,urgent
T100018,OR-27892,PN007,Om3prazole 20mg Capsule,S005,GlobalMeds,D005,East England Depot,PH006,Northside Pharmacy,09/29/2024,14,13/10/2024,250,250.0,12.3,27.96,3102.96,Partial,B3522,20/01/2026,Cold Chain,LS1 1UR,temperature sensitive
T100415,OR-73418,PN006,Warfarin 2mg Tablet,S002,MediSupply Ltd,D004,Wales Depot,PH005,County General Pharmacy,10/01/2023,5,06/10/2023,20,20.0,30.32,140.41,746.81,Delivered,B6850,2025-06-21,2-8C,M1 2AB,
T101067,OR-62456,PN007,Omeprazole 20mg Capsule,S004,HealQuick,D001,Central Hub London,PH006,Northside Pharmacy,05/03/2023,7,,300,300.0,16.28,,4884.0,Delivered,B1741,2025-02-09,Refrigerated,Unknown,handle with care
T100280,OR-60466,PN009,Metformin 500mg Tablet,S001,NHS Supply Chain,D003,Scotland Regional Hub,PH003,City Clinic Pharmacy,2023/11/27,7,12/06/2023,50,50.0,55.87,184.5,2978.0,Cancelled,B8571,08/11/2025,2 to 8°C,M1 2AB,short shipment
T100420,OR-74297,PN007,Omeprazole 20mg Capsule,S005,GlobalMeds,D002,North West Depot,PH010,University Hospital Pharmacy,11/25/2023,4,2023-11-29,200,200.0,37.46,44.9,7536.9,In Transit,B8045,Feb 17 2026,Refrigerated,ls1 1ur,temperature sensitive
T101331,OR-19979,PN009,Metformin 500mg Tablet,S001,NHS Supply Chain,D002,North West Depot,PH007,Southcare Pharmacy,02-Feb-2024,3,05 February 2024,20,20.0,61.01,290.37,1510.57,Cancelled,B2263,03/08/2024,ambient,M1 2AB,temperature sensitive
T100486,OR-60816,PN005,salbutamol inhaler,S005,GlobalMeds,D003,Scotland Regional Hub,PH006,Northside Pharmacy,08-May-2024,5,2024-05-13,50,29.0,48.74,66.64,2503.64,Cancelled,B8488,23/11/2025,2 to 8°C,M1 2AB,temperature sensitive
T101267,OR-36503,PN002,Paracetamol 500mg Tablet,S003,UKPharma Dist,D004,Wales Depot,PH006,Northside Pharmacy,22/08/2024,2,2024-08-26,100,100.0,8.65,142.32,1007.32,Partial,B5811,10/03/2025,Refrigerated,M1 2AB,"handle with care
please confirm"
T100031,OR-68841,PN006,Warfarin 2mg Tablet,S005,GlobalMeds,D005,East England Depot,PH006,Northside Pharmacy,19-Jan-2023,3,2023-01-22,100,100.0,£66.33,101.03,TBD,Partial,B3962,2025-04-17,18C,LS1 1UR,temperature sensitive
T101415,OR-80181,PN004,Atorvastatin 20mg Tablet,S003,UKPharma Dist ,D004,Wales Depot,PH008,Lakeside Pharmacy,2025/01/24,14,07/02/2025,100,,40.22,91.13,4113.13,Delivered,B3876,May 10 2026,18C,SE1 9RT,urgent
T100205,OR-17968,PN005,Salbutamol Inhaler,S002,MediSupply Ltd,D001,Central Hub London,PH010,University Hospital Pharmacy,01/11/2024,5,07/11/2024,50,50.0,53.51,253.83,2929.33,Cancelled,B2923,Jul 08 2025,Refrigerated,B1 1AA,urgent
T100431,OR-30973,PN004,Atorvastatin 20mg Tablet,S001,NHS Supply Chain,D004,Wales Depot,PH009,Midtown Pharmacy,2024/09/05,n/a,,0,0.0,26.53,56.84,56.84,Returned,B3976,2026-12-13,Refrigerated,LS1 1UR,temperature sensitive
T100602,OR-31862,PN005,Salbutamol Inhaler,S003,UKPharma Dist,D005,East England Depot,PH005,County General Pharmacy,2023-11-12,14,2023-11-26,20,20.0,30.96,169.32,788.52,Partial,B5191,Oct 21 2025,Refrigerated,LS1 1UR,call before delivery
T100654,OR-90244,PN009,Metformin 500mg Tablet,S003,UKPharma Dist,D002,North West Depot,PH004,Community Health Pharmacy,2024.12.07,-2,2024-12-05,300,300.0,11.1,298.73,3628.73,Delivered,B3319,N/A,Refrigerated,LS1 1UR,temperature sensitive
T100209,OR-29689,PN005,Salbutamol Inhaler,S003,UKPharma Dist,D001,Central Hub London,PH002,Royal Infirmary Pharmacy,11-Jul-2024,n/a,,0,0.0,69.17,214.46,214.46,Delivered,B5617,29/09/2026,2-8C,Unknown,handle with care
T101493,OR-45980,PN006,Warfarin 2mg Tablet,S003,UKPharma Dist,D001,Central Hub London,PH001,St Thomas Hospital Pharmacy,???,5,02/04/2025,-999,500.0,free,28.2,,Returned,B5571,2026-03-19,Refrigerated,B1 1AA,
T100924,OR-22103,PN001,Amoxicillin  500mg  Capsule,S002,MediSupply Ltd,D002,North West Depot,PH004,Community Health Pharmacy,09/02/2024,10,13/09/2024,150,119.0,34.56,222.78,5416.78,Partial,B3933,12/03/2026,2-8C,LS1 1UR,
T100814,OR-91811,PN005,Salbutamol Inhaler,S005,GlobalMeds,D004,Wales Depot,PH006,Northside Pharmacy,03-Mar-2025,3,03/07/2025,10,10.0,62.29,253.71,876.61,Cancelled,B3585,2027-04-25,Refrigerated,,handle with care
T100321,OR-96546,PN007,Omeprazole 20mg Capsule,S005,GlobalMeds,D001,Central Hub London,PH005,County General Pharmacy,05/08/2023,-1,08/05/2023,300,300.0,4.3,178.58,1468.58,Delivered,B3013,2023-12-29,ambient,Unknown,call before delivery
T100478,OR-17397,PN001,Amoxicillin 500mg Capsule,S003,UKPharma Dist,D001,Central Hub London,PH004,Community Health Pharmacy,05/25/2025,14,2025-06-08,20,20.0,10.35,169.3,376.3,In Transit,B5414,Feb 21 2026,2-8C,M1 2AB,short shipment
T101507,OR-25731,PN008,Flu Vaccine,S003,UKPharma Dist,D001,Central Hub London,PH003,City Clinic Pharmacy,2023-08-07,14,,250,250.0,24.21,189.93,6242.43,Delivered,B7058,20/02/2024,Cold Chain,Unknown,short shipment
T100183,OR-96117,PN003,Insulin Glargine 100IU/ml,S001,NHS Supply Chain,D003,Scotland Regional Hub,PH009,Midtown Pharmacy,2023-10-26,10,11/07/2023,150,150.0,34.09,138.65,5252.15,Partial,B7542,N/A,ambient,B1 1AA,temperature sensitive
T100485,OR-77596,PN007,Omeprazole 20mg Capsule,S001,NHS Supply Chain,D001,Central Hub London,PH008,Lakeside Pharmacy,2024/09/26,3,2024-09-29,100,100.0,26.23,150.29,2773.29,Returned,B1176,19/01/2026,18C,B1 1AA,handle with care
T101094,OR-46122,PN005,Salbutamol Inhaler,S001,NHS Supply Chain,D005,East England Depot,PH005,County General Pharmacy,2025-04-13,3,,250,250.0,23.66,181.87,6096.87,Partial,B1036,Jan 06 2027,Cold Chain,SE1 9RT,
T100336,OR-12244,PN002,Paracetamol 500mg Tablet,S002,MediSupply Ltd,D001,Central Hub London,PH010,University Hospital Pharmacy,2025-04-03,3,04/06/2025,150,150.0,58.3,186.32,8931.32,Delivered,B4715,18/02/2027,Cold Chain,M1 2AB,temperature sensitive
T100609,OR-44405,PN005,Salbutamol Inhaler,S003,UKPharma Dist,D002,North West Depot,PH006,Northside Pharmacy,01/10/2024,4,01/15/2024,100,100.0,16.44,258.21,1902.21,Cancelled,B6636,12/03/2026,ambient,SE1 9RT,urgent
T100142,OR-12299,PN003,Insulin Glargine 100IU/ml,S004,HealQuick ,D005,East England Depot,PH005,County General Pharmacy,2024/05/20,n/a,unknown,100,100.0,67.01,206.35,6907.35,Cancelled,B2093,Nov 21 2025,Cold Chain,,
T100487,OR-97277,PN007,Omeprazole 20mg Capsule,S001,NHS Supply Chain,D001,Central Hub London,PH009,Midtown Pharmacy,2024/01/17,7,01/26/2024,10,10.0,48.91,87.02,576.12,Partial,,2024-08-21,Cold Chain,LS1 1UR,
T100355,OR-24202,PN001,Amoxicillin 500mg Capsule,S002,MediSupply Ltd,D005,East England Depot,PH010,University Hospital Pharmacy,10/02/2024,7,10/10/2024,500,500.0,7.18,235.06,3825.06,Returned,B6412,N/A,Refrigerated,Unknown,urgent
T100082,OR-73979,PN006,Warfarin 2mg Tablet,S001,NHS Supply Chain,D001,Central Hub London,PH003,City Clinic Pharmacy,10/11/2024,5,15/11/2024,200,200.0,36.13,50.03,7276.03,In Transit,B8908,Apr 03 2027,Cold Chain,unknown,call before delivery
T101236,OR-17900,PN010,Co-codamol 30/500 Tablet,S003,UKPharma Dist,D001,Central Hub London,PH006,Northside Pharmacy,19/04/2024,7,2024-04-26,500,500.0,59.04,229.83,29749.83,Cancelled,B3413,2026-05-23,Cold Chain,SE1 9RT,temperature sensitive
T100492,OR-27494,PN004,Atorvastatin  20mg  Tablet,S001,NHS Supply Chain,D005,East England Depot,PH003,City Clinic Pharmacy,09/07/2024,10,18/09/2024,1603,1603.0,72.46,194.05,116347.43,Partial,B7930,Feb 05 2027,Cold Chain,B1 1AA,"urgent
please confirm"
T100048,OR-25376,PN007,Omeprazole 20mg Capsule,S002,MediSupply Ltd,D005,East England Depot,PH008,Lakeside Pharmacy,04/09/2023,10,14/09/2023,20,11.0,28.15,15.46,578.46,Delivered,B4082,Oct 24 2025,Room Temp,M1 2AB,urgent
T100460,OR-76452,PN002,Paracetamol 500mg Tablet,S005,GlobalMeds,D003,Scotland Regional Hub,PH006,Northside Pharmacy,28/05/2024,14,,150,150.0,33.76,179.17,5243.17,Cancelled,B8076,Jan 17 2025,Room Temp,,call before delivery
T101181,OR-58132,PN008,Flu Vaccine,S005,GlobalMeds,D005,East England Depot,PH005,County General Pharmacy,2025-01-14,4,2025-01-19,20,20.0,68.06,94.66,1455.86,Cancelled,B2837,11/11/2025,2-8C,,call before delivery
T100150,OR-29365,PN004,Atorvastatin 20mg Tablet,S005,GlobalMeds,D001,Central Hub London,PH010,University Hospital Pharmacy,2025/03/31,3,04/04/2025,300,300.0,50.53,188.35,15347.35,Partial,B8656,Jul 12 2027,2 to 8°C,LS1 1UR,
T100871,OR-55956,PN009,Metformin 500mg Tablet,S002,MediSupply Ltd,D002,North West Depot,PH009,Midtown Pharmacy,05/24/2025,5,05/29/2025,100,100.0,55.45,,5545.0,Returned,B1160,25/03/2026,18C,Unknown,temperature sensitive
T101207,OR-50665,PN008,Flu Vaccine,S005,GlobalMeds,D005,East England Depot,PH001,St Thomas Hospital Pharmacy,2023.01.19,2,21 January 2023,20,16.0,6.44,250.4,379.2,Delivered,B2278,2024-11-06,ambient,,handle with care
T100482,OR-54917,PN006,Warfarin 2mg Tablet,S002,MediSupply Ltd,D001,Central Hub London,PH002,Royal Infirmary Pharmacy,30/06/2024,14,14/07/2024,300,300.0,1.45,48.76,483.76,Returned,B1187,08/09/2026,Cold Chain,,"temperature sensitive
please confirm"
T101184,OR-71907,PN009,Metformin 500mg Tablet,S002,MediSupply Ltd,D004,Wales Depot,PH002,Royal Infirmary Pharmacy,27/02/2024,5,03/03/2024,20,20.0,70.04,186.83,1587.63,Returned,B8571,Mar 05 2026,18C,,urgent
T101395,OR-51733,PN008,Flu Vaccine,S003,UKPharma Dist,D002,North West Depot,PH003,City Clinic Pharmacy,2023/07/03,5,08/07/2023,150,150.0,37.17,277.33,5852.83,Returned,B4880,2025-04-25,,B1 1AA,urgent
T100922,OR-74474,PN006,Warfarin 2mg Tablet,S004,HealQuick,D001,Central Hub London,PH005,County General Pharmacy,23/06/2023,14,07/08/2023,10,10.0,8.39,149.7,233.6,Returned,B2591,2024-12-31,2-8C,,temperature sensitive
T101336,OR-96762,PN006,Warfarin 2mg Tablet,S005,GlobalMeds,D002,North West Depot,PH003,City Clinic Pharmacy,05/06/2023,-2,06/04/2023,250,250.0,6.68,275.95,TBD,Partial,B8654,27/05/2024,2-8C,,temperature sensitive
T101581,OR-23304,PN004,atorvastatin 20mg tablet,S003,UKPharma Dist,D002,North West Depot,PH002,Royal Infirmary Pharmacy,2023/09/20,14,10/04/2023,250,250.0,48.22,172.24,12227.24,Cancelled,B2935,Mar 04 2026,2-8C,SE1 9RT,handle with care
T101508,OR-83197,PN005,Salbutamol Inhaler,S003,UKPharma Dist,D003,Scotland Regional Hub,PH006,Northside Pharmacy,2023/03/23,10,04/02/2023,200,200.0,65.8,40.33,13200.33,Delivered,B9899,Nov 24 2023,18C,Unknown,handle with care
T100174,OR-23346,PN001,Amoxicillin 500mg Capsule,S001,NHS Supply Chain,D003,Scotland Regional Hub,PH005,County General Pharmacy,2023.03.06,5,2023-03-12,50,50.0,£18.14,179.99,TBD,Partial,B2401,Oct 06 2023,2-8C,SE1 9RT,handle with care
T101071,OR-34433,PN008,Flu Vaccine,S004,HealQuick,D004,Wales Depot,PH003,City Clinic Pharmacy,13-Jun-2023,4,2023-06-17,300,300.0,55.11,65.44,16598.44,Returned,B7374,Jan 28 2025,2-8C,SE1 9RT,handle with care
T100713,OR-35799,PN007,Omeprazole 20mg Capsule,S001,NHS Supply Chain,D003,Scotland Regional Hub,PH004,Community Health Pharmacy,05/12/2023,3,2023-12-09,500,500.0,53.98,264.96,27254.96,Cancelled,B4706,Mar 12 2025,2 to 8°C,SE1 9RT,temperature sensitive
T101323,OR-79322,PN008,Flu Vaccine,S001,NHS Supply Chain,D003,Scotland Regional Hub,PH002,Royal Infirmary Pharmacy,23-Dec-2024,14,,20,,£23.1,47.46,TBD,Partial,B4362,2026-05-04,ambient,SE1 9RT,handle with care
T100518,OR-81061,PN008,flu vaccine,S005,GlobalMeds,D001,Central Hub London,PH006,Northside Pharmacy,2023/04/05,14,2023-04-19,150,150.0,62.78,70.67,9487.67,Partial,B9234,2023-10-29,Room Temp,Unknown,temperature sensitive
T100579,OR-63637,PN005,Salbutamol  Inhaler,S005,GlobalMeds,D002,North West Depot,PH003,City Clinic Pharmacy,09/06/2024,n/a,TBD,10,10.0,4.48,134.46,179.26,Returned,B8816,Jul 24 2026,Refrigerated,B1 1AA,temperature sensitive
T100931,OR-77914,PN007,Omeprazole 20mg Capsule,S003,UKPharma Dist,D002,North West Depot,PH002,Royal Infirmary Pharmacy,04-Nov-2024,4,09/11/2024,10,10.0,68.75,195.93,883.43,Returned,B8846,Dec 22 2025,2 to 8°C,b1 1aa,urgent
T100358,OR-63955,PN007,Omeprazole 20mg Capsule,S004,HealQuick,D002,North West Depot,PH010,University Hospital Pharmacy,2023-12-09,2,12/12/2023,150,150.0,15.09,123.34,2386.84,In Transit,5425,Oct 26 2025,ambient,SE1 9RT,urgent
T100691,OR-21081,PN001,Amoxicillin 500mg Capsule,S003,UKPharma Dist ,D002,North West Depot,PH007,Southcare Pharmacy,02-Apr-2025,n/a,unknown,300,300.0,35.8,125.99,10865.99,Cancelled,B6494,2026-02-03,Refrigerated,M1 2AB,temperature sensitive
T100418,OR-42065,PN008,Flu Vaccine,S003,UKPharma Dist,D004,Wales Depot,PH008,Lakeside Pharmacy,25-Jul-2023,4,2023-07-29,20,20.0,22.26,297.12,742.32,In Transit,B6795,Feb 10 2025,ambient,,call before delivery
T101247,OR-32287,PN009,Metformin 500mg Tablet,S003,UKPharma Dist,D003,Scotland Regional Hub,PH008,Lakeside Pharmacy,2024-09-05,5,2024-09-12,0,0.0,64.88,3.41,103.41,In Transit,9787,Dec 17 2026,Room Temp,LS1 1UR,
T101270,OR-71030,PN003,Insulin Glargine 100IU/ml,S001,NHS Supply Chain ,D004,Wales Depot,PH010,University Hospital Pharmacy,27-Apr-2024,2,2024-05-01,150,150.0,14.12,193.01,2311.01,Delivered,B1289,Nov 19 2025,18C,B1 1AA,temperature sensitive
T100341,OR-42020,PN009,Metformin 500mg Tablet,S002,MediSupply Ltd,D001,Central Hub London,PH008,Lakeside Pharmacy,2025/03/15,5,22/03/2025,200,200.0,58.69,295.95,12033.95,In Transit,B7075,Aug 18 2027,Refrigerated,,
T101136,OR-76511,PN010,Co-codamol 30/500 Tablet,S002,MediSupply Ltd,D002,North West Depot,PH002,Royal Infirmary Pharmacy,26-Dec-2024,5,02/01/2025,50,50.0,20.95,270.1,1317.6,Cancelled,,03/08/2026,2-8C,LS1 1UR,call before delivery
T101565,OR-34779,PN005,Salbutamol Inhaler,S003,UKPharma Dist,D003,Scotland Regional Hub,PH003,City Clinic Pharmacy,2023/09/04,7,11/09/2023,10,10.0,61.4,173.81,787.81,Cancelled,B6116,Oct 20 2024,2-8C,B1 1AA,short shipment
T100534,OR-61069,PN008,Flu Vaccine,S002,MediSupply Ltd,D002,North West Depot,PH007,Southcare Pharmacy,12-May-2025,5,05/17/2025,500,500.0,20.04,200.33,10220.33,Partial,B8539,Jan 01 2027,2-8C,Unknown,short shipment
T100828,OR-11495,PN010,Co-codamol 30/500 Tablet,S004,HealQuick,D002,North West Depot,PH004,Community Health Pharmacy,31-Jul-2024,14,08/14/2024,10,10.0,58.24,211.64,804.04,In Transit,,N/A,2 to 8°C,,short shipment
T100665,OR-30811,PN007,Omeprazole 20mg Capsule,S002,MediSupply Ltd,D005,East England Depot,PH002,Royal Infirmary Pharmacy,2025/01/28,5,02 February 2025,0,0.0,4.65,153.27,153.27,Cancelled,B1887,23/04/2027,18C,LS1 1UR,urgent
T100238,OR-64141,PN002,Paracetamol 500mg Tablet,S001,NHS Supply Chain,D002,North West Depot,PH005,County General Pharmacy,2025-01-10,5,,0,0.0,28.76,144.65,TBD,In Transit,B7993,Nov 04 2025,ambient,M1 2AB,urgent
T101398,OR-96527,PN005,Salbutamol Inhaler,S004,HealQuick,D003,Scotland Regional Hub,PH009,Midtown Pharmacy,2024/09/11,3,09/14/2024,0,0.0,74.67,233.68,233.68,Delivered,B7794,04/04/2025,18C,,temperature sensitive
T100307,OR-18899,PN005,Salbutamol  Inhaler,S001,NHS Supply Chain,D002,North West Depot,PH008,Lakeside Pharmacy,10/02/2024,7,2024-10-10,250,82.0,24.83,249.54,6467.04,Cancelled,B6351,05/05/2025,Refrigerated,SE1 9RT,call before delivery
T100427,OR-51312,PN009,Metformin 500mg Tablet,S002,MediSupply Ltd,D003,Scotland Regional Hub,PH007,Southcare Pharmacy,05-Feb-2024,14,2024-02-19,20,20.0,30.39,263.34,871.14,Cancelled,B8224,12/07/2026,2 to 8°C,SE1 9RT,temperature sensitive
T101514,OR-90487,PN010,Co-codamol 30/500 Tablet,S001,NHS Supply Chain,D004,Wales Depot,PH007,Southcare Pharmacy,21/02/2025,4,,250,,71.21,144.12,17946.62,Returned,B8303,2026-10-29,2-8C,Unknown,temperature sensitive
T101320,OR-77507,PN002,Paracetamol 500mg Tablet,S005,GlobalMeds,D001,Central Hub London,PH004,Community Health Pharmacy,2023-10-02,14,16 October 2023,50,50.0,46.69,87.0,2421.5,Cancelled,B9859,Mar 08 2025,2 to 8°C,SE1 9RT,urgent
T100303,OR-70508,PN007,Omeprazole 20mg Capsule,S003,UKPharma Dist,D003,Scotland Regional Hub,PH005,County General Pharmacy,11/02/2025,2,13/02/2025,250,250.0,68.77,203.46,17395.96,Cancelled,B8871,13/06/2026,Refrigerated,B1 1AA,call before delivery
T100422,OR-58622,PN005,Salbutamol Inhal3r,S004,HealQuick,D003,Scotland Regional Hub,PH005,County General Pharmacy,07/11/2024,4,2024-07-16,50,40.0,2.96,209.71,457.71,Partial,B7989,2026-04-27,18C,M1 2AB,urgent
T100365,OR-73932,PN009,Metformin 500mg Tablet,S002,MediSupply Ltd,D005,East England Depot,PH002,Royal Infirmary Pharmacy,12/15/2023,2,17/12/2023,250,250.0,13.3,208.38,3533.38,Cancelled,B9265,2025-07-17,18C,M1 2AB,short shipment
T101178,OR-52945,PN009,Metformin 500mg Tablet,S004,HealQuick,D005,East England Depot,PH004,Community Health Pharmacy,2025/05/14,5,,100,100.0,14.26,64.67,1490.67,Returned,B2513,2026-09-14,ambient,M1 2AB,call before delivery
T100176,OR-10881,PN005,Salbutamol Inhaler,S005,GlobalMeds,D001,Central Hub London,PH004,Community Health Pharmacy,2024/06/03,5,08/06/2024,250,250.0,43.59,125.61,11023.11,Delivered,B1060,Nov 09 2026,Room Temp,,call before delivery
T100571,OR-41135,PN004,Atorvastatin 20mg Tablet,S004,HealQuick,D003,Scotland Regional Hub,PH006,Northside Pharmacy,03-Feb-2023,14,02/17/2023,250,250.0,16.54,159.3,4294.3,Cancelled,B2481,2025-05-28,ambient,B1 1AA,call before delivery
T100872,OR-55210,PN006,Warfarin 2mg Tablet,S001,NHS Supply Chain,D005,East England Depot,PH007,Southcare Pharmacy,2024/05/13,4,05/17/2024,200,200.0,57.33,90.1,11556.1,Returned,B4749,2026-03-15,Room Temp,,short shipment
T100823,OR-69608,PN001,Amoxicillin 500mg Capsule,S002,MediSupply Ltd,D005,East England Depot,PH002,Royal Infirmary Pharmacy,08-Mar-2024,2,03/11/2024,10,10.0,43.01,140.01,670.11,Cancelled,B4706,2024-09-08,Room Temp,LS1 1UR,urgent
T101467,OR-73706,PN007,Omeprazole 20mg Capsule,S004,HealQuick,D001,Central Hub London,PH004,Community Health Pharmacy,2024-01-10,10,21/01/2024,250,250.0,14.47,34.3,3651.8,Cancelled,B8129,07/11/2025,18C,M1 2AB,short shipment
T100291,OR-18580,PN010,Co-codamol 30/500 Tablet,S002,MediSupply Ltd,D005,East England Depot,PH004,Community Health Pharmacy,2023-12-20,3,2023-12-25,250,250.0,70.58,87.43,17732.43,Returned,B2633,Feb 24 2026,ambient,,temperature sensitive
T101180,OR-59269,PN009,Metformin 500mg Tablet,S003,UKPharma Dist,D003,Scotland Regional Hub,PH006,Northside Pharmacy,26/03/2024,4,03/30/2024,50,,£72.91,2.28,TBD,Cancelled,B8816,2025-03-02,Refrigerated,LS1 1UR,temperature sensitive
T100453,OR-94631,PN006,Warfarin 2mg Tablet,S003,UKPharma Dist,D004,Wales Depot,PH010,University Hospital Pharmacy,08-May-2025,3,05/11/2025,500,500.0,11.26,139.68,5769.68,Partial,B7386,2027-06-15,Room Temp,LS1 1UR,urgent
T101598,OR-97398,PN008,Flu Vaccine,S002,MediSupply Ltd,D005,East England Depot,PH009,Midtown Pharmacy,2025/02/20,n/a,TBD,300,238.0,48.3,266.84,14756.84,Cancelled,B7640,2026-12-20,2 to 8°C,N/A,short shipment
T101466,OR-30949,PN007,Omeprazole 20mg Capsule,S005,GlobalMeds,D004,Wales Depot,PH005,County General Pharmacy,08/20/2024,4,2024-08-24,100,100.0,22.91,260.1,2551.1,Delivered,B2070,Nov 14 2026,Cold Chain,B1 1AA,
T100372,OR-76311,PN002,Paracetamol 500mg Tablet,S005,GlobalMeds,D002,North West Depot,PH008,Lakeside Pharmacy,13/03/2023,3,2023-03-18,150,150.0,£10.23,202.57,TBD,Cancelled,B1889,N/A,2-8C,Unknown,call before delivery
T100827,OR-14451,PN007,Omeprazole 20mg Capsule,S001,NHS Supply Chain,D004,Wales Depot,PH006,Northside Pharmacy,2023/05/21,3,05/26/2023,100,100.0,71.8,79.06,7259.06,Cancelled,B6240,2025-01-09,18C,Unknown,call before delivery
T100122,OR-92505,PN006,Warfarin 2mg Tablet,S003,UKPharma Dist ,D002,North West Depot,PH006,Northside Pharmacy,25/07/2023,7,2023-08-01,0,0.0,41.43,241.2,241.2,Cancelled,B6549,12/03/2024,18C,LS1 1UR,urgent
T100824,OR-64143,PN010,Co-codamol 30/500 Tablet,S003,UKPHARMA DIST,D003,Scotland Regional Hub,PH001,St Thomas Hospital Pharmacy,2025-05-08,10,18/05/2025,20,20.0,56.24,68.78,1193.58,Delivered,3478,Jul 10 2026,2-8C,LS1 1UR,call before delivery
T100826,OR-71185,PN004,Atorvastatin 20mg Tablet,S003,UKPharma Dist,D004,Wales Depot,PH006,Northside Pharmacy,02/29/2024,7,07 March 2024,250,250.0,58.08,256.29,14776.29,Delivered,B3621,2026-05-02,Refrigerated,B1 1AA,
T100350,OR-61736,PN004,Atorvastatin 20mg Tablet,S002,MediSupply Ltd,D001,Central Hub London,PH002,Royal Infirmary Pharmacy,04/26/2024,14,05/10/2024,50,50.0,25.2,249.53,1509.53,Delivered,B1942,2025-08-17,Room Temp,M1 2AB,short shipment
T101294,OR-71476,PN004,Atorvastatin 20mg Tablet,S001,NHS Supply Chain ,D004,Wales Depot,PH002,Royal Infirmary Pharmacy,2024.09.03,10,2024-09-13,10,10.0,£11.25,182.08,TBD,Partial,B7943,2025-12-27,Refrigerated,LS1 1UR,short shipment
T100204,OR-89261,PN007,Omeprazole  20mg  Capsule,S004,HealQuick,D002,North West Depot,PH004,Community Health Pharmacy,12/11/2023,7,18/12/2023,200,139.0,24.46,181.96,5073.96,Partial,B5986,N/A,Refrigerated,B1 1AA,handle with care
T100135,OR-82450,PN006,Warfarin 2mg Tablet,S002,MediSupply Ltd,D001,Central Hub London,PH004,Community Health Pharmacy,01/25/2025,5,01 February 2025,50,50.0,54.13,60.66,2767.16,Delivered,B2820,05/11/2026,Room Temp,Unknown,short shipment
T101144,OR-82625,PN006,Warfarin 2mg Tablet,S005,GlobalMeds,D004,Wales Depot,PH008,Lakeside Pharmacy,2025/01/08,5,13/01/2025,200,200.0,£18.15,,3630.0,Cancelled,B8802,Mar 25 2027,Cold Chain,B1 1AA,handle with care
T101065,OR-99989,PN008,Flu Vaccine,S002,MediSupply Ltd,D004,Wales Depot,PH008,Lakeside Pharmacy,08/12/2024,4,2024-12-12,100,100.0,30.56,224.66,3280.66,Returned,3521,2025-10-14,2-8C,Unknown,temperature sensitive
T101439,OR-88386,PN005,Salbutamol Inhaler,S001,NHS Supply Chain,D002,North West Depot,PH007,Southcare Pharmacy,02-Jul-2023,2,06/07/2023,50,50.0,16.4,276.28,TBD,In Transit,B8036,Oct 05 2024,Refrigerated,M1 2AB,
T101259,OR-18950,PN005,Salbutamol Inhaler,S005,GlobalMeds,D001,Central Hub London,PH003,City Clinic Pharmacy,10/26/2023,5,2023-11-02,10,10.0,16.6,63.94,229.94,Returned,B5224,2025-02-27,18C,LS1 1UR,
T101208,OR-69974,PN010,Co-codamol 30/500 Tablet,S005,GlobalMeds,D004,Wales Depot,PH006,Northside Pharmacy,09/27/2024,2,29/09/2024,10,6.0,17.21,252.85,424.95,Returned,B7202,06/06/2025,Cold Chain,Unknown,short shipment
T100589,OR-77128,PN007,Omeprazole 20mg Capsule,S002,MediSupply Ltd,D002,North West Depot,PH005,County General Pharmacy,2023/07/02,5,07/07/2023,0,0.0,18.43,147.15,147.15,Cancelled,B2168,09/09/2024,Refrigerated,,
T101015,OR-21885,PN004,Atorvastatin 20mg Tablet,S005,GlobalMeds,D004,Wales Depot,PH002,Royal Infirmary Pharmacy,2023.03.24,2,2023-03-28,100,100.0,45.47,67.01,4614.01,Partial,B4366,29/07/2024,18C,Unknown,temperature sensitive
T100842,OR-32120,PN006,Warfarin 2mg Tablet,S005,GlobalMeds,D005,East England Depot,PH003,City Clinic Pharmacy,2023-06-10,3,06/13/2023,300,300.0,33.32,291.66,10287.66,In Transit,B1745,2024-02-03,18C,,short shipment
T100564,OR-16526,PN004,Atorvastatin 20mg Tablet,S001,NHS Supply Chain,D003,Scotland Regional Hub,PH002,Royal Infirmary Pharmacy,03/02/2025,14,2025-03-16,150,150.0,6.48,,972.0,Cancelled,B1071,Mar 05 2026,18C,Unknown,temperature sensitive
T100010,OR-54020,PN002,Paracetamol 500mg Tablet,S004,HealQuick,D001,Central Hub London,PH002,Royal Infirmary Pharmacy,03/08/2025,14,2025-03-22,250,250.0,66.91,151.43,16878.93,In Transit,B8777,15/05/2026,2 to 8°C,LS1 1UR,
T101553,OR-50251,PN008,Flu Vaccine,S003,UKPharma Dist,D001,Central Hub London,PH008,Lakeside Pharmacy,06/20/2023,14,05/07/2023,10,10.0,69.64,203.87,900.27,Cancelled,B5785,2025-08-12,2 to 8°C,LS1 1UR,urgent
T100277,OR-85799,PN004,Atorvastatin 20mg Tablet,S005,GlobalMeds,D002,North West Depot,PH005,County General Pharmacy,2023.07.05,7,2023-07-12,150,150.0,74.33,,11149.5,Partial,7145,01/08/2024,Cold Chain,B1 1AA,
T100286,OR-67379,PN007,Omeprazole 20mg Capsule,S003,UKPharma Dist,D003,Scotland Regional Hub,PH004,Community Health Pharmacy,10/11/2023,4,2023-10-16,300,300.0,13.32,105.54,4101.54,In Transit,B6010,09/07/2024,Refrigerated,B1 1AA,call before delivery
T100622,OR-44721,PN007,Omeprazole 20mg Capsule,S003,UKPharma Dist,D002,North West Depot,PH001,St Thomas Hospital Pharmacy,17/03/2025,7,26 March 2025,0,0.0,19.76,119.65,119.65,Cancelled,B7419,2026-02-03,Room Temp,B1 1AA,
T100850,OR-25777,PN006,Warfarin 2mg Tablet,S002,MediSupply Ltd,D005,East England Depot,PH008,Lakeside Pharmacy,2024/08/12,14,28/08/2024,150,150.0,62.77,282.01,9697.51,Partial,B1980,Jan 04 2026,18C,M1 2AB,temperature sensitive
T100125,OR-94985,PN006,Warfarin 2mg Tablet,S004,HealQuick,D001,Central Hub London,PH010,University Hospital Pharmacy,2023/01/09,5,01/14/2023,0,0.0,64.99,118.28,118.28,Partial,B4460,Nov 05 2024,Cold Chain,M1 2AB,call before delivery
T100318,OR-39454,PN001,Amoxicillin 500mg Capsule,S001,NHS Supply Chain,D003,Scotland Regional Hub,PH004,Community Health Pharmacy,05/31/2025,3,03/06/2025,300,300.0,11.33,296.96,3695.96,Partial,B6926,22/08/2026,2-8C,ls1 1ur,handle with care
T101214,OR-77691,PN008,Flu Vaccine,S002,MediSupply Ltd,D003,Scotland Regional Hub,PH003,City Clinic Pharmacy,08-Oct-2023,5,2023-10-14,100,100.0,21.16,62.6,2178.6,Partial,B4349,2025-07-15,ambient,Unknown,handle with care
T100555,OR-36528,PN003,Insulin Glargine 100IU/ml,S003,UKPharma Dist,D005,East England Depot,PH004,Community Health Pharmacy,19/01/2024,10,01/31/2024,150,150.0,44.7,47.77,6752.77,Partial,B8896,30/08/2024,Refrigerated,LS1 1UR,"urgent
please confirm"
T100968,OR-53991,PN006,Warfarin 2mg Tablet,S001,NHS Supply Chain ,D001,Central Hub London,PH007,Southcare Pharmacy,2025/01/06,5,12/01/2025,500,500.0,45.96,78.32,23058.32,Cancelled,B5868,06/12/2025,2-8C,SE1 9RT,
T100740,OR-83748,PN010,Co-codamol 30/500 Tablet,S002,MediSupply Ltd,D001,Central Hub London,PH005,County General Pharmacy,20-Mar-2024,4,2024-03-24,300,300.0,10.73,172.33,3391.33,Delivered,B7698,28/12/2024,2 to 8°C,SE1 9RT,urgent
T101319,OR-37793,PN008,Flu Vaccine,S005,GlobalMeds,D004,Wales Depot,PH003,City Clinic Pharmacy,03-Jul-2024,5,2024-07-08,20,20.0,40.34,263.59,1070.39,Delivered,B1906,21/02/2026,ambient,B1 1AA,call before delivery
T100744,OR-41210-DUP,PN002,Paracetamol 500mg Tablet,S001,NHS Supply Chain,D002,North West Depot,PH003,City Clinic Pharmacy,2025-05-31,3,05/06/2025,150,150.0,£11.13,20.65,1690.15,Cancelled,B9919,Oct 16 2026,Room Temp,LS1 1UR,urgent
T101504,OR-66081,PN010,Co-codamol 30/500 Tablet,S004,HealQuick,D002,North West Depot,PH006,Northside Pharmacy,2024/09/02,10,09/12/2024,50,50.0,24.05,212.12,1414.62,Returned,B3212,02/08/2025,Cold Chain,M1 2AB,short shipment
T100153,OR-13584,PN004,Atorvastatin 20mg Tablet,S003,UKPharma Dist,D005,East England Depot,PH004,Community Health Pharmacy,05/28/2025,5,2025-06-03,20,20.0,£30.77,259.93,875.33,Partial,B6451,Mar 06 2026,ambient,M1 2AB,short shipment
T100804,OR-42303,PN004,Atorvastatin 20mg Tablet,S004,HealQuick,D005,East England Depot,PH010,University Hospital Pharmacy,2023.02.10,4,02/14/2023,100,32.0,29.77,257.34,3234.34,Returned,B4198,08/11/2023,2 to 8°C,N/A,call before delivery
T100507,OR-41705,PN006,Warfarin 2mg Tablet,S001,NHS Supply Chain,D005,East England Depot,PH009,Midtown Pharmacy,02/12/2024,4,16/02/2024,300,300.0,47.23,286.45,14455.45,In Transit,B8835,2024-11-08,,,
T101137,OR-47596,PN004,Atorvastatin 20mg Tablet,S004,HealQuick,D004,Wales Depot,PH002,Royal Infirmary Pharmacy,2023-07-02,7,07/09/2023,0,0.0,9.96,127.17,127.17,Cancelled,B9286,2024-10-21,18C,B1 1AA,call before delivery
T100190,OR-73595,PN002,Paracetamol 500mg Tablet,S002,MediSupply Ltd,D004,Wales Depot,PH005,County General Pharmacy,07/01/2023,2,01/11/2023,200,200.0,14.06,244.31,3030.81,In Transit,B7697,Apr 05 2025,Room Temp,SE1 9RT,handle with care
T101317,OR-60275,PN004,Atorvastatin 20mg Tablet,S001,NHS Supply Chain,D002,North West Depot,PH002,Royal Infirmary Pharmacy,07-Mar-2023,4,03/13/2023,100,100.0,64.91,34.74,6525.74,In Transit,B8761,2025-08-20,Cold Chain,B1 1AA,call before delivery
T100574,OR-17878,PN010,Co-codamol  30/500  Tablet,S003,UKPharma Dist,D003,Scotland Regional Hub,PH009,Midtown Pharmacy,02/14/2024,2,17 February 2024,50,50.0,47.09,72.03,2426.53,Delivered,,Apr 18 2025,Room Temp,se1 9rt,
T100404,OR-38548,PN001,Amoxicillin 500mg Capsule,S003,UKPharma Dist,D005,East England Depot,PH002,Royal Infirmary Pharmacy,15-Aug-2023,7,2023-08-23,500,272.0,36.77,5.77,18390.77,Returned,,23/08/2025,Cold Chain,,short shipment
T100095,OR-72539,PN003,Insulin Glargine 100IU/ml,S005,GlobalMeds,D002,North West Depot,PH002,Royal Infirmary Pharmacy,17/01/2023,7,01/24/2023,300,300.0,45.46,232.46,13870.46,Cancelled,B9680,20/11/2024,ambient,,short shipment
T100658,OR-87908,PN002,Paracetamol 500mg Tablet,S003,UKPharma Dist,D001,Central Hub London,PH002,Royal Infirmary Pharmacy,18-Jun-2025,3,06/21/2025,200,200.0,£51.22,201.49,10445.49,Returned,4723,2027-05-06,18C,B1 1AA,call before delivery
T100625,OR-80111,PN001,Amoxicillin 500mg Capsule,S003,UKPharma Dist,D003,Scotland Regional Hub,PH009,Midtown Pharmacy,2024/05/25,14,2024-06-09,1400,1400.0,51.2,247.57,71927.57,Delivered,B6597,2026-05-30,,M1 2AB,urgent
T100151,OR-21836,PN005,Salbutamol Inhaler,S001,NHS Supply Chain,D003,Scotland Regional Hub,PH005,County General Pharmacy,23/10/2024,7,2024-10-30,100,100.0,3.26,77.52,403.52,In Transit,B1691,2026-08-31,2 to 8°C,M1 2AB,temperature sensitive
T100412,OR-53361,PN004,Atorvastatin 20mg Tablet,S005,GlobalMeds,D002,North West Depot,PH004,Community Health Pharmacy,27-Jul-2024,3,2024-07-31,0,0.0,£71.23,206.86,206.86,Cancelled,B9667,Feb 20 2025,ambient,LS1 1UR,call before delivery
T100981,OR-99848,PN008,Flu Vaccine,S005,GlobalMeds,D004,Wales Depot,PH006,Northside Pharmacy,2023.11.23,5,2023-11-30,300,300.0,£46.87,202.87,14263.87,In Transit,B1701,08/07/2025,ambient,M1 2AB,urgent
T100469,OR-19777,PN007,Omeprazole 20mg Capsule,S003,UKPharma Dist,D002,North West Depot,PH002,Royal Infirmary Pharmacy,2023-11-26,14,2023-12-10,0,0.0,48.83,46.96,46.96,Delivered,B4639,15/03/2025,Refrigerated,se1 9rt,call before delivery
T101518,OR-97764,PN008,Flu  Vaccine,S002,MediSupply Ltd,D003,Scotland Regional Hub,PH002,Royal Infirmary Pharmacy,2024-03-21,2,2024-03-23,300,114.0,53.73,75.36,16194.36,In Transit,B9181,Jun 17 2026,2-8C,M1 2AB,call before delivery
T100729,OR-88396,PN003,Insulin Glargine 100IU/ml,S004,HealQuick,D002,North West Depot,PH007,Southcare Pharmacy,02-Apr-2025,2,04/05/2025,100,100.0,67.62,7.19,6769.19,Delivered,B7090,Sep 14 2026,Refrigerated,SE1 9RT,call before delivery
T101039,OR-65993,PN004,Atorvastatin 20mg Tablet,S004,HealQuick,D005,East England Depot,PH001,St Thomas Hospital Pharmacy,08-Jun-2024,3,2024-06-12,50,23.0,44.73,238.85,2475.35,Partial,B2284,17/05/2025,Cold Chain,SE1 9RT,temperature sensitive
T100439,OR-34897,PN004,Atorvastatin 20mg Tablet,S003,UKPharma Dist,D005,East England Depot,PH009,Midtown Pharmacy,04/20/2023,7,28 April 2023,300,300.0,62.76,41.86,18869.86,Cancelled,2002,Apr 26 2025,2 to 8°C,Unknown,short shipment
T100698,OR-81200,PN006,Warfarin 2mg Tablet,S004,HealQuick,D001,Central Hub London,PH001,St Thomas Hospital Pharmacy,07-Jan-2025,3,2025-01-12,250,250.0,70.8,283.94,17983.94,In Transit,B3895,2027-02-19,Room Temp,,call before delivery
T100173,OR-20722,PN004,Atorvastatin 20mg Tablet,S005,GlobalMeds,D001,Central Hub London,PH003,City Clinic Pharmacy,2023/09/23,7,09/30/2023,500,500.0,48.25,281.63,24406.63,Cancelled,B9491,2025-03-26,18C,M1 2AB,"handle with care
please confirm"
T100385,OR-71609,PN004,Atorvastatin 20mg Tablet,S002,MediSupply Ltd,D005,East England Depot,PH003,City Clinic Pharmacy,20/04/2025,2,24/04/2025,50,24.0,£62.34,49.67,TBD,Cancelled,B5295,Jan 24 2026,2-8C,N/A,short shipment
T100567,OR-70749,PN007,Omeprazole 20mg Capsule,S002,MediSupply Ltd,D003,Scotland Regional Hub,PH009,Midtown Pharmacy,17/11/2023,14,2023-12-02,500,500.0,60.41,194.65,30399.65,Partial,B6524,Jun 16 2024,2 to 8°C,SE1 9RT,short shipment
T101372,OR-63420,PN009,Metformin 500mg Tablet,S003,UKPharma Dist,D001,Central Hub London,PH005,County General Pharmacy,2025/04/22,10,03/05/2025,300,300.0,41.07,299.78,12620.78,Cancelled,B5896,2027-01-11,Room Temp,Unknown,—
T100843,OR-26417,PN003,Insulin Glargine 100IU/ml,S002,MediSupply Ltd,D003,Scotland Regional Hub,PH005,County General Pharmacy,18/02/2023,5,02/24/2023,1920,1920.0,48.22,123.44,92705.84,Delivered,B1333,14/10/2023,18C,LS1 1UR,
T101318,OR-63760,PN005,Salbutamol Inhaler,S003,UKPharma Dist ,D004,Wales Depot,PH006,Northside Pharmacy,2023-09-27,14,10/11/2023,150,150.0,43.61,13.45,6554.95,In Transit,B8612,Feb 06 2026,2-8C,N/A,urgent
T100967,OR-18444,PN007,Omeprazole 20mg Capsule,S005,GlobalMeds,D002,North West Depot,PH010,University Hospital Pharmacy,11/21/2024,7,,0,0.0,66.79,202.09,202.09,Cancelled,,Mar 14 2026,18C,LS1 1UR,temperature sensitive
T100686,OR-24168,PN008,Flu Vaccine,S002,MediSupply Ltd,D002,North West Depot,PH008,Lakeside Pharmacy,2024/10/19,2,10/21/2024,0,0.0,£57.98,119.68,TBD,Returned,B7596,May 28 2026,Room Temp,B1 1AA,call before delivery
T100716,OR-90643,PN007,Omeprazole 20mg Capsule,S002,MediSupply Ltd,D001,Central Hub London,PH008,Lakeside Pharmacy,11-May-2025,2,13 May 2025,0,0.0,44.52,91.77,91.77,In Transit,B8845,12/03/2026,Room Temp,B1 1AA,temperature sensitive
T101170,OR-73759,PN007,Omeprazole 20mg Capsule,S001,NHS Supply Chain,D003,Scotland Regional Hub,PH005,County General Pharmacy,2024/04/16,n/a,unknown,50,50.0,43.05,202.73,2355.23,Partial,B7773,2025-04-02,18C,LS1 1UR,handle with care
T101210,OR-98120,PN008,Flu Vaccine,S003,UKPharma Dist,D003,Scotland Regional Hub,PH003,City Clinic Pharmacy,03/25/2023,3,03/28/2023,300,300.0,73.74,282.73,22404.73,Cancelled,B9190,May 01 2024,Refrigerated,,short shipment
T101494,OR-98919,PN003,Insulin Glargine 100IU/ml,S005,GlobalMeds,D001,Central Hub London,PH007,Southcare Pharmacy,04/21/2025,2,2025-04-23,20,20.0,68.6,200.53,1572.53,Returned,B6428,21/05/2027,2-8C,Unknown,temperature sensitive
T100846,OR-54091,PN010,Co-codamol 30/500 Tablet,S003,UKPharma Dist,D004,Wales Depot,PH001,St Thomas Hospital Pharmacy,2024/06/18,3,23/06/2024,0,0.0,54.13,218.25,218.25,Partial,B1605,2026-08-09,Refrigerated,LS1 1UR,handle with care
T100741,OR-76034,PN008,Flu Vaccine,S002,MediSupply Ltd,D001,Central Hub London,PH005,County General Pharmacy,12/05/2023,-1,11/05/2023,150,150.0,67.56,88.64,10222.64,Returned,B6468,N/A,Room Temp,Unknown,handle with care
T100289,OR-56969,PN010,Co-codamol 30/500 Tablet,S005,GlobalMeds,D002,North West Depot,PH001,St Thomas Hospital Pharmacy,07/27/2024,2,29/07/2024,100,100.0,37.07,295.86,4002.86,Returned,B5991,Aug 29 2026,Cold Chain,Unknown,
T101153,OR-72478,PN002,Paracetamol 500mg Tablet,S002,MediSupply Ltd,D002,North West Depot,PH005,County General Pharmacy,11/11/2023,7,11/18/2023,10,10.0,30.85,156.67,465.17,Cancelled,B2968,Mar 26 2025,Cold Chain,Unknown,
T101519,OR-26652,PN009,Metformin 500mg Tablet,S003,UKPharma Dist,D002,North West Depot,PH010,University Hospital Pharmacy,2025-01-27,5,02/02/2025,0,0.0,40.88,43.45,43.45,Returned,B8636,2026-05-11,2-8C,M1 2AB,
T100087,OR-88234,PN004,Atorvastatin 20mg Tablet,S001,NHS Supply Chain,D003,Scotland Regional Hub,PH009,Midtown Pharmacy,2023-02-25,3,03/02/2023,150,150.0,72.34,204.8,11055.8,Returned,B1665,2025-03-15,Refrigerated,SE1 9RT,urgent
T100041,OR-99226,PN007,Omeprazole 20mg Capsule,S001,NHS Supply Chain,D005,East England Depot,PH010,University Hospital Pharmacy,2023-08-22,3,08/27/2023,500,,23.87,123.11,12058.11,Delivered,B9498,15/01/2025,Refrigerated,B1 1AA,short shipment
T101544,OR-25266,PN010,Co-codamol 30/500 Tablet,S005,GlobalMeds,D001,Central Hub London,PH003,City Clinic Pharmacy,2024-05-07,14,21/05/2024,300,300.0,42.37,250.27,12961.27,Partial,B1477,09/04/2025,2-8C,LS1 1UR,handle with care
T100126,OR-97650,PN007,Omeprazole 20mg Capsule,S004,HealQuick,D005,East England Depot,PH007,Southcare Pharmacy,30/09/2024,5,06/10/2024,500,500.0,69.53,11.36,34776.36,Returned,B2311,19/09/2026,Cold Chain,Unknown,temperature sensitive
T101066,OR-14349,PN005,Salbutamol Inhaler,S004,HealQuick,D003,Scotland Regional Hub,PH001,St Thomas Hospital Pharmacy,2023/02/26,3,03/02/2023,20,20.0,30.07,34.05,635.45,Returned,B5465,01/01/2024,Refrigerated,SE1 9RT,
T101118,OR-58381,PN001,Amoxicillin 500mg Capsule,S005,GlobalMeds,D002,North West Depot,PH008,Lakeside Pharmacy,10/16/2024,7,2024-10-25,100,100.0,39.86,63.56,4049.56,In Transit,B2853,31/07/2026,ambient,SE1 9RT,temperature sensitive
T100805,OR-52283,PN009,Metformin 500mg Tablet,S003,UKPharma Dist,D004,Wales Depot,PH008,Lakeside Pharmacy,03/25/2025,5,03/31/2025,0,0.0,31.95,144.95,144.95,Delivered,B3499,N/A,18C,B1 1AA,urgent
T101479,OR-25590,PN008,Flu Vaccine,S002,MediSupply Ltd,D003,Scotland Regional Hub,PH001,St Thomas Hospital Pharmacy,2023/13/01,14,09/01/2024,twenty,500.0,unknown,142.33,,Partial,B1507,2025-09-06,2 to 8°C,M1 2AB,short shipment
T101135,OR-48578,PN009,Metformin 500mg Tablet,S003,UKPharma Dist,D002,North West Depot,PH001,St Thomas Hospital Pharmacy,2023/02/02,7,09/02/2023,250,250.0,59.97,61.37,15053.87,Delivered,B8206,06/01/2025,2 to 8°C,B1 1AA,temperature sensitive
T100159,OR-43405,PN009,Metformin 500mg Tablet,S003,UKPharma Dist,D004,Wales Depot,PH006,Northside Pharmacy,20/09/2024,5,09/27/2024,20,11.0,6.4,295.26,423.26,In Transit,B5841,2026-10-04,Refrigerated,LS1 1UR,call before delivery
T100285,OR-22950,PN005,Salbutamol Inhaler,S005,GlobalMeds,D005,East England Depot,PH009,Midtown Pharmacy,06/10/2025,2,2025-06-12,50,50.0,29.83,236.44,1727.94,Returned,,Jan 19 2027,18C,,urgent
T101512,OR-93554,PN009,Metformin 500mg Tablet,S001,NHS Supply Chain,D003,Scotland Regional Hub,PH009,Midtown Pharmacy,2023/12/18,10,2023-12-30,150,81.0,39.52,57.86,5985.86,Delivered,B9866,Sep 18 2024,2 to 8°C,LS1 1UR,short shipment
T101243,OR-67771,PN003,Insulin Glargine 100IU/ml,S004,HealQuick,D001,Central Hub London,PH007,Southcare Pharmacy,2024/07/21,2,,500,500.0,44.93,196.34,22661.34,Returned,B8655,10/02/2026,ambient,M1 2AB,temperature sensitive
T100343,OR-23119,PN001,Amoxicillin 500mg Capsule,S001,NHS Supply Chain,D005,East England Depot,PH008,Lakeside Pharmacy,05/01/2025,3,09 January 2025,10,10.0,7.46,28.05,102.65,In Transit,,2027-06-09,18C,,urgent
T100560,OR-16870,PN010,Co-codamol 30/500 Tablet,S002,MediSupply Ltd,D001,Central Hub London,PH003,City Clinic Pharmacy,2023/01/22,2,26/01/2023,0,0.0,65.87,218.89,218.89,In Transit,B6247,22/05/2025,Refrigerated,B1 1AA,
T100641,OR-69039,PN002,Paracetamol 500mg Tablet,S001,NHS Supply Chain,D005,East England Depot,PH003,City Clinic Pharmacy,21-Jan-2025,5,01/26/2025,300,300.0,£16.92,27.97,5103.97,Delivered,B2696,Jul 05 2026,18C,M1 2AB,short shipment
T101552,OR-58501,PN010,Co-codamol 30/500 Tablet,S004,HealQuick,D002,North West Depot,PH007,Southcare Pharmacy,30-Dec-2024,5,2025-01-04,0,0.0,20.73,77.83,77.83,In Transit,B2406,18/11/2026,Cold Chain,SE1 9RT,short shipment
T101426,OR-17313,PN008,flu vaccine,S004,HealQuick,D001,Central Hub London,PH008,Lakeside Pharmacy,2023-04-29,7,05/08/2023,20,20.0,23.68,51.64,525.24,Partial,B9631,17/03/2025,Cold Chain,M1 2AB,urgent
T100945,OR-85252,PN004,Atorvastatin 20mg Tablet,S002,MediSupply Ltd,D005,East England Depot,PH005,County General Pharmacy,06-Jan-2024,14,20/01/2024,500,500.0,1.83,31.4,946.4,In Transit,B5654,11/01/2026,2-8C,M1 2AB,urgent
T101050,OR-17832,PN004,Atorvastatin 20mg Tablet,S003,UKPharma Dist,D003,Scotland Regional Hub,PH010,University Hospital Pharmacy,2024.06.03,5,08/06/2024,500,500.0,20.97,44.05,10529.05,Delivered,,28/05/2025,Room Temp,,call before delivery
T101307,OR-64624,PN001,Amoxicillin 500mg Capsule,S004,HealQuick,D003,Scotland Regional Hub,PH010,University Hospital Pharmacy,07/24/2023,3,29 July 2023,0,0.0,58.65,205.82,205.82,Returned,B7408,24/09/2025,Room Temp,M1 2AB,
T100450,OR-76730,PN007,Omeprazole 20mg Capsule,S003,UKPharma Dist,D005,East England Depot,PH002,Royal Infirmary Pharmacy,22-Jan-2024,14,02/05/2024,250,250.0,65.48,,16370.0,Delivered,,2026-06-05,Room Temp,b1 1aa,temperature sensitive
T100370,OR-83988,PN009,metformin 500mg tablet,S004,HealQuick,D004,Wales Depot,PH003,City Clinic Pharmacy,16/03/2025,5,22/03/2025,200,200.0,7.22,222.57,1666.57,In Transit,B7430,2026-03-17,18C,SE1 9RT,temperature sensitive
T100328,OR-20481,PN008,Flu Vaccine,S005,GlobalMeds,D001,Central Hub London,PH003,City Clinic Pharmacy,04/24/2025,10,2025-05-05,200,75.0,31.67,264.95,6598.95,In Transit,,2025-12-27,ambient,SE1 9RT,urgent
T101397,OR-62037,PN007,Omeprazole 20mg Capsule,S002,MediSupply Ltd,D003,Scotland Regional Hub,PH010,University Hospital Pharmacy,2024.02.06,14,20/02/2024,250,,34.45,255.71,8868.21,Partial,B7298,Sep 03 2025,Room Temp,M1 2AB,
T101408,OR-47712,PN002,Paracetamol 500mg Tablet,S004,HealQuick,D005,East England Depot,PH001,St Thomas Hospital Pharmacy,2024/06/21,10,03 July 2024,100,100.0,48.21,125.34,4946.34,Cancelled,B3844,11/08/2026,2-8C,M1 2AB,call before delivery
T101161,OR-89364,PN003,Insulin Glargine 100IU/ml,S005,GlobalMeds,D002,North West Depot,PH002,Royal Infirmary Pharmacy,05/30/2025,3,2025-06-03,20,20.0,55.91,79.22,1197.42,Cancelled,B5369,Aug 20 2027,2 to 8°C,Unknown,
T100802,OR-31471,PN002,Paracetamol 500mg Tablet,S004,HealQuick,D005,East England Depot,PH007,Southcare Pharmacy,24/01/2025,2,26/01/2025,200,128.0,6.73,101.4,1547.4,Delivered,B4233,2027-01-08,2-8C,SE1 9RT,
T100970,OR-83979,PN007,Omeprazole 20mg Capsule,S004,HealQuick,D002,North West Depot,PH006,Northside Pharmacy,2023/02/18,4,02/23/2023,20,20.0,13.21,156.29,420.49,Delivered,B9662,20/01/2024,,B1 1AA,call before delivery
T101481,OR-69787,PN008,Flu Vaccine,S005,GlobalMeds,D005,East England Depot,PH009,Midtown Pharmacy,30/07/2024,7,08/08/2024,300,300.0,64.93,167.81,19646.81,Partial,B7949,2027-01-13,ambient,,short shipment
T101029,OR-78470,PN001,Amoxicillin 500mg Capsule,S002,MediSupply Ltd,D003,Scotland Regional Hub,PH010,University Hospital Pharmacy,2023-06-27,7,06/07/2023,10,10.0,£15.92,104.4,TBD,Cancelled,B9414,N/A,,LS1 1UR,call before delivery
T100323,OR-84928,PN008,Flu Vaccine,S005,GlobalMeds,D003,Scotland Regional Hub,PH004,Community Health Pharmacy,11/20/2024,n/a,TBD,500,500.0,6.26,50.51,3180.51,Cancelled,B5075,10/01/2026,2-8C,Unknown,temperature sensitive
T100696,OR-30992,PN001,Amoxicillin 500mg Capsule,S001,NHS Supply Chain,D004,Wales Depot,PH007,Southcare Pharmacy,2025/02/08,2,02/10/2025,300,300.0,54.33,280.16,16579.16,Delivered,B5692,09/05/2026,ambient,LS1 1UR,handle with care
T100313,OR-23949,PN006,Warfarin 2mg Tablet,S002,MediSupply Ltd,D002,North West Depot,PH010,University Hospital Pharmacy,2023/12/16,10,2023-12-26,200,200.0,3.63,280.35,TBD,In Transit,B6486,12/05/2025,Refrigerated,Unknown,short shipment
T101222,OR-94437,PN003,Insulin Glargine 100IU/ml,S001,NHS Supply Chain,D005,East England Depot,PH010,University Hospital Pharmacy,2024/03/12,10,03/22/2024,300,300.0,73.35,242.84,22247.84,Cancelled,B6308,30/11/2024,Cold Chain,,
T101157,OR-18117,PN003,Insulin Glargine 100IU/ml,S004,HealQuick,D003,Scotland Regional Hub,PH001,St Thomas Hospital Pharmacy,26/09/2023,10,2023-10-06,150,150.0,27.77,238.14,4403.64,Returned,B4110,Apr 06 2025,18C,Unknown,temperature sensitive
T101389,OR-45042,PN001,Amoxicillin 500mg Capsule,S005,GlobalMeds,D002,North West Depot,PH003,City Clinic Pharmacy,2024/06/03,5,10/06/2024,50,50.0,70.7,135.29,3670.29,Partial,,Jul 25 2026,18C,M1 2AB,
T100162,OR-74713,PN009,Metformin 500mg Tablet,S004,HealQuick,D003,Scotland Regional Hub,PH008,Lakeside Pharmacy,2024.12.15,4,2024-12-21,150,150.0,66.3,125.06,10070.06,Cancelled,B3654,2026-03-29,18C,B1 1AA,
T100012,OR-59192,PN002,Paracetamol 500mg Tablet,S001,NHS Supply Chain,D004,Wales Depot,PH006,Northside Pharmacy,12/12/2023,14,28 December 2023,150,47.0,18.92,71.56,2909.56,In Transit,B5198,Nov 27 2024,18C,B1 1AA,
T100166,OR-44562,PN009,Metformin 500mg Tablet,S005,GlobalMeds,D001,Central Hub London,PH008,Lakeside Pharmacy,2023/11/02,5,07/11/2023,500,500.0,24.92,108.38,12568.38,Partial,,2024-07-02,Cold Chain,SE1 9RT,short shipment
T100255,OR-35032,PN003,insulin glargine 100iu/ml,S001,NHS Supply Chain,D004,Wales Depot,PH008,Lakeside Pharmacy,01-Dec-2023,2,05/12/2023,300,300.0,12.88,42.87,3906.87,Cancelled,B8133,N/A,ambient,,short shipment
T101117,OR-93151,PN010,Co-codamol 30/500 Tablet,S003,UKPharma Dist,D001,Central Hub London,PH004,Community Health Pharmacy,2025-01-17,3,20/01/2025,500,500.0,13.33,74.65,6739.65,In Transit,B7350,Dec 28 2025,Refrigerated,LS1 1UR,call before delivery
T100988,OR-42706,PN007,Omeprazole 20mg Capsule,S004,HealQuick,D002,North West Depot,PH001,St Thomas Hospital Pharmacy,22/07/2023,5,07/29/2023,200,200.0,58.44,289.13,11977.13,Returned,B5706,08/05/2024,Room Temp,Unknown,call before delivery
T100948,OR-11252,PN007,Omeprazole 20mg Capsule,S003,UKPharma Dist ,D002,North West Depot,PH008,Lakeside Pharmacy,2024-04-02,5,2024-04-09,0,0.0,48.65,57.45,57.45,In Transit,B8812,Jan 14 2025,ambient,SE1 9RT,call before delivery
T100133,OR-33593,PN007,Omeprazole 20mg Capsule,S002,MediSupply Ltd,D002,North West Depot,PH001,St Thomas Hospital Pharmacy,30/08/2024,2,09/01/2024,50,50.0,46.13,,TBD,Delivered,B5648,2026-06-28,Room Temp,Unknown,urgent
T100539,OR-23145,PN007,Omeprazole 20mg Capsule,S002,MediSupply Ltd,D001,Central Hub London,PH008,Lakeside Pharmacy,06/09/2023,14,2023-06-23,0,0.0,£62.99,245.52,245.52,Partial,B5270,2025-11-22,,,short shipment
T100692,OR-47207,PN008,Flu Vaccine,S004,HealQuick,D005,East England Depot,PH001,St Thomas Hospital Pharmacy,2023-01-13,10,23/01/2023,100,100.0,44.09,244.83,4653.83,In Transit,B9427,Oct 13 2023,2 to 8°C,SE1 9RT,
T101458,OR-39916,PN007,Omeprazole 20mg Capsule,S005,GlobalMeds,D001,Central Hub London,PH001,St Thomas Hospital Pharmacy,01/08/2025,10,18/01/2025,0,0.0,23.94,157.47,157.47,In Transit,B5295,15/03/2027,Room Temp,B1 1AA,short shipment
T100969,OR-47341,PN004,Atorvastatin 20mg Tablet,S001,NHS Supply Chain,D002,North West Depot,PH009,Midtown Pharmacy,2023/01/29,2,2023-01-31,250,250.0,41.75,63.39,10500.89,Returned,2692,Feb 03 2025,Cold Chain,M1 2AB,
T100885,OR-73077,PN006,Warfarin 2mg Tablet,S004,HEALQUICK,D004,Wales Depot,PH005,County General Pharmacy,2024-11-06,4,10/11/2024,50,50.0,6.93,129.07,475.57,Returned,B3013,2026-05-08,Refrigerated,M1 2AB,call before delivery
T100548,OR-75133,PN010,Co-codamol 30/500 Tablet,S005,GlobalMeds,D003,Scotland Regional Hub,PH007,Southcare Pharmacy,08/14/2023,4,,50,50.0,40.57,72.99,2101.49,Cancelled,B9228,2025-03-05,Cold Chain,Unknown,call before delivery
T100134,OR-68303,PN010,Co-codamol 30/500 Tablet,S003,UKPharma Dist,D002,North West Depot,PH002,Royal Infirmary Pharmacy,2024-06-26,14,07/10/2024,100,100.0,68.41,276.8,7117.8,In Transit,B6477,Apr 01 2026,2-8C,N/A,short shipment
T101391,OR-66786,PN009,metformin 500mg tablet,S004,HealQuick,D002,North West Depot,PH008,Lakeside Pharmacy,05/28/2025,-3,27/05/2025,150,53.0,40.76,6.6,6120.6,Cancelled,B1666,Dec 14 2025,Refrigerated,B1 1AA,urgent
T101276,OR-72107,PN001,Amoxicillin 500mg Capsule,S002,MediSupply Ltd,D001,Central Hub London,PH003,City Clinic Pharmacy,2024/02/29,2,03/03/2024,10,10.0,45.95,229.15,688.65,In Transit,B2100,2025-06-27,Refrigerated,,temperature sensitive
T100219,OR-88636,PN002,paracetamol 500mg tablet,S001,NHS Supply Chain,D005,East England Depot,PH002,Royal Infirmary Pharmacy,10/10/2024,14,26/10/2024,10,10.0,68.6,211.15,907.15,In Transit,B5384,03/01/2026,18C,N/A,handle with care
T100894,OR-51406,PN006,Warfarin 2mg Tablet,S002,MediSupply Ltd,D002,North West Depot,PH001,St Thomas Hospital Pharmacy,03/06/2023,7,10 June 2023,200,200.0,66.33,199.29,13465.29,Delivered,B4139,Apr 20 2025,Refrigerated,LS1 1UR,handle with care
T100403,OR-46363,PN007,Omeprazole 20mg Capsule,S003,UKPharma Dist,D002,North West Depot,PH006,Northside Pharmacy,2025/03/28,10,09/04/2025,250,250.0,69.84,,17460.0,Delivered,,Oct 31 2026,Refrigerated,N/A,call before delivery
T100320,OR-75136,PN010,Co-codamol 30/500 Tablet,S003,UKPharma Dist,D002,North West Depot,PH006,Northside Pharmacy,28/11/2023,4,03/12/2023,500,500.0,10.88,206.13,5646.13,Cancelled,B8580,Nov 19 2024,ambient,B1 1AA,handle with care
T100914,OR-99305,PN008,Flu Vaccine,S004,HealQuick,D003,Scotland Regional Hub,PH003,City Clinic Pharmacy,2023.01.04,7,2023-01-11,250,250.0,29.49,166.89,7539.39,Returned,B3581,23/04/2025,2-8C,LS1 1UR,call before delivery
T100294,OR-39968,PN005,salbutamol inhaler,S004,HealQuick,D004,Wales Depot,PH005,County General Pharmacy,2024-09-06,5,2024-09-11,10,10.0,24.89,204.27,453.17,Returned,B5284,2025-07-05,2-8C,LS1 1UR,
T101011,OR-37664,PN009,Metformin 500mg Tablet,S005,GlobalMeds,D004,Wales Depot,PH003,City Clinic Pharmacy,2023-01-22,10,01/02/2023,50,50.0,51.58,99.05,2678.05,Cancelled,B7908,09/07/2025,Cold Chain,,call before delivery
T101122,OR-81780,PN003,Insulin Glargine 100IU/ml,S005,GlobalMeds,D003,Scotland Regional Hub,PH007,Southcare Pharmacy,10/12/2024,14,24/12/2024,150,150.0,74.99,133.47,11381.97,In Transit,B4213,Apr 05 2026,Room Temp,SE1 9RT,handle with care
T100759,OR-78296,PN008,Flu Vaccine,S004,HealQuick,D004,Wales Depot,PH009,Midtown Pharmacy,29/08/2024,5,03/09/2024,50,50.0,38.59,57.51,1987.01,Partial,B7987,Jun 29 2026,2-8C,,temperature sensitive
T101482,OR-51034,PN005,Salbutamol Inhaler,S003,UKPharma Dist,D001,Central Hub London,PH003,City Clinic Pharmacy,17/07/2024,5,07/23/2024,100,100.0,34.19,14.35,3433.35,Returned,B3608,2026-12-04,Cold Chain,M1 2AB,handle with care
T100188,OR-35457,PN006,Warfarin 2mg Tablet,S005,GlobalMeds,D002,North West Depot,PH008,Lakeside Pharmacy,01/21/2023,2,2023-01-23,250,250.0,25.33,,6332.5,Cancelled,B7812,05/08/2024,18C,SE1 9RT,
T101000,OR-10861,PN005,Salbutamol Inhaler,S001,NHS Supply Chain,D004,Wales Depot,PH002,Royal Infirmary Pharmacy,20/04/2023,7,27/04/2023,250,250.0,52.83,159.24,13366.74,Partial,B8027,27/10/2024,Room Temp,LS1 1UR,
T100562,OR-81401,PN001,Amoxicillin 500mg Capsule,S001,NHS Supply Chain ,D005,East England Depot,PH004,Community Health Pharmacy,2024.11.21,7,30/11/2024,10,10.0,31.95,220.03,639.53,Delivered,B8959,Apr 26 2027,Cold Chain,B1 1AA,urgent
T100495,OR-74937,PN009,Metformin 500mg Tablet,S005,GlobalMeds,D002,North West Depot,PH003,City Clinic Pharmacy,2025-02-05,3,02/08/2025,0,0.0,42.91,103.43,103.43,Returned,B3528,Apr 13 2027,Refrigerated,M1 2AB,temperature sensitive
T100593,OR-76993,PN001,Amoxicillin 500mg Capsule,S001,NHS Supply Chain,D004,Wales Depot,PH001,St Thomas Hospital Pharmacy,2025/05/25,2,05/28/2025,200,200.0,44.57,24.1,8938.1,Cancelled,B8337,2026-08-31,ambient,LS1 1UR,short shipment
T101282,OR-43967,PN006,Warfarin 2mg Tablet,S003,UKPharma Dist,D003,Scotland Regional Hub,PH004,Community Health Pharmacy,13/12/2024,5,2024-12-19,10,10.0,71.3,89.82,802.82,Returned,,2026-05-24,Cold Chain,M1 2AB,
T101427,OR-27075,PN008,Flu Vaccine,S001,NHS Supply Chain,D003,Scotland Regional Hub,PH001,St Thomas Hospital Pharmacy,29-Jul-2023,14,08/14/2023,100,100.0,47.26,93.52,4819.52,Partial,B9569,07/02/2025,ambient,SE1 9RT,urgent
T100003,OR-41195,PN010,co-codamol 30/500 tablet,S003,UKPharma Dist,D005,East England Depot,PH002,Royal Infirmary Pharmacy,03/29/2023,14,2023-04-14,500,500.0,15.49,194.96,7939.96,Delivered,B2049,May 19 2025,,,
T100849,OR-83638,PN004,Atorvastatin 20mg Tablet,S004,HealQuick,D003,Scotland Regional Hub,PH010,University Hospital Pharmacy,2024.02.18,14,03/04/2024,10,,56.1,,561.0,Delivered,,2025-10-22,Cold Chain,Unknown,short shipment
T100459,OR-68414,PN002,paracetamol 500mg tablet,S001,NHS Supply Chain,D002,North West Depot,PH004,Community Health Pharmacy,05/23/2023,5,05/30/2023,0,0.0,71.35,164.28,164.28,In Transit,,Dec 12 2023,Refrigerated,B1 1AA,
T100316,OR-89325,PN008,Flu Vaccine,S005,GlobalMeds,D001,Central Hub London,PH005,County General Pharmacy,2024-08-22,5,27 August 2024,200,200.0,£36.73,232.72,7578.72,Partial,,Aug 24 2025,Refrigerated,B1 1AA,
T100005,OR-94607,PN007,Omeprazole 20mg Capsule,S004,HealQuick,D005,East England Depot,PH008,Lakeside Pharmacy,08/06/2023,2,11 June 2023,300,300.0,£63.93,20.39,19199.39,Returned,B1651,Feb 06 2025,Refrigerated,M1 2AB,urgent
T100217,OR-10481,PN005,Salbutamol Inhaler,S004,HealQuick,D004,Wales Depot,PH007,Southcare Pharmacy,21/06/2024,4,27/06/2024,150,150.0,72.44,171.1,11037.1,Returned,B3369,N/A,Cold Chain,LS1 1UR,call before delivery
T100537,OR-25593,PN005,Salbutamol Inhaler,S003,UKPharma Dist,D001,Central Hub London,PH003,City Clinic Pharmacy,2024/06/17,2,21/06/2024,250,250.0,32.99,114.17,8361.67,Delivered,B2305,Sep 27 2026,2-8C,LS1 1UR,handle with care
T100852,OR-22267,PN007,Omeprazole 20mg Capsule,S004,HealQuick ,D003,Scotland Regional Hub,PH004,Community Health Pharmacy,03/15/2023,3,19/03/2023,20,20.0,74.17,13.44,1496.84,Partial,B2761,Aug 30 2025,2 to 8°C,N/A,short shipment
T100039,OR-62855,PN006,Warfarin 2mg Tablet,S001,NHS Supply Chain,D001,Central Hub London,PH001,St Thomas Hospital Pharmacy,10/25/2023,5,10/30/2023,50,50.0,£23.49,283.57,1458.07,In Transit,B1797,Sep 10 2025,18C,unknown,urgent
T100532,OR-80569,PN005,Salbutamol Inhaler,S002,MediSupply Ltd,D004,Wales Depot,PH003,City Clinic Pharmacy,2025/02/19,4,02/23/2025,200,200.0,6.59,209.35,1527.35,Returned,B6308,Jun 24 2027,ambient,LS1 1UR,temperature sensitive
T100237,OR-14634,PN009,Metformin 500mg Tablet,S005,GlobalMeds,D003,Scotland Regional Hub,PH005,County General Pharmacy,04-Feb-2024,14,02/18/2024,200,200.0,70.3,9.68,14069.68,Delivered,B9963,Jul 05 2025,2-8C,SE1 9RT,short shipment
T100131,OR-80851,PN009,Metformin 500mg Tablet,S004,HealQuick,D001,Central Hub London,PH009,Midtown Pharmacy,2023-08-20,10,31/08/2023,10,10.0,57.15,166.34,737.84,Cancelled,B2749,Feb 17 2025,Cold Chain,N/A,short shipment
T101404,OR-65106,PN002,Paracetamol 500mg Tablet,S005,GlobalMeds,D003,Scotland Regional Hub,PH006,Northside Pharmacy,05/01/2024,3,2024-01-09,10,10.0,11.52,129.35,244.55,In Transit,4498,Sep 13 2025,Room Temp,SE1 9RT,temperature sensitive
T101257,OR-36778,PN006,Warfarin 2mg Tablet,S003,UKPharma Dist,D002,North West Depot,PH008,Lakeside Pharmacy,06/15/2024,14,07/01/2024,10,10.0,33.98,,339.8,Delivered,B8029,2026-06-09,Cold Chain,Unknown,short shipment
T100680,OR-59934,PN004,Atorvastatin 20mg Tablet,S002,MediSupply Ltd,D005,East England Depot,PH001,St Thomas Hospital Pharmacy,2024-12-11,7,2024-12-20,200,200.0,£74.87,202.1,TBD,In Transit,B5590,28/12/2025,2-8C,,temperature sensitive
T101423,OR-67449,PN002,Paracetamol 500mg Tablet,S002,MediSupply Ltd,D001,Central Hub London,PH005,County General Pharmacy,2023/13/01,10,2025-06-25,N/A,100.0,unknown,29.37,,Cancelled,B5815,Apr 25 2026,Room Temp,,temperature sensitive
T101486,OR-64531,PN004,Atorvastatin 20mg Tablet,S001,NHS Supply Chain,D003,Scotland Regional Hub,PH010,University Hospital Pharmacy,14/02/2023,5,2023-02-19,150,150.0,8.49,299.17,1672.67,Returned,,N/A,Cold Chain,SE1 9RT,temperature sensitive
T101171,OR-15454,PN008,Flu Vaccine,S004,HealQuick,D002,North West Depot,PH007,Southcare Pharmacy,2024/09/02,-1,01/09/2024,300,300.0,7.55,285.0,2550.0,Returned,B2155,2026-11-08,2 to 8°C,SE1 9RT,temperature sensitive
T101422,OR-90754,PN005,Salbutamol Inhaler,S004,HealQuick,D001,Central Hub London,PH008,Lakeside Pharmacy,2023/05/30,5,04/06/2023,300,300.0,45.3,62.81,13652.81,Delivered,B3502,01/12/2024,Refrigerated,B1 1AA,short shipment
T101457,OR-55732,PN004,Atorvastatin 20mg Tablet,S003,UKPHARMA DIST,D005,East England Depot,PH002,Royal Infirmary Pharmacy,2024/05/10,10,22/05/2024,150,150.0,28.15,294.52,4517.02,Partial,B8100,Feb 21 2026,Cold Chain,SE1 9RT,
T100570,OR-66555,PN005,Salbutamol Inhaler,S002,MediSupply Ltd,D004,Wales Depot,PH003,City Clinic Pharmacy,30/04/2024,2,2024-05-04,20,20.0,32.03,50.04,690.64,In Transit,B1470,Apr 18 2026,Cold Chain,SE1 9RT,temperature sensitive
T101574,OR-62098,PN007,Omeprazole 20mg Capsule,S005,GlobalMeds,D001,Central Hub London,PH004,Community Health Pharmacy,06-Apr-2023,5,2023-04-13,200,200.0,44.46,285.17,9177.17,Cancelled,B8969,26/05/2025,ambient,Unknown,urgent
T100648,OR-51551,PN010,Co-codamol 30/500 Tablet,S005,GlobalMeds,D001,Central Hub London,PH004,Community Health Pharmacy,2023-01-02,7,09/01/2023,200,200.0,66.78,121.46,13477.46,In Transit,,Mar 27 2024,2-8C,LS1 1UR,temperature sensitive
T101311,OR-62877,PN004,Atorvastatin 20mg Tablet,S004,HealQuick,D005,East England Depot,PH003,City Clinic Pharmacy,01/05/2023,5,01/12/2023,200,200.0,£41.64,267.08,TBD,In Transit,B5819,Sep 19 2024,Cold Chain,LS1 1UR,temperature sensitive
T101480,OR-56814,PN001,Amoxicillin 500mg Capsule,S005,GLOBALMEDS,D005,East England Depot,PH006,Northside Pharmacy,04/23/2025,3,26/04/2025,20,20.0,61.91,125.34,1363.54,Cancelled,B3312,25/10/2025,2 to 8°C,N/A,temperature sensitive
T100371,OR-75289,PN003,Insulin Glargine 100IU/ml,S002,MediSupply Ltd,D005,East England Depot,PH004,Community Health Pharmacy,01/28/2025,2,2025-01-30,20,20.0,18.72,60.96,435.36,Partial,B8586,13/12/2026,ambient,SE1 9RT,handle with care
T100309,OR-98369,PN007,Omeprazole 20mg Capsule,S002,MediSupply Ltd,D003,Scotland Regional Hub,PH002,Royal Infirmary Pharmacy,18-Aug-2024,14,09/01/2024,100,100.0,45.77,78.1,4655.1,Delivered,B9385,2025-09-11,Cold Chain,,short shipment
T100434,OR-36104,PN009,Metformin 500mg Tablet,S004,HealQuick,D004,Wales Depot,PH005,County General Pharmacy,2025-03-04,10,2025-03-14,200,142.0,3.89,65.09,843.09,Partial,B2833,22/05/2027,Refrigerated,Unknown,
T100314,OR-14131,PN008,Flu Vaccine,S001,NHS Supply Chain,D001,Central Hub London,PH008,Lakeside Pharmacy,2023-05-28,4,2023-06-01,50,50.0,£58.32,76.03,2992.03,Cancelled,B1173,26/09/2024,Room Temp,Unknown,short shipment
T100919,OR-16071,PN005,Salbutamol Inhaler,S005,GLOBALMEDS ,D001,Central Hub London,PH005,County General Pharmacy,2023-03-21,2,03/24/2023,0,0.0,7.93,,0.0,Cancelled,B2033,Oct 18 2023,ambient,M1 2AB,
T101582,OR-57781,PN009,Metformin  500mg  Tablet,S003,UKPharma Dist,D001,Central Hub London,PH009,Midtown Pharmacy,07-Jan-2025,4,11 January 2025,0,0.0,4.06,92.0,92.0,Cancelled,B5721,2026-07-09,Cold Chain,Unknown,"call before delivery
please confirm"
T101533,OR-87852,PN002,Paracetamol 500mg Tablet,S002,MediSupply Ltd,D002,North West Depot,PH001,St Thomas Hospital Pharmacy,2025/06/15,-1,2025-06-14,20,20.0,44.47,,889.4,Returned,B7387,Feb 13 2027,Cold Chain,SE1 9RT,urgent
T101198,OR-64270,PN004,Atorvastatin 20mg Tablet,S001,NHS Supply Chain,D001,Central Hub London,PH010,University Hospital Pharmacy,06/08/2023,2,06/12/2023,300,300.0,66.87,,20061.0,Cancelled,B1043,Nov 03 2025,2 to 8°C,,call before delivery
T100416,OR-29445,PN003,Insulin Glargine 100IU/ml,S004,HealQuick,D001,Central Hub London,PH007,Southcare Pharmacy,2023/01/28,7,02/04/2023,10,10.0,28.67,155.43,442.13,Delivered,B4055,2025-05-03,ambient,M1 2AB,call before delivery
T100543,OR-45901,PN001,Amoxicillin 500mg Capsule,S004,HealQuick,D001,Central Hub London,PH002,Royal Infirmary Pharmacy,13-Feb-2024,5,02/18/2024,150,150.0,30.19,254.66,4783.16,Partial,B3954,Aug 20 2024,Room Temp,B1 1AA,handle with care
T100583,OR-45438,PN010,Co-codamol  30/500  Tablet,S003,UKPharma Dist,D005,East England Depot,PH008,Lakeside Pharmacy,19-May-2023,2,21/05/2023,50,50.0,£38.36,61.86,1979.86,Partial,B8835,2024-03-17,18C,SE1 9RT,urgent
T100363,OR-75172,PN010,Co-codamol 30/500 Tablet,S002,MediSupply Ltd,D005,East England Depot,PH009,Midtown Pharmacy,2024-07-20,4,2024-07-26,250,250.0,33.84,291.63,8751.63,Partial,B2277,Mar 22 2025,Cold Chain,Unknown,short shipment
T101265,OR-92598,PN007,Omeprazole 20mg Capsule,S005,GlobalMeds ,D004,Wales Depot,PH010,University Hospital Pharmacy,2023-06-03,4,07/06/2023,200,200.0,58.54,100.42,11808.42,Returned,B4684,2024-02-29,18C,M1 2AB,call before delivery
T101449,OR-16096,PN008,Flu Vaccine,S004,HealQuick,D004,Wales Depot,PH001,St Thomas Hospital Pharmacy,01-Jan-2023,4,2023-01-07,150,150.0,63.75,60.34,9622.84,Returned,B2972,Dec 09 2023,ambient,M1 2AB,urgent
T101292,OR-76137,PN007,Omeprazole 20mg Capsule,S001,NHS Supply Chain,D002,North West Depot,PH009,Midtown Pharmacy,22/07/2023,10,01/08/2023,0,0.0,27.68,200.89,200.89,Delivered,B1191,Oct 03 2025,Room Temp,Unknown,
T100706,OR-95730,PN007,Omeprazole 20mg Capsule,S004,HealQuick,D001,Central Hub London,PH010,University Hospital Pharmacy,2024-10-16,14,30/10/2024,300,300.0,17.15,,5145.0,Partial,9497,15/05/2025,2 to 8°C,LS1 1UR,handle with care
T100222,OR-73941,PN006,Warfarin 2mg Tablet,S002,MediSupply Ltd,D001,Central Hub London,PH004,Community Health Pharmacy,2024-09-12,7,,20,20.0,36.38,165.45,893.05,Partial,B7552,Nov 22 2025,2 to 8°C,M1 2AB,short shipment
T101308,OR-16554,PN007,Omeprazole 20mg Capsule,S005,GlobalMeds,D004,Wales Depot,PH008,Lakeside Pharmacy,2023-03-04,2,2023-03-08,250,250.0,60.94,,15235.0,In Transit,B8248,30/09/2024,Refrigerated,LS1 1UR,handle with care
T100925,OR-54858,PN003,Insulin Glargine 100IU/ml,S003,UKPharma Dist,D002,North West Depot,PH001,St Thomas Hospital Pharmacy,2024/10/12,2,10/14/2024,50,50.0,£58.99,157.16,TBD,Delivered,B5384,15/03/2027,Refrigerated,Unknown,
T101201,OR-74724,PN005,Salbutamol Inhaler,S002,MediSupply Ltd,D001,Central Hub London,PH001,St Thomas Hospital Pharmacy,2025-05-05,2,09/05/2025,2944,2944.0,14.69,217.06,43464.42,In Transit,B8004,2026-04-18,2 to 8°C,,
T100778,OR-73516,PN004,Atorvastatin 20mg Tablet,S004,HealQuick,D002,North West Depot,PH002,Royal Infirmary Pharmacy,12-Apr-2025,14,2025-04-28,250,215.0,£39.67,,9917.5,Delivered,B1193,2026-07-22,2-8C,Unknown,call before delivery
T100065,OR-50306,PN002,Paracetamol 500mg Tablet,S001,NHS Supply Chain,D001,Central Hub London,PH007,Southcare Pharmacy,03/12/2023,14,28 March 2023,500,500.0,72.9,219.74,36669.74,In Transit,,N/A,Refrigerated,,
T100388,OR-64884,PN005,Salbutamol Inhaler,S003,UKPharma Dist,D005,East England Depot,PH010,University Hospital Pharmacy,03/21/2024,2,23 March 2024,100,100.0,£40.55,135.19,4190.19,In Transit,B9297,2024-10-16,2 to 8°C,M1 2AB,urgent
T100568,OR-98124,PN001,Amoxicillin 500mg Capsule,S005,GlobalMeds,D004,Wales Depot,PH008,Lakeside Pharmacy,08/21/2023,14,,300,300.0,26.66,206.74,8204.74,Cancelled,,2024-08-24,ambient,B1 1AA,temperature sensitive
T100024,OR-96363,PN008,Flu Vaccine,S001,NHS Supply Chain ,D002,North West Depot,PH010,University Hospital Pharmacy,2023-07-30,7,2023-08-06,-10,-10.0,8.69,107.47,20.57,Delivered,B1858,Apr 01 2025,2-8C,M1 2AB,short shipment
T100206,OR-55542,PN004,Atorvastatin 20mg Tablet,S005,GlobalMeds,D005,East England Depot,PH007,Southcare Pharmacy,07/29/2024,n/a,TBD,4803,4803.0,53.23,66.1,255729.79,In Transit,B9741,06/03/2025,Room Temp,SE1 9RT,—
T101316,OR-81616,PN009,Metformin 500mg Tablet,S005,GlobalMeds,D002,North West Depot,PH005,County General Pharmacy,2023/07/04,2,08/07/2023,-2,-2.0,61.05,232.43,110.33,Returned,B5928,2024-01-08,Room Temp,se1 9rt,call before delivery
T100890,OR-53276,PN007,Omeprazole 20mg Capsule,S001,NHS Supply Chain,D002,North West Depot,PH008,Lakeside Pharmacy,2023-07-20,5,2023-07-25,500,500.0,59.39,238.83,29933.83,Cancelled,B9415,Nov 14 2025,18C,Unknown,urgent
T100527,OR-47947,PN009,Metformin 500mg Tablet,S003,UKPharma Dist,D002,North West Depot,PH005,County General Pharmacy,09-Mar-2025,4,03/13/2025,0,0.0,69.42,208.73,208.73,Returned,B3438,Dec 31 2025,Cold Chain,LS1 1UR,
T101100,OR-72345,PN003,Insulin Glargine 100IU/ml,S003,UKPharma Dist,D002,North West Depot,PH002,Royal Infirmary Pharmacy,03-Apr-2024,n/a,unknown,200,200.0,52.19,20.47,10458.47,Cancelled,B9382,30/03/2026,ambient,SE1 9RT,
T100859,OR-28621,PN007,Omeprazole 20mg Capsule,S003,UKPharma Dist,D003,Scotland Regional Hub,PH008,Lakeside Pharmacy,15-Sep-2023,n/a,unknown,300,129.0,20.71,42.23,6255.23,Cancelled,B9354,N/A,Refrigerated,LS1 1UR,call before delivery
T100084,OR-61497,PN008,flu vaccine,S001,NHS SUPPLY CHAIN,D001,Central Hub London,PH010,University Hospital Pharmacy,25-Sep-2024,7,2024-10-03,250,250.0,27.57,,6892.5,Cancelled,B7125,09/05/2025,Room Temp,,short shipment
T101440,OR-68487,PN009,Metformin 500mg Tablet,S002,MediSupply Ltd,D005,East England Depot,PH010,University Hospital Pharmacy,2024-10-08,n/a,TBD,200,200.0,2.01,45.7,447.7,In Transit,B9018,Oct 11 2026,2-8C,B1 1AA,call before delivery
T100267,OR-36186,PN003,insulin glargine 100iu/ml,S004,HealQuick,D001,Central Hub London,PH007,Southcare Pharmacy,08/17/2024,n/a,,20,20.0,£30.95,182.94,801.94,Delivered,B1372,Dec 14 2026,2 to 8°C,B1 1AA,urgent
T101031,OR-94264,PN001,Amoxicillin 500mg Capsule,S003,UKPharma Dist,D002,North West Depot,PH005,County General Pharmacy,2023/01/21,10,2023-02-02,50,42.0,55.29,22.31,2786.81,Cancelled,B1421,2025-04-05,Room Temp,Unknown,short shipment
T100893,OR-64682,PN010,Co-codamol 30/500 Tablet,S002,MediSupply Ltd,D002,North West Depot,PH004,Community Health Pharmacy,04/30/2023,2,2023-05-02,250,250.0,£55.52,228.72,14108.72,Cancelled,,Jan 10 2024,,M1 2AB,urgent
T101325,OR-58616,PN006,Warfarin 2mg Tablet,S002,MediSupply Ltd,D002,North West Depot,PH010,University Hospital Pharmacy,2024/02/25,10,08/03/2024,20,20.0,53.79,74.09,1149.89,Partial,,Oct 09 2025,ambient,M1 2AB,urgent
T101442,OR-49219,PN004,Atorvastatin 20mg Tablet,S005,GlobalMeds,D005,East England Depot,PH005,County General Pharmacy,2023-06-12,14,26/06/2023,150,150.0,£42.26,290.83,TBD,Returned,B6024,2024-06-30,Cold Chain,B1 1AA,
T100618,OR-87410,PN003,Insulin Glargine 100IU/ml,S001,NHS Supply Chain,D002,North West Depot,PH002,Royal Infirmary Pharmacy,08-Aug-2024,10,18/08/2024,500,500.0,52.59,150.1,26445.1,Cancelled,,Oct 21 2025,,SE1 9RT,urgent
T101093,OR-37254,PN003,Insulin Glargine 100IU/ml,S003,UKPharma Dist,D005,East England Depot,PH001,St Thomas Hospital Pharmacy,2023/03/09,10,2023-03-19,500,500.0,45.96,,22980.0,Cancelled,B7381,18/12/2023,18C,se1 9rt,short shipment
T101580,OR-40333,PN008,Flu Vaccine,S003,UKPharma Dist,D002,North West Depot,PH004,Community Health Pharmacy,12/31/2023,7,2024-01-07,0,0.0,35.67,159.74,159.74,Returned,B1990,N/A,Room Temp,Unknown,call before delivery
T101092,OR-88649,PN005,Salbutamol Inhaler,S002,MediSupply Ltd,D003,Scotland Regional Hub,PH002,Royal Infirmary Pharmacy,11-Jun-2025,4,2025-06-15,500,500.0,18.41,269.27,9474.27,Returned,B5805,Sep 11 2027,Refrigerated,SE1 9RT,handle with care
T100497,OR-90699,PN009,Metformin 500mg Tablet,S004,HealQuick,D004,Wales Depot,PH005,County General Pharmacy,13/06/2023,2,15 June 2023,150,150.0,32.39,282.98,5141.48,In Transit,B9932,13/01/2024,Cold Chain,SE1 9RT,—
T100268,OR-77051,PN005,Salbutamol Inhaler,S004,HealQuick,D002,North West Depot,PH003,City Clinic Pharmacy,2024/04/17,14,05/01/2024,0,0.0,35.53,287.27,287.27,Returned,B9751,Jan 06 2026,2-8C,LS1 1UR,
T100817,OR-95563,PN009,Metformin 500mg Tablet,S001,NHS Supply Chain ,D004,Wales Depot,PH008,Lakeside Pharmacy,01/12/2025,5,19/01/2025,150,150.0,67.51,241.78,10368.28,Delivered,B1827,11/04/2027,ambient,SE1 9RT,urgent
T100357,OR-88694,PN003,Insulin Glargine 100IU/ml,S002,MediSupply Ltd,D005,East England Depot,PH007,Southcare Pharmacy,08/09/2024,10,19/08/2024,20,20.0,69.33,233.17,1619.77,Returned,B6091,2025-11-10,2 to 8°C,B1 1AA,
T101290,OR-40375,PN005,Salbutamol Inhaler,S001,NHS Supply Chain,D003,Scotland Regional Hub,PH006,Northside Pharmacy,22-Jan-2024,3,01/25/2024,10,10.0,66.4,85.25,749.25,In Transit,B9994,Aug 20 2024,Cold Chain,,
T100610,OR-15152,PN002,Paracetamol 500mg Tablet,S003,UKPharma Dist,D004,Wales Depot,PH002,Royal Infirmary Pharmacy,09/15/2023,5,22/09/2023,50,50.0,£25.83,213.86,TBD,Partial,,N/A,Refrigerated,se1 9rt,short shipment
T100002,OR-79514,PN010,Co-codamol 30/500 Tablet,S002,MediSupply Ltd,D001,Central Hub London,PH002,Royal Infirmary Pharmacy,06/06/2023,5,06/13/2023,0,0.0,57.76,,0.0,Cancelled,B3927,20/03/2024,2 to 8°C,Unknown,urgent
T100006,OR-46265,PN006,Warfarin 2mg Tabl3t,S005,GlobalMeds,D001,Central Hub London,PH009,Midtown Pharmacy,2023/08/07,4,12/08/2023,100,79.0,22.8,40.29,2320.29,Returned,B5616,Jan 19 2025,2 to 8°C,LS1 1UR,
T100306,OR-44208,PN002,Paracetamol 500mg Tablet,S005,GlobalMeds,D003,Scotland Regional Hub,PH002,Royal Infirmary Pharmacy,04/05/2024,14,2024-04-20,50,50.0,11.39,295.59,865.09,In Transit,B2972,2024-12-03,Refrigerated,M1 2AB,call before delivery
T101078,OR-41054,PN009,Metformin 500mg Tablet,S003,UKPharma Dist,D005,East England Depot,PH007,Southcare Pharmacy,2024-08-09,10,21/08/2024,500,500.0,31.66,155.19,15985.19,Partial,B5764,29/04/2025,,M1 2AB,
T100844,OR-83181,PN008,Flu Vaccine,S004,HealQuick,D005,East England Depot,PH004,Community Health Pharmacy,2024-08-04,5,09 August 2024,150,150.0,71.13,146.03,10815.53,Cancelled,B7633,2025-02-05,Cold Chain,SE1 9RT,temperature sensitive
T100652,OR-83219,PN006,Warfarin 2mg Tablet,S003,UKPharma Dist,D002,North West Depot,PH005,County General Pharmacy,01/07/2025,2,,300,300.0,64.78,284.42,19718.42,In Transit,B1236,2026-07-11,2-8C,Unknown,urgent
T100359,OR-65299,PN010,co-codamol 30/500 tablet,S004,HealQuick,D004,Wales Depot,PH001,St Thomas Hospital Pharmacy,2023/06/14,7,06/21/2023,100,100.0,70.32,214.48,7246.48,Partial,B9924,N/A,2 to 8°C,B1 1AA,"urgent
please confirm"
T101577,OR-73614,PN006,Warfarin 2mg Tablet,S004,HealQuick,D005,East England Depot,PH008,Lakeside Pharmacy,22/02/2024,14,03/07/2024,3327,3327.0,68.13,13.96,226682.47,Returned,B9682,03/11/2024,2 to 8°C,SE1 9RT,short shipment
T100210,OR-20959,PN005,Salbutamol Inhaler,S003,UKPharma Dist,D003,Scotland Regional Hub,PH002,Royal Infirmary Pharmacy,2025-03-18,3,03/21/2025,250,250.0,11.28,230.26,3050.26,Partial,B7782,Jun 27 2027,Room Temp,Unknown,short shipment
T100787,OR-86435,PN010,Co-codamol 30/500 Tablet,S004,HealQuick,D003,Scotland Regional Hub,PH008,Lakeside Pharmacy,2024/12/25,2,27/12/2024,10,10.0,68.58,197.12,882.92,Returned,B9801,Mar 06 2026,Refrigerated,M1 2AB,
T100027,OR-66446,PN002,Paracetamol 500mg Tablet,S005,GlobalMeds,D003,Scotland Regional Hub,PH003,City Clinic Pharmacy,14-Jan-2024,14,01/28/2024,10,10.0,20.85,128.97,337.47,Partial,B6053,2025-08-20,2-8C,B1 1AA,—
T101143,OR-47630,PN003,Insulin Glargine 100IU/ml,S001,NHS Supply Chain ,D003,Scotland Regional Hub,PH004,Community Health Pharmacy,04-Jun-2024,n/a,TBD,500,500.0,42.85,193.46,21618.46,Delivered,B2061,N/A,Refrigerated,,temperature sensitive
T100995,OR-80964,PN006,Warfarin 2mg Tablet,S002,MediSupply Ltd,D005,East England Depot,PH009,Midtown Pharmacy,02-Apr-2024,14,2024-04-16,20,20.0,66.56,6.26,1337.46,Returned,B9108,19/03/2025,18C,m1 2ab,call before delivery
T101463,OR-55115,PN010,Co-codamol 30/500 Tablet,S002,MediSupply Ltd,D001,Central Hub London,PH001,St Thomas Hospital Pharmacy,2025/06/16,5,21/06/2025,500,500.0,54.08,152.13,27192.13,Returned,B4931,03/01/2027,2-8C,LS1 1UR,handle with care
T100765,OR-76846,PN002,Paracetamol 500mg Tablet,S002,MediSupply Ltd,D001,Central Hub London,PH009,Midtown Pharmacy,10/08/2024,10,,150,150.0,69.74,220.96,10681.96,Cancelled,B1501,21/09/2026,18C,B1 1AA,handle with care
T100626,OR-72471,PN001,Amoxicillin 500mg Capsule,S003,UKPharma Dist,D002,North West Depot,PH003,City Clinic Pharmacy,02/15/2024,10,,150,150.0,63.6,185.23,9725.23,Delivered,B3535,2025-08-09,18C,N/A,handle with care
T100898,OR-39215,PN005,Salbutamol Inhaler,S003,UKPharma Dist,D001,Central Hub London,PH004,Community Health Pharmacy,2024-05-02,10,,250,250.0,32.4,135.86,8235.86,Returned,B1224,Oct 11 2026,2 to 8°C,,temperature sensitive
T100704,OR-89725,PN004,Atorvastatin 20mg Tablet,S003,UKPharma Dist,D001,Central Hub London,PH006,Northside Pharmacy,02/03/2024,2,06/02/2024,300,300.0,18.79,245.82,5882.82,Returned,,2025-01-09,Room Temp,Unknown,call before delivery
T100677,OR-95245,PN003,Insulin Glargine 100IU/ml,S004,HealQuick,D002,North West Depot,PH008,Lakeside Pharmacy,06/12/2025,3,2025-06-16,200,200.0,68.5,80.59,13780.59,Delivered,B9797,Jul 24 2026,ambient,,handle with care
T100944,OR-96974,PN009,Metformin 500mg Tablet,S004,HealQuick ,D001,Central Hub London,PH008,Lakeside Pharmacy,2023/01/26,10,2023-02-05,200,200.0,74.12,45.88,14869.88,Returned,,Dec 08 2024,Refrigerated,,short shipment
T100612,OR-71718,PN002,Paracetamol 500mg Tablet,S003,UKPharma Dist,D005,East England Depot,PH004,Community Health Pharmacy,03/18/2024,3,2024-03-23,100,100.0,£66.9,15.46,6705.46,Cancelled,B8159,11/04/2026,2 to 8°C,B1 1AA,call before delivery
T101189,OR-44024,PN009,Metformin 500mg Tablet,S003,UKPharma Dist,D005,East England Depot,PH010,University Hospital Pharmacy,2024/06/04,5,10/06/2024,250,179.0,13.87,79.61,3547.11,Returned,B6950,Nov 20 2025,Refrigerated,B1 1AA,temperature sensitive
T100251,OR-85743,PN002,Paracetamol 500mg Tablet,S003,UKPharma Dist,D005,East England Depot,PH007,Southcare Pharmacy,2023-01-21,7,01/30/2023,150,150.0,7.93,112.97,1302.47,Partial,B8919,2025-07-08,,LS1 1UR,short shipment
T100025,OR-22656,PN008,Flu Vaccine,S004,HealQuick,D004,Wales Depot,PH002,Royal Infirmary Pharmacy,24-Mar-2023,2,03/27/2023,250,250.0,49.28,259.65,12579.65,Partial,B8430,26/12/2023,18C,B1 1AA,
T100331,OR-40818,PN006,Warfarin 2mg Tablet,S003,UKPharma Dist,D005,East England Depot,PH002,Royal Infirmary Pharmacy,2023.02.10,3,02/15/2023,300,300.0,64.0,154.47,19354.47,Cancelled,,Jul 20 2024,Cold Chain,M1 2AB,call before delivery
T100561,OR-43611,PN010,Co-codamol 30/500 Tablet,S001,NHS Supply Chain,D003,Scotland Regional Hub,PH009,Midtown Pharmacy,15/02/2023,3,02/18/2023,500,500.0,53.12,26.56,26586.56,Returned,B1405,2023-11-06,18C,Unknown,short shipment
T100047,OR-16145,PN006,Warfarin 2mg Tablet,S001,NHS Supply Chain ,D005,East England Depot,PH001,St Thomas Hospital Pharmacy,04/09/2023,7,2023-09-11,50,50.0,74.51,172.83,3898.33,Cancelled,B3347,17/08/2025,ambient,Unknown,call before delivery
T100105,OR-30789,PN001,Amoxicillin 500mg Capsule,S004,HealQuick,D002,North West Depot,PH001,St Thomas Hospital Pharmacy,20/05/2024,4,2024-05-25,20,20.0,14.82,248.48,544.88,In Transit,B8257,Dec 20 2024,2 to 8°C,,call before delivery
T100344,OR-21118,PN010,Co-codamol 30/500 Tabl3t,S003,UKPharma Dist,D005,East England Depot,PH003,City Clinic Pharmacy,2023-01-28,7,2023-02-04,20,20.0,49.79,35.36,1031.16,Cancelled,B8074,2023-09-29,Cold Chain,B1 1AA,call before delivery
T100055,OR-48722,PN003,Insulin Glargine 100IU/ml,S005,GlobalMeds,D005,East England Depot,PH007,Southcare Pharmacy,2024-07-10,4,2024-07-14,150,150.0,48.68,238.87,7540.87,In Transit,B9499,11/12/2026,ambient,,handle with care
T100923,OR-80644,PN007,Omeprazole 20mg Capsule,S003,UKPharma Dist,D003,Scotland Regional Hub,PH005,County General Pharmacy,03/02/2025,4,2025-02-09,0,0.0,17.44,293.83,293.83,Cancelled,B8278,26/12/2025,18C,Unknown,
T100208,OR-68238,PN003,insulin glargine 100iu/ml,S002,MediSupply Ltd,D002,North West Depot,PH002,Royal Infirmary Pharmacy,2023-05-27,5,2023-06-01,0,,62.08,13.12,13.12,In Transit,B1221,2023-12-02,Refrigerated,M1 2AB,urgent
T100117,OR-43175-DUP,PN009,Metformin 500mg Tablet,S002,MediSupply Ltd,D002,North West Depot,PH008,Lakeside Pharmacy,03-Apr-2023,10,04/13/2023,150,150.0,46.1,13.17,6928.17,In Transit,B3369,21/11/2023,18C,LS1 1UR,—
T101340,OR-87070,PN003,Insulin Glargine 100IU/ml,S003,UKPharma Dist,D005,East England Depot,PH005,County General Pharmacy,2023-05-08,10,18/05/2023,100,,55.8,25.72,5605.72,In Transit,B9039,Oct 21 2025,Cold Chain,B1 1AA,handle with care
T101179,OR-19287,PN004,Atorvastatin 20mg Tablet,S001,NHS Supply Chain,D004,Wales Depot,PH009,Midtown Pharmacy,2025/01/07,4,2025-01-11,50,50.0,29.57,278.94,1757.44,Returned,B7779,2027-06-12,2 to 8°C,SE1 9RT,urgent
T100071,OR-73273,PN002,Paracetamol 500mg Tablet,S001,NHS Supply Chain,D003,Scotland Regional Hub,PH008,Lakeside Pharmacy,12-Jan-2023,10,2023-01-22,200,200.0,41.18,259.22,8495.22,In Transit,B1547,2024-06-01,2-8C,LS1 1UR,
T101382,OR-56034,PN004,Atorvastatin  20mg  Tablet,S002,MediSupply Ltd,D005,East England Depot,PH006,Northside Pharmacy,31/01/2024,5,02/05/2024,20,20.0,25.39,23.83,531.63,Cancelled,B4126,2025-03-18,Cold Chain,Unknown,short shipment
T100888,OR-28500,PN002,Paracetamol 500mg Tablet,S005,GlobalMeds,D004,Wales Depot,PH003,City Clinic Pharmacy,2024-07-04,14,2024-07-19,100,100.0,68.23,242.74,7065.74,Delivered,,2026-01-21,Refrigerated,B1 1AA,
T101176,OR-17693,PN002,Paracetamol 500mg Tablet,S002,MediSupply Ltd,D004,Wales Depot,PH001,St Thomas Hospital Pharmacy,23-Jan-2025,10,2025-02-04,150,150.0,65.84,25.1,9901.1,Returned,,20/11/2025,18C,Unknown,urgent
T100045,OR-50392,PN005,Salbutamol Inhaler,S004,HealQuick,D005,East England Depot,PH006,Northside Pharmacy,2024/03/01,14,03/15/2024,10,10.0,8.86,60.65,149.25,Returned,B4365,Jan 10 2026,Cold Chain,LS1 1UR,short shipment
T101342,OR-93535,PN005,Salbutamol Inhaler,S005,GlobalMeds,D001,Central Hub London,PH002,Royal Infirmary Pharmacy,01/15/2025,2,17/01/2025,200,200.0,37.57,23.78,7537.78,Delivered,,N/A,Room Temp,SE1 9RT,short shipment
T100514,OR-15491,PN007,Omeprazole 20mg Capsule,S004,HealQuick,D002,North West Depot,PH005,County General Pharmacy,04/26/2024,2,29/04/2024,20,20.0,19.52,77.01,467.41,Returned,B8738,2024-10-28,Room Temp,N/A,urgent
T101131,OR-76996,PN008,Flu Vaccine,S005,GlobalMeds,D004,Wales Depot,PH006,Northside Pharmacy,07/03/2024,14,2024-03-23,50,50.0,19.57,220.61,1199.11,In Transit,B2998,Dec 26 2024,2-8C,B1 1AA,
T100899,OR-30095,PN010,Co-codamol 30/500 Tablet,S001,NHS Supply Chain,D003,Scotland Regional Hub,PH003,City Clinic Pharmacy,06-May-2025,2,10/05/2025,0,,68.44,119.35,119.35,Delivered,B6873,Nov 23 2025,ambient,M1 2AB,short shipment
T100992,OR-26739,PN004,Atorvastatin 20mg Tablet,S003,UKPharma Dist,D003,Scotland Regional Hub,PH001,St Thomas Hospital Pharmacy,2024/01/19,3,23/01/2024,200,200.0,49.81,187.27,10149.27,Returned,B8202,2025-03-18,2-8C,M1 2AB,short shipment
T100958,OR-33047,PN002,Paracetamol 500mg Tablet,S001,NHS Supply Chain,D002,North West Depot,PH008,Lakeside Pharmacy,2025-02-04,3,08/02/2025,150,150.0,31.9,296.17,5081.17,Partial,,Sep 03 2025,2 to 8°C,Unknown,short shipment
T100524,OR-93482,PN005,Salbutamol Inhaler,S005,GlobalMeds,D001,Central Hub London,PH008,Lakeside Pharmacy,2023/10/02,2,2023-10-04,10,10.0,66.9,89.96,758.96,Delivered,B5180,24/10/2024,ambient,B1 1AA,urgent
T101203,OR-55350,PN004,Atorvastatin 20mg Tablet,S004,HealQuick ,D003,Scotland Regional Hub,PH005,County General Pharmacy,09/20/2023,10,2023-09-30,150,150.0,70.6,285.33,10875.33,Partial,,12/07/2025,Room Temp,LS1 1UR,temperature sensitive
T100591,OR-13604,PN008,Flu Vaccine,S002,MediSupply Ltd,D003,Scotland Regional Hub,PH005,County General Pharmacy,06-Jun-2025,5,11/06/2025,150,150.0,66.54,235.07,10216.07,Returned,B5699,Sep 21 2026,ambient,M1 2AB,temperature sensitive
T100457,OR-91962,PN002,Paracetamol 500mg Tablet,S003,UKPharma Dist,D004,Wales Depot,PH005,County General Pharmacy,2024/05/05,7,2024-05-14,300,300.0,17.69,26.57,5333.57,Partial,B3140,04/09/2025,Refrigerated,Unknown,urgent
T101169,OR-75037,PN004,Atorvastatin 20mg Tablet,S005,GlobalMeds,D004,Wales Depot,PH006,Northside Pharmacy,07/20/2023,2,07/22/2023,150,135.0,66.16,153.45,10077.45,Returned,B4468,17/09/2025,Cold Chain,Unknown,handle with care
T100773,OR-86610,PN005,Salbutamol Inhaler,S002,MediSupply Ltd,D003,Scotland Regional Hub,PH001,St Thomas Hospital Pharmacy,24/04/2024,4,2024-04-28,200,200.0,17.08,140.62,3556.62,In Transit,B2706,Aug 20 2025,Cold Chain,B1 1AA,urgent
T101358,OR-79784,PN003,Insulin Glargine 100IU/ml,S002,MediSupply Ltd,D001,Central Hub London,PH001,St Thomas Hospital Pharmacy,2024-07-22,2,,0,0.0,58.93,207.39,207.39,Delivered,B7820,Apr 03 2026,ambient,B1 1AA,
T100884,OR-87886,PN002,Paracetamol 500mg Tablet,S004,HealQuick,D003,Scotland Regional Hub,PH005,County General Pharmacy,2024-04-03,4,07/04/2024,150,150.0,59.47,295.81,9216.31,Returned,B2876,17/01/2026,Refrigerated,LS1 1UR,short shipment
T101262,OR-44453,PN006,warfarin 2mg tablet,S005,GlobalMeds,D003,Scotland Regional Hub,PH007,Southcare Pharmacy,2023-12-07,4,12/12/2023,20,20.0,3.03,70.23,130.83,Partial,B9373,2024-12-14,Refrigerated,M1 2AB,
T100060,OR-20803,PN005,Salbutamol Inhaler,S004,HEALQUICK,D001,Central Hub London,PH008,Lakeside Pharmacy,12-Oct-2024,14,28/10/2024,100,100.0,26.11,29.87,2640.87,Delivered,B3588,10/04/2025,Room Temp,B1 1AA,handle with care
T101012,OR-64731,PN003,Insulin Glargine 100IU/ml,S003,UKPharma Dist,D001,Central Hub London,PH003,City Clinic Pharmacy,2023-12-20,2,22/12/2023,0,0.0,67.37,145.32,145.32,Delivered,B9706,Sep 10 2025,Refrigerated,Unknown,
T100091,OR-72908,PN009,Metformin 500mg Tablet,S003,UKPharma Dist,D005,East England Depot,PH001,St Thomas Hospital Pharmacy,2025/05/21,7,05/29/2025,150,150.0,5.7,98.5,953.5,In Transit,B6971,29/01/2027,Room Temp,,handle with care
T100653,OR-12553,PN008,Flu Vaccine,S001,NHS Supply Chain ,D005,East England Depot,PH009,Midtown Pharmacy,2023-07-27,5,02/08/2023,20,,46.48,41.32,970.92,Delivered,B3624,2026-01-06,18C,SE1 9RT,handle with care
T100796,OR-65990,PN005,Salbutamol Inhaler,S001,NHS Supply Chain,D005,East England Depot,PH006,Northside Pharmacy,2023/07/22,7,30/07/2023,500,500.0,23.11,182.27,11737.27,Delivered,B6067,Mar 11 2025,18C,,short shipment
T100189,OR-63950,PN005,Salbutamol Inhaler,S004,HealQuick,D001,Central Hub London,PH007,Southcare Pharmacy,10/03/2024,2,03/12/2024,500,500.0,71.41,231.29,35936.29,Partial,B2316,2025-03-18,2 to 8°C,,call before delivery
T100275,OR-52869,PN003,Insulin Glargine 100IU/ml,S004,HealQuick,D003,Scotland Regional Hub,PH009,Midtown Pharmacy,27-Jun-2024,3,01/07/2024,250,250.0,27.48,77.71,6947.71,In Transit,B7730,May 06 2026,2-8C,Unknown,
T100681,OR-94572,PN007,Omeprazole 20mg Capsule,S005,GlobalMeds,D004,Wales Depot,PH006,Northside Pharmacy,04-Aug-2024,n/a,unknown,150,150.0,53.4,154.18,8164.18,Cancelled,B4674,2025-07-14,18C,M1 2AB,temperature sensitive
T100354,OR-47455,PN007,Omeprazole 20mg Capsule,S004,HealQuick,D002,North West Depot,PH010,University Hospital Pharmacy,2023/08/04,4,,300,300.0,64.78,158.58,19592.58,Cancelled,B3033,Dec 14 2025,,SE1 9RT,short shipment
T100510,OR-62892,PN008,Flu  Vaccine,S004,HealQuick,D003,Scotland Regional Hub,PH003,City Clinic Pharmacy,2024/09/30,3,10/03/2024,0,,48.78,110.05,110.05,In Transit,B1039,2026-06-12,2 to 8°C,,call before delivery
T100927,OR-64275,PN004,Atorvastatin 20mg Tablet,S002,MediSupply Ltd,D001,Central Hub London,PH009,Midtown Pharmacy,01/21/2023,2,01/25/2023,250,250.0,66.71,294.67,16972.17,Cancelled,B9442,Mar 22 2024,Room Temp,SE1 9RT,call before delivery
T100873,OR-49248,PN009,Metformin 500mg Tablet,S003,UKPharma Dist ,D001,Central Hub London,PH010,University Hospital Pharmacy,2023-10-24,-2,24 October 2023,500,500.0,36.77,113.29,18498.29,Cancelled,B2525,Feb 20 2025,Room Temp,M1 2AB,short shipment
T100177,OR-66300,PN002,Paracetamol 500mg Tablet,S004,HealQuick,D003,Scotland Regional Hub,PH001,St Thomas Hospital Pharmacy,31/01/2023,3,02/03/2023,50,35.0,28.73,280.83,1717.33,Cancelled,B9633,Apr 28 2025,2-8C,B1 1AA,temperature sensitive
T101088,OR-18856,PN001,Amoxicillin 500mg Capsule,S003,UKPharma Dist,D003,Scotland Regional Hub,PH009,Midtown Pharmacy,19-May-2025,-2,05/17/2025,250,250.0,49.05,16.4,12278.9,Returned,B9677,N/A,Room Temp,,urgent
T101215,OR-91604,PN008,Flu Vaccine,S005,GlobalMeds,D003,Scotland Regional Hub,PH001,St Thomas Hospital Pharmacy,2024-09-12,14,26/09/2024,500,500.0,56.14,258.85,28328.85,Returned,B3293,N/A,2-8C,B1 1AA,urgent
T100109,OR-77844,PN009,Metformin 500mg Tablet,S005,GlobalMeds,D001,Central Hub London,PH010,University Hospital Pharmacy,01/02/2024,5,01/07/2024,20,20.0,41.48,123.7,953.3,Cancelled,B9939,14/01/2026,ambient,N/A,
T100979,OR-40633,PN008,flu vaccine,S002,MediSupply Ltd,D003,Scotland Regional Hub,PH002,Royal Infirmary Pharmacy,23/12/2024,7,31/12/2024,200,200.0,30.65,142.69,6272.69,Delivered,B9309,02/02/2026,Cold Chain,Unknown,short shipment
T100042,OR-39579,PN005,Salbutamol Inhaler,S005,GlobalMeds,D003,Scotland Regional Hub,PH005,County General Pharmacy,22/12/2024,5,12/28/2024,200,200.0,£11.41,286.59,2568.59,Cancelled,B4505,Dec 23 2026,18C,SE1 9RT,urgent
T100732,OR-56176,PN008,Flu Vaccine,S001,NHS Supply Chain,D001,Central Hub London,PH004,Community Health Pharmacy,2023/02/24,5,02/03/2023,250,250.0,57.28,221.84,14541.84,Delivered,B3231,13/06/2024,2-8C,m1 2ab,temperature sensitive
T100121,OR-87894,PN003,Insulin Glargine 100IU/ml,S003,UKPharma Dist,D001,Central Hub London,PH008,Lakeside Pharmacy,17/06/2025,14,02/07/2025,50,,36.46,277.09,2100.09,Cancelled,B2609,2027-05-26,Room Temp,LS1 1UR,"
please confirm"
T100199,OR-16929,PN006,Warfarin 2mg Tablet,S003,UKPharma Dist,D003,Scotland Regional Hub,PH001,St Thomas Hospital Pharmacy,04/11/2023,3,04/14/2023,500,500.0,64.97,268.97,32753.97,Partial,B9711,2024-11-23,,Unknown,urgent
T101293,OR-75459,PN006,Warfarin 2mg Tablet,S002,MediSupply Ltd ,D001,Central Hub London,PH009,Midtown Pharmacy,2024/09/05,2,09/07/2024,250,250.0,7.25,37.09,1849.59,Cancelled,B5414,14/02/2026,Room Temp,M1 2AB,handle with care
T100052,OR-57277,PN005,Salbutamol Inhaler,S004,HealQuick,D004,Wales Depot,PH003,City Clinic Pharmacy,2025-03-20,4,03/24/2025,200,200.0,34.07,112.63,6926.63,Partial,,2027-06-11,18C,M1 2AB,call before delivery
T101209,OR-62997,PN001,Amoxicillin 500mg Capsule,S004,HealQuick,D003,Scotland Regional Hub,PH009,Midtown Pharmacy,01/20/2025,7,28/01/2025,250,250.0,3.42,244.49,1099.49,In Transit,B4850,05/03/2026,Cold Chain,,urgent
T100535,OR-16233,PN006,Warfarin 2mg Tablet,S002,MediSupply Ltd,D005,East England Depot,PH001,St Thomas Hospital Pharmacy,2025-02-18,3,23/02/2025,50,50.0,62.0,26.58,3126.58,Partial,B4547,2026-05-01,2-8C,M1 2AB,call before delivery
T100067,OR-53456,PN008,Flu Vaccine,S003,UKPharma Dist,D001,Central Hub London,PH004,Community Health Pharmacy,05-May-2025,10,15/05/2025,20,20.0,19.11,,382.2,In Transit,B7563,2027-08-08,Refrigerated,se1 9rt,call before delivery
T100499,OR-89300,PN003,Insulin Glargine 100IU/ml,S004,HealQuick,D003,Scotland Regional Hub,PH008,Lakeside Pharmacy,2024-03-17,7,2024-03-24,0,0.0,45.82,293.24,293.24,Cancelled,,Aug 25 2026,Room Temp,Unknown,temperature sensitive
T101237,OR-75827,PN008,Flu Vaccine,S002,MediSupply Ltd,D002,North West Depot,PH001,St Thomas Hospital Pharmacy,01/01/2025,3,01/04/2025,50,50.0,6.75,275.45,612.95,Returned,B9719,25/05/2026,2-8C,SE1 9RT,handle with care
T100982,OR-60733,PN008,Flu Vaccine,S004,HealQuick ,D003,Scotland Regional Hub,PH008,Lakeside Pharmacy,2023/08/04,14,2023-08-18,200,200.0,£50.72,102.86,10246.86,Partial,,09/01/2026,18C,Unknown,short shipment
T101083,OR-91026,PN008,Flu Vaccine,S003,UKPharma Dist,D002,North West Depot,PH001,St Thomas Hospital Pharmacy,04/08/2024,7,15/04/2024,150,150.0,2.22,68.54,401.54,Cancelled,B5455,Dec 08 2024,Room Temp,B1 1AA,handle with care
T100178,OR-30605,PN004,Atorvastatin 20mg Tablet,S005,GlobalMeds,D002,North West Depot,PH001,St Thomas Hospital Pharmacy,06-Oct-2024,14,2024-10-22,500,500.0,38.43,96.55,19311.55,Partial,B7569,2026-11-22,Room Temp,LS1 1UR,handle with care
T100132,OR-54216,PN008,Flu Vaccine,S001,NHS Supply Chain ,D001,Central Hub London,PH007,Southcare Pharmacy,02/05/2023,10,2023-05-12,0,,68.08,,0.0,Cancelled,B2594,2024-04-20,2 to 8°C,SE1 9RT,urgent
T100781,OR-60903,PN005,Salbutamol Inhaler,S005,GlobalMeds,D005,East England Depot,PH008,Lakeside Pharmacy,01/18/2024,3,2024-01-21,20,20.0,11.0,55.38,275.38,Delivered,,Jun 30 2025,2 to 8°C,Unknown,call before delivery
T100127,OR-96396,PN009,Metformin 500mg Tablet,S003,UKPHARMA DIST,D004,Wales Depot,PH009,Midtown Pharmacy,2024/04/25,5,2024-05-01,500,291.0,£13.1,297.11,6847.11,Cancelled,B3077,Aug 02 2025,ambient,m1 2ab,urgent
T100079,OR-15992,PN008,Flu Vaccine,S001,NHS Supply Chain,D002,North West Depot,PH006,Northside Pharmacy,2024.10.11,4,2024-10-15,200,200.0,3.31,4.22,666.22,In Transit,,2025-04-13,Room Temp,M1 2AB,short shipment
T101287,OR-75503,PN007,Omeprazole 20mg Capsule,S002,MediSupply Ltd,D004,Wales Depot,PH010,University Hospital Pharmacy,19/01/2023,10,01/30/2023,50,50.0,37.95,198.85,2096.35,Cancelled,B9493,2024-05-02,2-8C,M1 2AB,short shipment
T100104,OR-16505,PN008,Flu Vaccine,S004,HealQuick,D003,Scotland Regional Hub,PH010,University Hospital Pharmacy,2023-08-25,3,08/30/2023,200,200.0,38.99,208.18,8006.18,Returned,B7765,01/05/2024,2-8C,Unknown,temperature sensitive
T101421,OR-67523,PN001,Amoxicillin 500mg Capsule,S004,HealQuick,D005,East England Depot,PH007,Southcare Pharmacy,2025-04-27,14,2025-05-11,150,150.0,32.43,196.97,5061.47,Cancelled,B3129,2027-04-30,Refrigerated,ls1 1ur,call before delivery
T100531,OR-67872,PN010,Co-codamol 30/500 Tablet,S004,HealQuick,D002,North West Depot,PH005,County General Pharmacy,2024/11/08,10,2024-11-18,20,20.0,£42.42,146.38,994.78,Cancelled,B9370,2026-07-07,ambient,M1 2AB,short shipment
T101084,OR-16955,PN003,Insulin Glargine 100IU/ml,S001,NHS Supply Chain,D004,Wales Depot,PH003,City Clinic Pharmacy,2024/09/23,4,2024-09-27,0,0.0,57.86,84.96,84.96,In Transit,B5024,31/12/2026,18C,M1 2AB,urgent
T100472,OR-16831,PN002,Paracetamol 500mg Tablet,S004,HealQuick,D002,North West Depot,PH010,University Hospital Pharmacy,26-Jun-2023,14,2023-07-10,100,100.0,33.68,43.15,3411.15,In Transit,B4411,Feb 05 2025,Room Temp,B1 1AA,call before delivery
T100160,OR-34670,PN009,Metformin  500mg  Tablet,S002,MediSupply Ltd,D004,Wales Depot,PH005,County General Pharmacy,2023/11/18,14,2023-12-03,10,10.0,£40.31,35.0,438.1,Partial,B8974,Feb 06 2026,18C,M1 2AB,urgent
T100243,OR-92617,PN002,Paracetamol 500mg Tablet,S004,HealQuick,D003,Scotland Regional Hub,PH003,City Clinic Pharmacy,26-Jan-2023,4,31/01/2023,20,20.0,8.41,214.73,382.93,Cancelled,B7206,2023-08-27,Cold Chain,,urgent
T100302,OR-87635,PN002,Paracetamol 500mg Tablet,S001,NHS Supply Chain,D001,Central Hub London,PH001,St Thomas Hospital Pharmacy,19/03/2024,10,2024-03-29,250,250.0,£64.94,,TBD,In Transit,B9880,Mar 27 2025,2 to 8°C,B1 1AA,urgent
T100438,OR-24751,PN010,Co-codamol 30/500 Tablet,S002,MediSupply Ltd,D001,Central Hub London,PH008,Lakeside Pharmacy,25-Jan-2025,n/a,unknown,250,250.0,23.19,,5897.5,Partial,B9159,Jul 19 2026,ambient,SE1 9RT,short shipment
T101354,OR-19003,PN010,Co-codamol  30/500  Tablet,S003,UKPharma Dist ,D005,East England Depot,PH005,County General Pharmacy,2023-06-24,10,04 July 2023,100,100.0,64.93,196.22,6689.22,Partial,B2808,2024-08-22,Room Temp,,
T100329,OR-41784,PN006,Warfarin 2mg Tablet,S003,UKPharma Dist,D003,Scotland Regional Hub,PH006,Northside Pharmacy,23/06/2024,14,2024-07-08,0,0.0,72.97,177.51,177.51,In Transit,B4587,2025-08-31,2-8C,Unknown,temperature sensitive
T101394,OR-81062,PN008,Flu Vaccine,S004,HealQuick ,D003,Scotland Regional Hub,PH005,County General Pharmacy,15-Dec-2024,14,29/12/2024,10,10.0,1.06,203.75,214.35,Returned,B3175,28/05/2026,2 to 8°C,N/A,"
please confirm"
T100834,OR-24708,PN007,Omeprazole 20mg Capsule,S002,MediSupply Ltd,D002,North West Depot,PH007,Southcare Pharmacy,28-Nov-2023,5,04/12/2023,100,100.0,34.22,215.75,3637.75,Returned,B6294,Jul 29 2025,Refrigerated,,
T100096,OR-76629,PN002,Paracetamol 500mg Tablet,S002,MediSupply Ltd ,D001,Central Hub London,PH010,University Hospital Pharmacy,2024-06-19,5,2024-06-25,500,500.0,21.03,123.97,10638.97,Cancelled,B8925,Oct 26 2025,Cold Chain,,call before delivery
T101594,OR-27046,PN007,Omeprazole 20mg Capsule,S003,UKPharma Dist ,D001,Central Hub London,PH004,Community Health Pharmacy,07-Sep-2023,14,23/09/2023,150,150.0,65.31,3.85,9800.35,Partial,B1061,2024-11-01,Cold Chain,Unknown,urgent
T101578,OR-98346,PN008,Flu Vaccine,S002,MediSupply Ltd,D003,Scotland Regional Hub,PH004,Community Health Pharmacy,2024/05/04,5,2024-05-10,200,146.0,43.09,265.43,8883.43,Cancelled,B8638,19/10/2026,18C,B1 1AA,handle with care
T100723,OR-96226,PN002,Paracetamol 500mg Tablet,S001,NHS Supply Chain,D004,Wales Depot,PH004,Community Health Pharmacy,02/10/2024,14,18/10/2024,300,257.0,39.52,282.53,12138.53,Partial,B5806,14/03/2027,ambient,LS1 1UR,urgent
T101023,OR-35794,PN002,paracetamol 500mg tablet,S004,HealQuick ,D002,North West Depot,PH004,Community Health Pharmacy,2024-01-21,3,01/25/2024,10,10.0,44.28,200.55,643.35,Partial,B3986,2025-02-02,2-8C,B1 1AA,urgent
T101154,OR-42171,PN007,Omeprazole 20mg Capsule,S004,HealQuick,D001,Central Hub London,PH007,Southcare Pharmacy,2023/05/08,10,2023-05-18,100,100.0,22.06,287.46,2493.46,Delivered,,2025-01-13,18C,,
T100413,OR-41395,PN007,Omeprazole 20mg Capsule,S003,UKPharma Dist,D003,Scotland Regional Hub,PH004,Community Health Pharmacy,05/01/2024,7,01/14/2024,300,270.0,9.92,6.64,2992.64,Returned,B6019,17/06/2025,Refrigerated,M1 2AB,temperature sensitive
T100101,OR-36077,PN003,Insulin Glargine 100IU/ml,S001,NHS Supply Chain,D005,East England Depot,PH007,Southcare Pharmacy,05/26/2025,14,09/06/2025,300,300.0,£64.46,29.69,TBD,Cancelled,B2577,30/10/2026,Refrigerated,M1 2AB,handle with care
T100426,OR-17660,PN007,Omeprazole 20mg Capsule,S002,MediSupply Ltd,D002,North West Depot,PH005,County General Pharmacy,21/02/2024,2,02/25/2024,200,,41.64,94.14,8422.14,Cancelled,B1821,Jun 19 2026,Cold Chain,M1 2AB,
T100073,OR-92211,PN005,Salbutamol Inhaler,S005,GlobalMeds,D001,Central Hub London,PH002,Royal Infirmary Pharmacy,15-Nov-2024,5,11/20/2024,300,300.0,22.76,10.42,6838.42,Returned,B3415,2026-08-16,Room Temp,b1 1aa,call before delivery
T101431,OR-18150,PN007,Omeprazole 20mg Capsule,S001,NHS Supply Chain,D001,Central Hub London,PH009,Midtown Pharmacy,2024-07-29,10,08/10/2024,0,0.0,62.1,42.69,42.69,Cancelled,B5311,Jan 04 2026,18C,unknown,temperature sensitive
T100920,OR-87799,PN002,Paracetamol 500mg Tablet,S002,MediSupply Ltd,D003,Scotland Regional Hub,PH007,Southcare Pharmacy,01/29/2023,2,2023-02-02,500,500.0,65.67,86.83,32921.83,Returned,B3589,Jan 07 2024,,SE1 9RT,temperature sensitive
T101005,OR-12027,PN008,Flu Vaccine,S005,GlobalMeds,D004,Wales Depot,PH001,St Thomas Hospital Pharmacy,2024.12.29,2,01/01/2025,0,0.0,9.07,53.64,53.64,In Transit,B5688,2027-04-10,ambient,M1 2AB,short shipment
T101451,OR-25398,PN001,Amoxicillin 500mg Capsule,S003,UKPharma Dist,D003,Scotland Regional Hub,PH010,University Hospital Pharmacy,01/14/2023,3,2023-01-17,10,10.0,7.88,186.03,264.83,Returned,B8556,N/A,Refrigerated,M1 2AB,call before delivery
T100297,OR-60369,PN007,Omeprazole 20mg Capsule,S005,GlobalMeds,D002,North West Depot,PH006,Northside Pharmacy,08/02/2023,5,09/08/2023,200,200.0,42.84,235.24,8803.24,Partial,B6028,Jun 21 2024,18C,Unknown,handle with care
T101376,OR-86574,PN010,Co-codamol 30/500 Tablet,S002,MediSupply Ltd,D003,Scotland Regional Hub,PH007,Southcare Pharmacy,11/12/2023,3,2023-11-15,0,0.0,47.93,81.96,81.96,Partial,B5592,16/07/2025,Cold Chain,Unknown,call before delivery
T101424,OR-65834,PN010,Co-codamol 30/500 Tablet,S003,UKPharma Dist,D003,Scotland Regional Hub,PH001,St Thomas Hospital Pharmacy,04-Aug-2024,7,12/08/2024,300,219.0,25.56,104.32,7772.32,Returned,B5625,2025-10-08,Cold Chain,LS1 1UR,handle with care
T101298,OR-98366,PN002,Paracetamol 500mg Tablet,S003,UKPHARMA DIST,D004,Wales Depot,PH003,City Clinic Pharmacy,08/09/2024,14,09/23/2024,100,100.0,13.62,61.41,1423.41,Cancelled,B6587,2025-05-06,2-8C,SE1 9RT,handle with care
T100809,OR-32018,PN010,Co-codamol 30/500 Tablet,S005,GlobalMeds,D001,Central Hub London,PH001,St Thomas Hospital Pharmacy,20-Apr-2024,4,2024-04-24,250,250.0,25.8,51.45,6501.45,Delivered,,16/03/2026,Cold Chain,B1 1AA,call before delivery
T100747,OR-97422,PN006,Warfarin 2mg Tablet,S004,HealQuick,D002,North West Depot,PH007,Southcare Pharmacy,27/01/2023,14,10/02/2023,0,0.0,16.91,20.4,20.4,Returned,,2024-11-15,Room Temp,LS1 1UR,handle with care
T100719,OR-99418,PN005,Salbutamol Inhaler,S002,MediSupply Ltd,D001,Central Hub London,PH005,County General Pharmacy,09-Jan-2025,14,23/01/2025,200,200.0,14.04,61.68,2869.68,Cancelled,B2500,23/12/2026,ambient,N/A,temperature sensitive
T100383,OR-65264,PN002,Paracetamol 500mg Tablet,S005,GlobalMeds,D004,Wales Depot,PH009,Midtown Pharmacy,31/05/2024,14,2024-06-16,500,500.0,59.36,13.21,29693.21,In Transit,B4672,18/12/2025,Refrigerated,,handle with care
T100230,OR-74011,PN007,Omeprazole 20mg Capsule,S005,GlobalMeds,D005,East England Depot,PH003,City Clinic Pharmacy,29-Sep-2023,5,2023-10-05,150,150.0,59.54,2.5,8933.5,In Transit,B5747,05/02/2026,ambient,m1 2ab,handle with care
T101322,OR-42348,PN002,Paracetamol 500mg Tablet,S004,HealQuick,D002,North West Depot,PH003,City Clinic Pharmacy,18/01/2024,3,,10,7.0,8.85,276.11,364.61,Returned,B1252,May 17 2025,,,
T100262,OR-65583,PN001,Amoxicillin 500mg Capsule,S002,MediSupply Ltd,D004,Wales Depot,PH008,Lakeside Pharmacy,05-Feb-2023,5,2023-02-10,10,10.0,10.09,3.48,104.38,Partial,B5963,14/05/2025,Refrigerated,LS1 1UR,handle with care
T100300,OR-59170,PN006,Warfarin 2mg Tablet,S003,UKPharma Dist,D001,Central Hub London,PH010,University Hospital Pharmacy,08/27/2024,4,2024-09-01,20,20.0,£32.75,225.0,880.0,Delivered,B1514,N/A,,LS1 1UR,temperature sensitive
T100897,OR-66774,PN002,Paracetamol 500mg Tablet,S003,UKPharma Dist,D004,Wales Depot,PH003,City Clinic Pharmacy,2023/10/09,3,14/10/2023,10,10.0,17.21,242.68,414.78,Returned,B5572,2025-06-12,2-8C,LS1 1UR,urgent
T100115,OR-67577,PN003,Insulin Glargine 100IU/ml,S004,HealQuick,D003,Scotland Regional Hub,PH003,City Clinic Pharmacy,08/03/2025,3,03/12/2025,50,50.0,10.49,194.87,719.37,Partial,B4166,2026-10-27,ambient,B1 1AA,urgent
T101286,OR-11032,PN003,Insulin Glargine 100IU/ml,S005,GlobalMeds,D002,North West Depot,PH008,Lakeside Pharmacy,2023/01/31,10,2023-02-11,10,10.0,£19.51,227.35,422.45,Returned,B5252,Mar 04 2025,Cold Chain,LS1 1UR,call before delivery
T100659,OR-46266,PN002,Paracetamol 500mg Tablet,S001,NHS Supply Chain,D002,North West Depot,PH004,Community Health Pharmacy,06/17/2024,7,06/24/2024,300,300.0,58.09,172.61,17599.61,Returned,,18/12/2024,Refrigerated,Unknown,call before delivery
T100244,OR-25461,PN007,Omeprazole 20mg Capsule,S001,NHS Supply Chain,D005,East England Depot,PH008,Lakeside Pharmacy,21-Nov-2023,7,28/11/2023,150,150.0,66.08,151.69,10063.69,Returned,B7862,2024-09-24,2 to 8°C,,handle with care
T101156,OR-59494,PN008,Flu Vaccine,S005,GlobalMeds ,D005,East England Depot,PH009,Midtown Pharmacy,03/12/2023,4,03/16/2023,500,,23.72,102.12,11962.12,Partial,B5287,Jan 13 2024,2-8C,Unknown,
T101140,OR-90700,PN007,Omeprazole 20mg Capsule,S002,MediSupply Ltd,D005,East England Depot,PH008,Lakeside Pharmacy,09/09/2024,14,2024-09-23,300,300.0,59.84,44.9,17996.9,In Transit,B8105,20/06/2025,ambient,B1 1AA,call before delivery
T100070,OR-75035,PN006,Warfarin 2mg Tablet,S002,MediSupply Ltd,D003,Scotland Regional Hub,PH002,Royal Infirmary Pharmacy,01/18/2024,4,22/01/2024,250,250.0,69.7,176.69,17601.69,Cancelled,B1029,Feb 22 2026,2-8C,M1 2AB,urgent
T100093,OR-28214,PN003,Insulin Glargine 100IU/ml,S002,MediSupply Ltd,D003,Scotland Regional Hub,PH001,St Thomas Hospital Pharmacy,08/13/2023,4,17/08/2023,250,250.0,72.65,222.57,18385.07,Partial,B6985,28/04/2024,Room Temp,M1 2AB,—
T100971,OR-50178,PN002,Paracetamol 500mg Tablet,S001,NHS Supply Chain,D002,North West Depot,PH010,University Hospital Pharmacy,2025-02-28,4,2025-03-06,300,300.0,1.88,139.18,703.18,Delivered,B3015,N/A,Cold Chain,Unknown,temperature sensitive
T100033,OR-76535,PN006,Warfarin 2mg Tablet,S004,HealQuick,D004,Wales Depot,PH008,Lakeside Pharmacy,2024-09-22,2,26/09/2024,10,10.0,8.76,4.93,92.53,In Transit,B1025,2025-11-22,18C,Unknown,short shipment
T100784,OR-85593,PN008,Flu Vaccine,S005,GlobalMeds,D002,North West Depot,PH004,Community Health Pharmacy,31/12/2024,7,01/07/2025,0,0.0,£49.81,215.51,TBD,Cancelled,B8913,May 12 2027,Cold Chain,LS1 1UR,temperature sensitive
T101248,OR-35795,PN009,Metformin 500mg Tablet,S003,UKPharma Dist,D002,North West Depot,PH003,City Clinic Pharmacy,22/08/2023,3,25/08/2023,300,226.0,44.02,200.81,13406.81,In Transit,B9226,22/12/2024,2-8C,Unknown,call before delivery
T101339,OR-63887,PN004,Atorvastatin 20mg Tablet,S005,GlobalMeds,D004,Wales Depot,PH003,City Clinic Pharmacy,01/23/2024,14,02/06/2024,0,0.0,50.07,257.97,257.97,Cancelled,B1542,2026-02-15,2 to 8°C,LS1 1UR,short shipment
T100440,OR-75883,PN001,Amoxicillin 500mg Capsule,S005,GlobalMeds,D004,Wales Depot,PH005,County General Pharmacy,2025-05-03,5,08/05/2025,0,0.0,57.1,260.83,260.83,Delivered,B6856,Feb 06 2026,Room Temp,Unknown,handle with care
T100437,OR-50376,PN008,Flu Vaccine,S003,UKPharma Dist,D005,East England Depot,PH009,Midtown Pharmacy,13-Apr-2023,2,2023-04-17,300,300.0,40.23,104.98,12173.98,Delivered,B3468,29/10/2024,Refrigerated,B1 1AA,
T100756,OR-69908,PN010,Co-codamol 30/500 Tablet,S001,NHS Supply Chain,D005,East England Depot,PH006,Northside Pharmacy,12/11/2024,7,,10,10.0,66.81,151.83,819.93,Returned,B9413,Jul 14 2026,ambient,,short shipment
T100702,OR-86055,PN010,Co-codamol 30/500 Tablet,S003,UKPharma Dist,D003,Scotland Regional Hub,PH007,Southcare Pharmacy,08-Mar-2025,5,13 March 2025,10,10.0,15.7,222.87,379.87,Partial,B4045,Apr 01 2026,Cold Chain,B1 1AA,call before delivery
T101013,OR-76866,PN008,Flu Vaccine,S001,NHS Supply Chain,D002,North West Depot,PH001,St Thomas Hospital Pharmacy,25/11/2024,2,29/11/2024,200,200.0,63.75,107.98,12857.98,Returned,B6304,Nov 28 2026,Cold Chain,M1 2AB,short shipment
T101211,OR-59733,PN001,Amoxicillin 500mg Capsule,S001,NHS Supply Chain,D003,Scotland Regional Hub,PH005,County General Pharmacy,2024-10-01,5,06/10/2024,200,200.0,22.34,175.72,4643.72,Cancelled,B1770,2025-12-11,18C,,urgent
T100000,OR-57400,PN002,Paracetamol  500mg  Tablet,S001,NHS Supply Chain,D001,Central Hub London,PH010,University Hospital Pharmacy,2024.03.08,3,03/11/2024,50,50.0,12.39,64.59,684.09,Partial,,2025-08-22,18C,SE1 9RT,short shipment
T101583,OR-29104,PN002,Paracetamol 500mg Tablet,S005,GlobalMeds,D005,East England Depot,PH003,City Clinic Pharmacy,21-Aug-2023,5,08/27/2023,20,20.0,50.48,254.47,1238.57,Delivered,B5913,01/01/2026,Cold Chain,,temperature sensitive
T101095,OR-60297,PN006,Warfarin 2mg Tablet,S005,GlobalMeds,D003,Scotland Regional Hub,PH006,Northside Pharmacy,25-Aug-2024,3,2024-08-30,200,200.0,50.63,,10126.0,In Transit,3038,13/08/2025,2 to 8°C,b1 1aa,handle with care
T100076,OR-70161,PN002,Paracetamol 500mg Tablet,S004,HealQuick,D005,East England Depot,PH009,Midtown Pharmacy,25-Dec-2023,4,30 December 2023,500,500.0,15.9,259.39,8209.39,Partial,B3837,Jun 30 2024,2 to 8°C,,temperature sensitive
T100083,OR-68598,PN007,Omeprazole 20mg Capsule,S001,NHS Supply Chain,D005,East England Depot,PH010,University Hospital Pharmacy,18-Aug-2023,10,08/28/2023,200,200.0,1.37,140.79,414.79,Partial,B6421,Apr 05 2024,18C,B1 1AA,short shipment
T100955,OR-46471,PN003,Insulin Glargine 100IU/ml,S004,HealQuick,D001,Central Hub London,PH010,University Hospital Pharmacy,2023/10/04,4,2023-10-08,0,0.0,16.31,294.99,294.99,Partial,,Mar 02 2025,Room Temp,B1 1AA,handle with care
T100081,OR-15170,PN009,Metformin 500mg Tablet,S001,NHS Supply Chain,D003,Scotland Regional Hub,PH002,Royal Infirmary Pharmacy,2025-03-14,7,21/03/2025,0,0.0,£17.97,26.7,26.7,Partial,B2475,2025-11-25,ambient,LS1 1UR,temperature sensitive
T100449,OR-30762,PN007,Omeprazole 20mg Capsule,S002,MediSupply Ltd,D005,East England Depot,PH007,Southcare Pharmacy,04/08/2024,3,08/07/2024,200,200.0,6.9,112.67,1492.67,Cancelled,B2895,Nov 24 2025,Refrigerated,B1 1AA,temperature sensitive
T101032,OR-70132,PN009,Metformin 500mg Tablet,S003,UKPharma Dist,D003,Scotland Regional Hub,PH010,University Hospital Pharmacy,03-Jun-2023,3,06/06/2023,20,20.0,64.14,164.61,1421.91,In Transit,B3222,23/03/2025,,LS1 1UR,short shipment
T100662,OR-96857,PN007,Omeprazole 20mg Capsule,S003,UKPharma Dist,D004,Wales Depot,PH003,City Clinic Pharmacy,2023/09/26,3,2023-09-30,500,500.0,27.93,12.57,13987.57,Delivered,B2206,03/02/2025,Refrigerated,LS1 1UR,urgent
T101538,OR-26973,PN006,Warfarin 2mg Tablet,S003,UKPharma Dist,D003,Scotland Regional Hub,PH008,Lakeside Pharmacy,2024/02/22,3,25/02/2024,150,150.0,36.42,265.78,5728.78,Partial,B8789,2025-08-25,Room Temp,,urgent
T101300,OR-44234,PN006,Warfarin 2mg Tablet,S004,HealQuick,D001,Central Hub London,PH008,Lakeside Pharmacy,02/12/2023,14,2023-12-16,0,0.0,43.25,256.97,256.97,Delivered,B4031,26/09/2025,2-8C,Unknown,call before delivery
T100428,OR-52089,PN001,Amoxicillin 500mg Capsule,S001,NHS Supply Chain,D002,North West Depot,PH010,University Hospital Pharmacy,23-Jul-2024,3,26 July 2024,250,250.0,74.96,215.31,18955.31,In Transit,B7116,18/03/2026,18C,LS1 1UR,temperature sensitive
T100755,OR-30975,PN001,Amoxicillin 500mg Capsule,S001,NHS Supply Chain,D003,Scotland Regional Hub,PH005,County General Pharmacy,05/05/2023,3,08/05/2023,500,500.0,66.01,183.79,33188.79,Returned,B1975,30/04/2024,Refrigerated,SE1 9RT,call before delivery
T100854,OR-86988,PN003,Insulin Glargine 100IU/ml,S001,NHS Supply Chain,D003,Scotland Regional Hub,PH008,Lakeside Pharmacy,09-Jan-2023,3,14/01/2023,20,20.0,63.89,196.74,1474.54,Partial,B7539,N/A,Cold Chain,M1 2AB,
T100632,OR-91349,PN004,Atorvastatin 20mg Tablet,S001,NHS Supply Chain,D004,Wales Depot,PH005,County General Pharmacy,2023/01/23,3,26/01/2023,10,10.0,61.5,284.16,899.16,Delivered,B5370,2025-07-06,Room Temp,,temperature sensitive
T100847,OR-70633,PN008,Flu Vaccine,S001,NHS Supply Chain,D003,Scotland Regional Hub,PH001,St Thomas Hospital Pharmacy,12/18/2023,5,12/23/2023,0,0.0,23.88,64.37,64.37,In Transit,B9238,15/11/2025,2 to 8°C,,short shipment
T101148,OR-22611,PN009,Metformin 500mg Tablet,S002,MediSupply Ltd ,D001,Central Hub London,PH006,Northside Pharmacy,2024-02-06,4,2024-02-10,50,50.0,28.52,,1426.0,Delivered,B6910,17/07/2026,Cold Chain,Unknown,short shipment
T101291,OR-81569,PN008,Flu Vaccine,S002,MediSupply Ltd,D003,Scotland Regional Hub,PH010,University Hospital Pharmacy,2023-01-08,3,2023-01-11,50,50.0,£20.4,165.7,1185.7,Partial,B2282,Sep 27 2023,Room Temp,B1 1AA,temperature sensitive
T101264,OR-60176,PN005,Salbutamol Inhaler,S002,MediSupply Ltd,D005,East England Depot,PH006,Northside Pharmacy,28-Oct-2023,5,04 November 2023,150,150.0,40.75,225.84,6338.34,Partial,B6049,06/07/2024,Cold Chain,LS1 1UR,call before delivery
T101379,OR-25494,PN005,Salbutamol Inhaler,S004,HealQuick,D002,North West Depot,PH007,Southcare Pharmacy,2025-04-09,2,04/11/2025,50,50.0,65.79,212.62,3502.12,Delivered,B6536,2027-04-17,2-8C,M1 2AB,temperature sensitive
T100398,OR-46699-DUP,PN003,Insulin Glargine 100IU/ml,S005,GlobalMeds,D003,Scotland Regional Hub,PH006,Northside Pharmacy,30/09/2023,7,2023-10-09,300,300.0,27.85,5.42,8360.42,Partial,B6606,2024-05-21,2 to 8°C,LS1 1UR,short shipment
T101418,OR-95584,PN004,Atorvastatin 20mg Tablet,S001,NHS Supply Chain,D002,North West Depot,PH009,Midtown Pharmacy,2023/11/19,4,24 November 2023,100,100.0,4.4,254.14,694.14,Delivered,,Feb 01 2026,ambient,B1 1AA,call before delivery
T101296,OR-53337,PN001,Amoxicillin 500mg Capsule,S003,UKPharma Dist,D001,Central Hub London,PH005,County General Pharmacy,2023-05-09,n/a,TBD,250,250.0,17.21,261.8,4564.3,In Transit,B1892,2025-10-04,Room Temp,ls1 1ur,urgent
T101263,OR-76502,PN002,Paracetamol 500mg Tablet,S002,MediSupply Ltd,D001,Central Hub London,PH009,Midtown Pharmacy,20-Nov-2024,3,11/24/2024,10,10.0,45.85,151.69,610.19,Returned,B8813,24/10/2026,18C,,
T100103,OR-27865,PN008,flu vaccine,S001,NHS Supply Chain,D001,Central Hub London,PH007,Southcare Pharmacy,13/11/2023,4,17 November 2023,150,150.0,41.37,161.79,6367.29,Returned,B9745,2025-05-01,2 to 8°C,M1 2AB,"handle with care
please confirm"
T100597,OR-16219,PN005,Salbutamol Inhaler,S005,GlobalMeds,D002,North West Depot,PH002,Royal Infirmary Pharmacy,2024/12/06,7,12/13/2024,20,20.0,7.26,26.44,171.64,Cancelled,B1884,2026-04-28,2-8C,m1 2ab,
T101513,OR-13793,PN004,Atorvastatin 20mg Tablet,S001,NHS Supply Chain,D005,East England Depot,PH003,City Clinic Pharmacy,08/05/2023,7,17 May 2023,250,129.0,67.0,56.52,16806.52,Cancelled,B2031,14/10/2024,Refrigerated,,
T101105,OR-57985,PN002,Paracetamol 500mg Tablet,S005,GlobalMeds,D003,Scotland Regional Hub,PH001,St Thomas Hospital Pharmacy,2023/04/20,4,24/04/2023,20,20.0,7.36,115.78,262.98,Partial,B4918,2025-02-14,Refrigerated,LS1 1UR,
T100674,OR-43072,PN010,Co-codamol 30/500 Tablet,S002,MediSupply Ltd,D001,Central Hub London,PH006,Northside Pharmacy,09/08/2024,5,2024-09-13,0,0.0,59.18,215.63,215.63,Delivered,B7710,2026-04-22,18C,SE1 9RT,
T101043,OR-71747,PN005,Salbutamol Inhaler,S004,HealQuick,D004,Wales Depot,PH004,Community Health Pharmacy,03/03/2023,n/a,unknown,100,100.0,4.98,98.22,596.22,Cancelled,B7989,Nov 28 2024,2 to 8°C,LS1 1UR,"handle with care
please confirm"
T100811,OR-65461,PN003,Insulin Glargine 100IU/ml,S005,GlobalMeds,D005,East England Depot,PH004,Community Health Pharmacy,16/10/2024,3,10/19/2024,100,100.0,28.86,289.47,3175.47,Delivered,B2105,2026-01-23,ambient,,urgent
T101212,OR-43654,PN008,Flu Vaccine,S001,NHS Supply Chain,D004,Wales Depot,PH008,Lakeside Pharmacy,2023-03-05,7,14/03/2023,500,392.0,68.3,,34150.0,In Transit,B7514,06/10/2023,Cold Chain,,
T101037,OR-94784,PN003,Insulin Glargine 100IU/ml,S001,NHS Supply Chain,D001,Central Hub London,PH002,Royal Infirmary Pharmacy,04/01/2023,14,2023-01-18,-44,-44.0,52.97,34.13,-2296.55,Delivered,B7492,2024-03-31,ambient,Unknown,temperature sensitive
T100062,OR-19567,PN002,Paracetamol 500mg Tablet,S004,HealQuick,D002,North West Depot,PH004,Community Health Pharmacy,2023-10-11,7,10/18/2023,50,50.0,4.57,148.47,376.97,Returned,,20/04/2024,Room Temp,Unknown,urgent
T100276,OR-79778,PN008,Flu Vaccine,S001,NHS Supply Chain,D001,Central Hub London,PH009,Midtown Pharmacy,2023/06/12,2,06/14/2023,100,100.0,25.12,136.21,2648.21,Partial,B7577,15/12/2023,,M1 2AB,urgent
T100837,OR-52779,PN002,Paracetamol 500mg Tablet,S005,GlobalMeds,D003,Scotland Regional Hub,PH002,Royal Infirmary Pharmacy,01/03/2025,10,11/03/2025,50,50.0,27.36,252.99,1620.99,Returned,B4916,2025-08-31,ambient,SE1 9RT,short shipment
T100763,OR-97070,PN006,Warfarin 2mg Tablet,S001,NHS Supply Chain ,D005,East England Depot,PH002,Royal Infirmary Pharmacy,2024-06-05,5,2024-06-10,300,300.0,33.86,126.8,10284.8,Returned,B4138,Feb 05 2025,Refrigerated,SE1 9RT,
T101076,OR-23254,PN005,Salbutamol Inhaler,S004,HealQuick,D004,Wales Depot,PH008,Lakeside Pharmacy,25-Apr-2024,4,2024-04-29,10,10.0,38.73,,387.3,Partial,B8433,Nov 23 2024,ambient,N/A,call before delivery
T100233,OR-36260,PN001,Amoxicillin 500mg Capsule,S004,HealQuick,D002,North West Depot,PH005,County General Pharmacy,05-Oct-2024,2,2024-10-07,10,6.0,29.61,145.12,441.22,Returned,B8194,2026-12-25,18C,B1 1AA,urgent
T100218,OR-23005,PN003,Insulin Glargine 100IU/ml,S001,NHS Supply Chain,D004,Wales Depot,PH009,Midtown Pharmacy,03/03/2025,3,,100,100.0,34.47,162.74,3609.74,Delivered,B8517,2026-02-27,Refrigerated,M1 2AB,temperature sensitive
T100140,OR-68387,PN003,Insulin Glargine 100IU/ml,S004,HealQuick,D003,Scotland Regional Hub,PH003,City Clinic Pharmacy,2023/01/05,4,01/10/2023,500,500.0,£36.18,203.4,TBD,Returned,B8306,Jun 02 2024,Room Temp,B1 1AA,urgent
T101491,OR-69134,PN010,Co-codamol 30/500 Tablet,S001,NHS Supply Chain,D005,East England Depot,PH009,Midtown Pharmacy,2024/11/09,3,12 November 2024,150,150.0,56.93,104.06,8643.56,Returned,B4424,Apr 20 2027,ambient,SE1 9RT,
T100368,OR-47272,PN006,Warfarin 2mg Tablet,S005,GlobalMeds,D003,Scotland Regional Hub,PH010,University Hospital Pharmacy,2023-05-02,n/a,,0,0.0,48.73,39.34,39.34,Delivered,B6199,03/11/2023,2-8C,,urgent
T101304,OR-21944,PN004,Atorvastatin 20mg Tablet,S003,UKPharma Dist,D002,North West Depot,PH008,Lakeside Pharmacy,2024.12.12,5,12/17/2024,20,20.0,38.08,218.93,980.53,Delivered,B9457,07/12/2025,18C,M1 2AB,short shipment
T100116,OR-86735,PN008,Flu Vaccine,S004,HealQuick,D004,Wales Depot,PH006,Northside Pharmacy,2024/02/08,7,15/02/2024,0,0.0,3.42,288.78,288.78,Cancelled,B5684,2025-10-12,18C,B1 1AA,
T101510,OR-43330,PN010,Co-codamol 30/500 Tablet,S002,MediSupply Ltd,D003,Scotland Regional Hub,PH010,University Hospital Pharmacy,15-Apr-2025,4,20/04/2025,20,20.0,31.22,252.78,851.68,Returned,B5976,Dec 29 2025,Room Temp,m1 2ab,
T101190,OR-63116,PN002,Paracetamol 500mg Tablet,S004,HealQuick,D004,Wales Depot,PH004,Community Health Pharmacy,08/21/2024,2,08/23/2024,20,20.0,65.68,156.58,1470.18,Cancelled,B3862,2026-01-21,18C,M1 2AB,temperature sensitive
T100245,OR-47917,PN007,Omeprazole 20mg Capsule,S002,MediSupply Ltd,D001,Central Hub London,PH003,City Clinic Pharmacy,05/04/2023,7,2023-05-11,0,0.0,68.94,120.7,120.7,Delivered,B6515,Jul 23 2025,2-8C,M1 2AB,call before delivery
T101541,OR-86842,PN007,Omeprazole 20mg Capsule,S004,HealQuick,D002,North West Depot,PH007,Southcare Pharmacy,2023.10.28,14,11/11/2023,100,100.0,11.0,132.87,1232.87,Partial,B4924,2025-01-10,2-8C,SE1 9RT,
T101281,OR-72866,PN008,Flu Vaccine,S001,NHS Supply Chain,D002,North West Depot,PH001,St Thomas Hospital Pharmacy,2023.02.04,3,2023-02-07,300,300.0,63.34,16.3,19018.3,Partial,B4248,Oct 01 2024,2 to 8°C,M1 2AB,handle with care
T101018,OR-57666,PN002,Paracetamol  500mg  Tablet,S004,HealQuick,D003,Scotland Regional Hub,PH004,Community Health Pharmacy,01-Aug-2023,2,2023-08-05,150,150.0,60.45,243.46,9310.96,Delivered,B4731,May 04 2024,Room Temp,Unknown,call before delivery
T100009,OR-72277,PN002,Paracetamol 500mg Tablet,S001,NHS Supply Chain,D003,Scotland Regional Hub,PH007,Southcare Pharmacy,12/01/2023,7,2023-12-10,100,100.0,59.04,132.54,6036.54,In Transit,B5649,2026-03-08,2 to 8°C,B1 1AA,urgent
T100441,OR-38240,PN001,Amoxicillin 500mg Capsule,S001,NHS Supply Chain ,D002,North West Depot,PH007,Southcare Pharmacy,2024-01-17,4,01/22/2024,200,200.0,69.72,,13944.0,In Transit,B6639,2025-10-04,ambient,B1 1AA,
T101230,OR-52434,PN003,Insulin Glargine 100IU/ml,S002,MediSupply Ltd,D001,Central Hub London,PH004,Community Health Pharmacy,10-Dec-2023,14,12/24/2023,50,50.0,4.34,66.83,283.83,Partial,6060,Sep 14 2025,2 to 8°C,B1 1AA,temperature sensitive
T101588,OR-25715,PN009,Metformin 500mg Tablet,S002,MediSupply Ltd,D004,Wales Depot,PH007,Southcare Pharmacy,22/03/2024,-1,03/21/2024,100,100.0,23.1,254.87,2564.87,Delivered,,May 16 2026,Cold Chain,Unknown,call before delivery
T100694,OR-74956,PN008,Flu Vaccine,S005,GlobalMeds,D001,Central Hub London,PH008,Lakeside Pharmacy,2025/01/15,5,22/01/2025,10,10.0,56.99,51.74,621.64,Partial,B9457,May 12 2027,Room Temp,,short shipment
T100250,OR-42415,PN010,Co-codamol 30/500 Tablet,S001,NHS Supply Chain,D003,Scotland Regional Hub,PH003,City Clinic Pharmacy,2024.09.11,10,09/22/2024,0,0.0,40.41,240.39,240.39,In Transit,B5074,Apr 15 2025,2-8C,ls1 1ur,
T100867,OR-48998,PN005,Salbutamol Inhaler,S004,HealQuick,D003,Scotland Regional Hub,PH008,Lakeside Pharmacy,2023-06-05,14,19/06/2023,50,50.0,15.19,171.85,931.35,Cancelled,B7221,24/10/2024,Refrigerated,,short shipment
T100582,OR-54259,PN003,Insulin Glargine 100IU/ml,S003,UKPharma Dist,D001,Central Hub London,PH010,University Hospital Pharmacy,18/12/2024,2,21/12/2024,10,10.0,3.28,171.43,204.23,In Transit,B5123,2025-09-20,2 to 8°C,b1 1aa,temperature sensitive
T100384,OR-21689,PN005,Salbutamol Inhaler,S003,UKPharma Dist,D003,Scotland Regional Hub,PH008,Lakeside Pharmacy,07-Jun-2024,-3,06/06/2024,50,50.0,37.94,66.6,1963.6,Returned,B1673,23/04/2025,Cold Chain,Unknown,temperature sensitive
T101251,OR-48940,PN003,Insulin Glargine 100IU/ml,S002,MediSupply Ltd,D004,Wales Depot,PH010,University Hospital Pharmacy,10/09/2024,7,17/10/2024,250,250.0,73.03,255.33,18512.83,Delivered,B6262,13/03/2026,Cold Chain,LS1 1UR,temperature sensitive
T101273,OR-12851,PN007,Omeprazole 20mg Capsule,S003,UKPharma Dist,D002,North West Depot,PH006,Northside Pharmacy,07/09/2023,7,18/07/2023,20,8.0,60.38,132.37,1339.97,In Transit,B3835,02/02/2025,Room Temp,SE1 9RT,temperature sensitive
T100547,OR-26135,PN006,Warfarin 2mg Tablet,S001,NHS Supply Chain,D004,Wales Depot,PH007,Southcare Pharmacy,12/29/2024,4,2025-01-04,20,20.0,4.59,187.48,279.28,Delivered,B9963,N/A,18C,,urgent
T100892,OR-60229,PN006,Warfarin 2mg Tablet,S001,NHS Supply Chain,D004,Wales Depot,PH001,St Thomas Hospital Pharmacy,2024/09/23,3,2024-09-26,150,,14.87,112.43,2342.93,Delivered,B2366,Apr 22 2025,18C,N/A,temperature sensitive
T100907,OR-68623,PN007,Omeprazole 20mg Capsule,S005,GlobalMeds ,D002,North West Depot,PH007,Southcare Pharmacy,04/06/2025,2,04/08/2025,500,500.0,63.61,96.25,31901.25,Returned,B7789,29/06/2026,ambient,LS1 1UR,call before delivery
T101370,OR-68643,PN008,Flu Vaccine,S001,NHS Supply Chain,D002,North West Depot,PH001,St Thomas Hospital Pharmacy,09/04/2023,3,09/07/2023,0,0.0,9.66,83.48,83.48,In Transit,B3222,Nov 26 2025,2-8C,B1 1AA,
T101371,OR-24137,PN003,Insulin Glargine 100IU/ml,S002,MediSupply Ltd,D005,East England Depot,PH008,Lakeside Pharmacy,2023/01/03,5,01/09/2023,20,20.0,9.91,28.39,226.59,Partial,B5325,Aug 07 2023,ambient,,
T100452,OR-21140,PN005,Salbutamol Inhaler,S003,UKPharma Dist,D005,East England Depot,PH002,Royal Infirmary Pharmacy,06/03/2024,5,2024-06-08,250,250.0,45.58,285.45,11680.45,Partial,B4052,09/01/2026,2 to 8°C,SE1 9RT,urgent
T100709,OR-10771,PN003,Insulin Glargine 100IU/ml,S005,GlobalMeds,D002,North West Depot,PH001,St Thomas Hospital Pharmacy,06-Jul-2023,14,20 July 2023,50,50.0,41.85,298.93,2391.43,Returned,B2765,2025-02-19,ambient,M1 2AB,
T101017,OR-27001,PN009,Metformin 500mg Tablet,S005,GlobalMeds,D005,East England Depot,PH005,County General Pharmacy,22/04/2023,14,06/05/2023,0,0.0,6.28,53.74,53.74,In Transit,B5636,2025-03-28,Room Temp,SE1 9RT,handle with care
T101473,OR-56136,PN006,Warfarin 2mg Tablet,S003,UKPharma Dist,D005,East England Depot,PH008,Lakeside Pharmacy,08/16/2023,7,23/08/2023,50,50.0,47.63,162.41,2543.91,In Transit,B2250,2025-03-16,Room Temp,LS1 1UR,call before delivery
T100139,OR-68776,PN004,Atorvastatin 20mg Tablet,S005,GlobalMeds,D003,Scotland Regional Hub,PH008,Lakeside Pharmacy,2024/08/30,5,05/09/2024,150,150.0,34.47,213.54,5384.04,In Transit,B2915,16/01/2026,ambient,B1 1AA,handle with care
T100940,OR-31586,PN005,Salbutamol Inhaler,S004,HealQuick,D003,Scotland Regional Hub,PH001,St Thomas Hospital Pharmacy,17-May-2025,4,,300,300.0,73.68,149.56,22253.56,Returned,B6184,May 23 2026,2-8C,M1 2AB,short shipment
T100493,OR-17706,PN004,Atorvastatin 20mg Tablet,S002,MediSupply Ltd,D003,Scotland Regional Hub,PH005,County General Pharmacy,03/10/2023,7,10/11/2023,250,,56.11,42.78,14070.28,In Transit,B1304,06/09/2024,ambient,B1 1AA,temperature sensitive
T100905,OR-23677,PN001,Amoxicillin 500mg Capsule,S002,MediSupply Ltd,D002,North West Depot,PH009,Midtown Pharmacy,10/15/2023,7,2023-10-24,150,150.0,71.07,231.54,10892.04,Partial,,2026-02-19,2 to 8°C,SE1 9RT,
T101162,OR-90210,PN003,Insulin Glargine 100IU/ml,S002,MediSupply Ltd,D003,Scotland Regional Hub,PH006,Northside Pharmacy,23-Mar-2025,10,04/04/2025,10,5.0,13.61,87.98,224.08,Returned,B8160,2026-03-03,Room Temp,N/A,call before delivery
T100725,OR-71247,PN001,Amoxicillin 500mg Capsul3,S002,MediSupply Ltd,D005,East England Depot,PH006,Northside Pharmacy,2024/02/17,10,02/29/2024,100,100.0,72.59,0.39,7259.39,Cancelled,B6148,Jan 06 2025,Room Temp,LS1 1UR,urgent
T101562,OR-52717,PN001,Amoxicillin 500mg Capsule,S005,GlobalMeds,D003,Scotland Regional Hub,PH008,Lakeside Pharmacy,2025/03/01,10,03/13/2025,50,50.0,£72.86,213.03,TBD,Cancelled,B2319,Dec 23 2026,Room Temp,SE1 9RT,short shipment
T100853,OR-53548,PN003,Insulin Glargine 100IU/ml,S004,HealQuick,D003,Scotland Regional Hub,PH005,County General Pharmacy,2024-11-02,10,12/11/2024,100,100.0,56.03,199.66,5802.66,In Transit,B9508,2026-04-06,2-8C,LS1 1UR,call before delivery
T100717,OR-44608,PN002,Paracetamol  500mg  Tablet,S003,UKPharma Dist,D005,East England Depot,PH008,Lakeside Pharmacy,2024/01/09,14,01/23/2024,250,250.0,66.26,46.03,16611.03,Partial,B4597,Nov 21 2025,2 to 8°C,B1 1AA,urgent
T100529,OR-51879,PN002,Paracetamol 500mg Tablet,S002,MediSupply Ltd ,D002,North West Depot,PH004,Community Health Pharmacy,25/02/2023,5,2023-03-03,20,20.0,2.53,94.51,145.11,Returned,B2563,2024-10-08,Room Temp,Unknown,urgent
T100172,OR-74751,PN002,Paracetamol 500mg Tablet,S004,HealQuick,D004,Wales Depot,PH010,University Hospital Pharmacy,01/02/2024,14,2024-01-16,50,50.0,14.77,242.52,981.02,Cancelled,,Nov 16 2025,Refrigerated,B1 1AA,
T101543,OR-42642,PN007,Omeprazole 20mg Capsule,S003,UKPharma Dist,D004,Wales Depot,PH010,University Hospital Pharmacy,2024-06-04,4,08/06/2024,100,100.0,16.31,15.06,1646.06,In Transit,B7654,2025-07-18,2 to 8°C,,handle with care
T100683,OR-70513,PN001,Amoxicillin 500mg Capsule,S001,NHS Supply Chain,D003,Scotland Regional Hub,PH003,City Clinic Pharmacy,12/29/2023,7,06/01/2024,100,100.0,24.71,270.01,2741.01,Delivered,B5957,Feb 19 2025,18C,SE1 9RT,call before delivery
T101487,OR-13825,PN002,Paracetamol 500mg Tablet,S004,HealQuick,D002,North West Depot,PH009,Midtown Pharmacy,01-Feb-2023,3,05/02/2023,10,10.0,59.4,123.03,717.03,Returned,B7761,May 28 2025,Cold Chain,Unknown,call before delivery
T101108,OR-81835,PN008,Flu Vaccine,S001,NHS Supply Chain,D004,Wales Depot,PH001,St Thomas Hospital Pharmacy,12/12/2024,14,26/12/2024,150,150.0,28.1,222.65,4437.65,Cancelled,5179,N/A,18C,,
T101004,OR-72477,PN003,Insulin Glargine 100IU/ml,S002,MediSupply Ltd,D005,East England Depot,PH005,County General Pharmacy,23-Dec-2023,3,2023-12-26,10,10.0,29.8,76.83,374.83,Cancelled,B8661,2024-12-23,ambient,Unknown,
T101129,OR-96445,PN006,Warfarin 2mg Tablet,S002,MediSupply Ltd,D003,Scotland Regional Hub,PH009,Midtown Pharmacy,10/12/2024,7,2024-12-17,0,,35.77,190.41,190.41,Cancelled,B5845,26/04/2026,Refrigerated,Unknown,temperature sensitive
T101592,OR-19568,PN006,Warfarin 2mg Tablet,S001,NHS SUPPLY CHAIN,D003,Scotland Regional Hub,PH006,Northside Pharmacy,2024.11.07,2,2024-11-09,20,20.0,26.29,193.88,719.68,In Transit,B2372,2027-03-30,Room Temp,,"call before delivery
please confirm"
T100007,OR-60140,PN006,Warfarin 2mg Tablet,S004,HealQuick,D001,Central Hub London,PH002,Royal Infirmary Pharmacy,19/03/2023,14,04/04/2023,0,0.0,58.62,186.2,186.2,In Transit,B3900,10/10/2023,2 to 8°C,,handle with care
T100991,OR-53659,PN001,Amoxicillin 500mg Capsule,S004,HealQuick,D003,Scotland Regional Hub,PH005,County General Pharmacy,2024-11-22,7,11/29/2024,10,10.0,25.8,54.05,312.05,Partial,B9731,Jul 27 2026,2-8C,Unknown,short shipment
T100653,OR-12553-DUP,PN008,Flu Vaccine,S001,NHS Supply Chain ,D005,East England Depot,PH009,Midtown Pharmacy,2023-07-27,5,02/08/2023,20,,46.48,41.32,970.92,Delivered,B3624,2026-01-06,18C,SE1 9RT,handle with care
T101229,OR-92475,PN008,Flu Vaccine,S003,UKPharma Dist,D002,North West Depot,PH002,Royal Infirmary Pharmacy,07-May-2025,7,2025-05-15,20,20.0,17.92,239.23,597.63,Delivered,B3396,2027-01-05,2 to 8°C,,"temperature sensitive
please confirm"
T101218,OR-66203,PN002,Paracetamol 500mg Tablet,S001,NHS Supply Chain ,D003,Scotland Regional Hub,PH001,St Thomas Hospital Pharmacy,31-Jan-2024,4,04/02/2024,50,50.0,£24.28,165.04,1379.04,Cancelled,B5322,Feb 05 2026,ambient,SE1 9RT,—
T100352,OR-69151,PN003,Insulin Glargin3 100IU/ml,S004,HealQuick,D004,Wales Depot,PH005,County General Pharmacy,16-Jan-2025,7,01/25/2025,200,97.0,5.78,231.56,1387.56,In Transit,B9681,11/08/2025,Room Temp,,short shipment
T100949,OR-59179,PN006,Warfarin 2mg Tablet,S001,NHS SUPPLY CHAIN,D002,North West Depot,PH007,Southcare Pharmacy,31-Oct-2024,5,07/11/2024,250,250.0,73.07,0.81,18268.31,In Transit,B1893,27/02/2026,2 to 8°C,SE1 9RT,
T100768,OR-17477,PN007,Omeprazole 20mg Capsule,S003,UKPharma Dist,D003,Scotland Regional Hub,PH005,County General Pharmacy,04/23/2025,4,2025-04-27,300,300.0,£35.01,85.58,10588.58,Delivered,B3205,Nov 09 2026,Refrigerated,LS1 1UR,call before delivery
T100721,OR-42779,PN006,Warfarin 2mg Tablet,S005,GlobalMeds,D002,North West Depot,PH007,Southcare Pharmacy,03/16/2025,3,2025-03-21,0,0.0,23.44,55.03,55.03,Partial,B2222,2027-05-04,2-8C,Unknown,temperature sensitive
T100324,OR-65478,PN007,Omeprazole  20mg  Capsule,S004,HealQuick,D002,North West Depot,PH005,County General Pharmacy,11-Jan-2024,3,14/01/2024,50,50.0,£4.23,279.6,TBD,Partial,B4047,2025-05-24,Room Temp,Unknown,call before delivery
T101114,OR-92491,PN009,Metformin 500mg Tablet,S001,NHS Supply Chain,D001,Central Hub London,PH003,City Clinic Pharmacy,12-Apr-2025,4,2025-04-17,20,20.0,11.07,190.95,412.35,Cancelled,6385,01/04/2026,18C,LS1 1UR,urgent
T100952,OR-93713,PN006,Warfarin 2mg Tablet,S002,MediSupply Ltd,D002,North West Depot,PH007,Southcare Pharmacy,08/04/2024,2,04/12/2024,100,100.0,56.55,192.77,5847.77,Delivered,B8362,03/09/2025,18C,,
T100934,OR-76106,PN002,Paracetamol 500mg Tablet,S003,UKPharma Dist,D004,Wales Depot,PH010,University Hospital Pharmacy,2024-03-29,2,2024-04-01,150,150.0,£41.55,245.98,6478.48,Returned,B5177,Aug 16 2025,Cold Chain,,
T101217,OR-43838,PN002,Paracetamol 500mg Tablet,S005,GlobalMeds,D004,Wales Depot,PH004,Community Health Pharmacy,20/01/2024,2,01/23/2024,250,250.0,10.86,129.84,2844.84,In Transit,B2287,01/04/2025,Room Temp,LS1 1UR,—
T101183,OR-77677,PN010,Co-codamol 30/500 Tabl3t,S001,NHS Supply Chain,D004,Wales Depot,PH007,Southcare Pharmacy,2023/12/19,10,29/12/2023,150,150.0,£41.35,221.8,TBD,Cancelled,B3343,Oct 01 2025,2-8C,B1 1AA,short shipment
T100253,OR-34598,PN001,Amoxicillin 500mg Capsule,S004,HealQuick,D004,Wales Depot,PH008,Lakeside Pharmacy,2023/06/24,10,04/07/2023,100,100.0,11.04,184.2,1288.2,Cancelled,B4450,May 07 2024,2 to 8°C,M1 2AB,—
T101008,OR-98993,PN009,M3tformin  500mg  Tablet,S003,UKPharma Dist,D002,North West Depot,PH009,Midtown Pharmacy,2024/02/11,10,21 February 2024,50,50.0,67.52,281.86,3657.86,Partial,B7415,19/08/2025,2 to 8°C,SE1 9RT,
T101554,OR-30218,PN009,Metformin 500mg Tablet,S003,UKPharma Dist,D005,East England Depot,PH010,University Hospital Pharmacy,2024-02-04,3,07/02/2024,200,,37.11,223.49,7645.49,Partial,9401,2025-07-28,Room Temp,LS1 1UR,handle with care
T100367,OR-87112,PN002,Paracetamol  500mg  Tablet,S005,GlobalMeds,D005,East England Depot,PH009,Midtown Pharmacy,2024/04/29,10,2024-05-09,300,300.0,10.7,242.82,3462.82,Returned,B8369,2025-08-08,Room Temp,M1 2AB,call before delivery
T101168,OR-37822,PN001,Amoxicillin 500mg Capsule,S004,HealQuick,D002,North West Depot,PH006,Northside Pharmacy,07/23/2023,3,,20,20.0,33.66,57.25,730.45,Delivered,B7792,Oct 04 2025,2 to 8°C,M1 2AB,temperature sensitive
T100407,OR-81760,PN003,Insulin Glargin3 100IU/ml,S002,MediSupply Ltd,D001,Central Hub London,PH010,University Hospital Pharmacy,12/01/2025,7,01/21/2025,10,10.0,28.17,176.56,458.26,Partial,B2543,2026-12-22,2 to 8°C,M1 2AB,call before delivery
T100137,OR-86037,PN010,Co-codamol  30/500  Tablet,S004,HealQuick,D004,Wales Depot,PH001,St Thomas Hospital Pharmacy,2025-05-31,10,06/12/2025,300,300.0,25.51,273.0,7936.0,Cancelled,B1669,May 25 2026,2-8C,B1 1AA,short shipment
T100516,OR-67674,PN006,Warfarin 2mg Tablet,S003,UKPharma Dist,D001,Central Hub London,PH010,University Hospital Pharmacy,11/26/2023,3,11/30/2023,0,,53.93,261.57,261.57,Delivered,B9690,14/10/2024,Refrigerated,SE1 9RT,urgent
T101204,OR-35978,PN010,Co-codamol 30/500 Tablet,S001,NHS Supply Chain,D004,Wales Depot,PH003,City Clinic Pharmacy,10/24/2024,5,2024-10-29,300,,72.74,30.1,21852.1,In Transit,B3124,09/05/2025,Refrigerated,B1 1AA,
T100227,OR-14677,PN005,Salbutamol Inhaler,S005,GlobalMeds,D001,Central Hub London,PH002,Royal Infirmary Pharmacy,2023-09-04,3,2023-09-09,10,10.0,25.36,14.74,268.34,In Transit,B7597,09/12/2024,Refrigerated,,
T101187,OR-65893,PN010,Co-codamol 30/500 Tablet,S005,GlobalMeds,D003,Scotland Regional Hub,PH007,Southcare Pharmacy,04/01/2024,2,2024-04-03,150,150.0,£10.41,298.65,TBD,Returned,,Jan 05 2026,18C,se1 9rt,handle with care
T101517,OR-50985,PN006,Warfarin 2mg Tablet,S002,MediSupply Ltd,D003,Scotland Regional Hub,PH003,City Clinic Pharmacy,2025-03-15,3,03/18/2025,50,50.0,64.97,,3248.5,Returned,B9867,Nov 24 2026,ambient,b1 1aa,handle with care
T100432,OR-39233,PN010,Co-codamol 30/500 Tablet,S003,UKPharma Dist,D005,East England Depot,PH003,City Clinic Pharmacy,29-Jan-2023,3,01/02/2023,20,20.0,17.83,243.71,600.31,Returned,B3947,Aug 17 2024,ambient,SE1 9RT,
T100522,OR-72883,PN002,Paracetamol 500mg Tablet,S003,UKPharma Dist,D005,East England Depot,PH008,Lakeside Pharmacy,27-Apr-2023,5,05/02/2023,250,250.0,48.09,80.1,12102.6,Partial,5807,17/06/2024,18C,M1 2AB,urgent
T101274,OR-98586,PN004,Atorvastatin 20mg Tablet,S005,GlobalMeds,D001,Central Hub London,PH005,County General Pharmacy,26/08/2024,10,05/09/2024,150,150.0,36.49,18.72,5492.22,Cancelled,B6833,01/06/2026,ambient,,short shipment
T100221,OR-25362,PN003,Insulin Glargine 100IU/ml,S005,GlobalMeds,D004,Wales Depot,PH005,County General Pharmacy,2024-11-06,3,11/09/2024,20,20.0,27.42,,548.4,Delivered,B7879,22/03/2026,2 to 8°C,m1 2ab,short shipment
T101096,OR-97708,PN006,Warfarin 2mg Tablet,S005,GlobalMeds,D003,Scotland Regional Hub,PH007,Southcare Pharmacy,25/07/2023,7,2023-08-02,300,300.0,8.92,198.69,2874.69,Delivered,B4828,Oct 06 2025,Room Temp,SE1 9RT,
T100223,OR-60540,PN008,Flu Vaccine,S005,GlobalMeds,D002,North West Depot,PH010,University Hospital Pharmacy,28-Dec-2023,14,11/01/2024,100,100.0,30.17,128.82,3145.82,In Transit,B7094,12/05/2025,,M1 2AB,handle with care
T101411,OR-35813,PN009,Metformin 500mg Tablet,S003,UKPharma Dist ,D005,East England Depot,PH002,Royal Infirmary Pharmacy,2023/10/17,10,10/27/2023,250,250.0,8.19,81.19,2128.69,In Transit,B4586,2025-12-15,ambient,SE1 9RT,short shipment
T101380,OR-11226,PN008,Flu  Vaccine,S003,UKPharma Dist,D003,Scotland Regional Hub,PH006,Northside Pharmacy,2024/10/04,5,2024-10-09,10,10.0,53.28,38.44,571.24,Partial,B2282,29/11/2026,2-8C,SE1 9RT,temperature sensitive
T100870,OR-29839,PN002,Paracetamol 500mg Tablet,S002,MediSupply Ltd,D001,Central Hub London,PH003,City Clinic Pharmacy,07/03/2023,7,2023-03-15,500,500.0,28.39,124.1,14319.1,Cancelled,B3564,2025-08-12,18C,N/A,temperature sensitive
T100078,OR-84632,PN008,Flu Vaccine,S002,MediSupply Ltd,D002,North West Depot,PH005,County General Pharmacy,04/10/2023,4,14/04/2023,50,50.0,25.18,255.36,1514.36,Returned,B2166,Apr 23 2024,Cold Chain,LS1 1UR,urgent
T100799,OR-12381,PN010,co-codamol 30/500 tablet,S002,MediSupply Ltd,D001,Central Hub London,PH007,Southcare Pharmacy,2023-08-09,n/a,,50,50.0,18.56,205.72,1133.72,Delivered,B3907,2025-06-15,2-8C,LS1 1UR,
T101564,OR-87467,PN010,Co-codamol 30/500 Tablet,S004,HealQuick,D005,East England Depot,PH007,Southcare Pharmacy,21/01/2024,14,2024-02-06,500,205.0,17.08,248.22,8788.22,Delivered,B4202,2024-09-24,18C,LS1 1UR,urgent
T100657,OR-42782,PN004,Atorvastatin  20mg  Tablet,S005,GlobalMeds,D005,East England Depot,PH008,Lakeside Pharmacy,2023/05/01,14,2023-05-15,150,150.0,£66.01,220.94,10122.44,Cancelled,B2446,May 07 2024,2 to 8°C,SE1 9RT,temperature sensitive
T101224,OR-62521,PN004,Atorvastatin 20mg Tablet,S001,NHS Supply Chain,D004,Wales Depot,PH005,County General Pharmacy,2023-01-24,7,31 January 2023,300,300.0,26.38,246.91,8160.91,Returned,B9209,Mar 07 2025,18C,M1 2AB,
T100057,OR-11256,PN009,Metformin 500mg Tablet,S003,UKPharma Dist,D003,Scotland Regional Hub,PH010,University Hospital Pharmacy,2024/02/02,2,02/04/2024,500,500.0,9.21,116.54,4721.54,Partial,B9804,2026-05-22,Refrigerated,M1 2AB,temperature sensitive
T100128,OR-79637,PN003,Insulin Glargine 100IU/ml,S005,GlobalMeds,D001,Central Hub London,PH003,City Clinic Pharmacy,01/09/2024,14,09/15/2024,50,50.0,£61.56,139.2,3217.2,Returned,B7390,26/07/2025,2-8C,LS1 1UR,short shipment
T100916,OR-95658,PN009,Metformin 500mg Tablet,S003,UKPharma Dist,D002,North West Depot,PH004,Community Health Pharmacy,02/28/2025,3,03/03/2025,10,10.0,26.76,193.46,461.06,Partial,B1645,Dec 14 2025,Cold Chain,SE1 9RT,short shipment
T101352,OR-49390,PN001,Amoxicillin 500mg Capsule,S001,NHS SUPPLY CHAIN,D001,Central Hub London,PH002,Royal Infirmary Pharmacy,02/04/2023,3,04/05/2023,10,10.0,34.07,230.16,570.86,In Transit,B8470,21/12/2023,Room Temp,M1 2AB,urgent
T100808,OR-95434,PN005,Salbutamol Inhaler,S001,NHS Supply Chain,D003,Scotland Regional Hub,PH010,University Hospital Pharmacy,29-Sep-2023,4,10/03/2023,20,20.0,£67.49,187.21,1537.01,Cancelled,B3844,2026-02-01,Refrigerated,Unknown,temperature sensitive
T100496,OR-74973,PN003,Insulin Glargin3 100IU/ml,S001,NHS Supply Chain,D001,Central Hub London,PH009,Midtown Pharmacy,06-Jun-2025,14,06/20/2025,20,20.0,4.2,278.98,362.98,Delivered,B5996,2027-10-11,2 to 8°C,Unknown,
T101420,OR-86455,PN001,Amoxicillin 500mg Capsule,S002,MediSupply Ltd,D003,Scotland Regional Hub,PH003,City Clinic Pharmacy,2024/10/25,7,01 November 2024,150,150.0,7.55,252.18,1384.68,Returned,B5440,31/07/2025,Refrigerated,M1 2AB,call before delivery
T100342,OR-27956,PN009,Metformin 500mg Tablet,S002,MediSupply Ltd,D001,Central Hub London,PH003,City Clinic Pharmacy,21-Jan-2023,14,2023-02-04,100,100.0,15.36,180.47,1716.47,Partial,B5012,2024-06-28,Refrigerated,B1 1AA,call before delivery
T100381,OR-86639,PN009,Metformin 500mg Tablet,S001,NHS Supply Chain,D001,Central Hub London,PH002,Royal Infirmary Pharmacy,29-Dec-2024,5,03 January 2025,300,300.0,31.1,197.78,9527.78,Cancelled,,2027-01-06,Room Temp,,short shipment
T101006,OR-87416,PN006,Warfarin 2mg Tablet,S003,UKPharma Dist,D003,Scotland Regional Hub,PH002,Royal Infirmary Pharmacy,2023/04/16,2,04/20/2023,10,10.0,70.58,168.02,848.32,In Transit,B2203,Jan 08 2025,2-8C,LS1 1UR,urgent
T100878,OR-79360,PN008,Flu Vaccine,S003,UKPharma Dist ,D001,Central Hub London,PH006,Northside Pharmacy,26/03/2023,5,03/31/2023,200,200.0,14.15,100.08,2930.08,Returned,B2829,2025-05-01,Room Temp,LS1 1UR,temperature sensitive
T100813,OR-41510,PN007,Omeprazole 20mg Capsule,S005,GlobalMeds,D004,Wales Depot,PH007,Southcare Pharmacy,2025-01-03,5,,250,150.0,10.15,93.24,2630.74,Returned,,12/11/2025,Refrigerated,Unknown,call before delivery
T101509,OR-34122,PN005,Salbutamol Inhaler,S001,NHS Supply Chain,D002,North West Depot,PH007,Southcare Pharmacy,07/05/2024,5,10/07/2024,0,0.0,40.64,68.24,68.24,Returned,,Feb 22 2026,Refrigerated,,handle with care
T100467,OR-60357,PN005,Salbutamol Inhaler,S004,HealQuick,D003,Scotland Regional Hub,PH001,St Thomas Hospital Pharmacy,2024-10-05,5,2024-10-10,20,20.0,0.76,228.14,243.34,Partial,B1450,Sep 09 2026,Cold Chain,B1 1AA,short shipment
T101112,OR-28411,PN004,Atorvastatin 20mg Tablet,S004,HealQuick,D004,Wales Depot,PH006,Northside Pharmacy,16/09/2024,5,09/21/2024,250,250.0,5.19,202.68,1500.18,Delivered,B7191,2026-09-05,2 to 8°C,SE1 9RT,"
please confirm"
T100640,OR-63577,PN006,Warfarin 2mg Tablet,S005,GlobalMeds,D003,Scotland Regional Hub,PH005,County General Pharmacy,2023.11.07,3,11/10/2023,50,50.0,£22.87,282.91,1426.41,Returned,,08/10/2024,18C,SE1 9RT,short shipment
T100167,OR-55698,PN007,Omeprazole 20mg Capsule,S004,HealQuick,D002,North West Depot,PH008,Lakeside Pharmacy,12/29/2024,10,2025-01-08,300,300.0,9.5,45.99,2895.99,Cancelled,B1458,19/11/2025,2-8C,M1 2AB,call before delivery
T100038,OR-62260,PN005,Salbutamol Inhaler,S003,UKPharma Dist,D002,North West Depot,PH010,University Hospital Pharmacy,17/08/2024,7,2024-08-24,500,500.0,2.76,192.57,1572.57,Partial,B2195,24/07/2025,Cold Chain,Unknown,handle with care
T100699,OR-28884,PN005,Salbutamol Inhaler,S001,NHS Supply Chain,D003,Scotland Regional Hub,PH004,Community Health Pharmacy,15/07/2023,3,18/07/2023,10,10.0,1.44,177.73,192.13,Cancelled,B2862,17/03/2025,,,call before delivery
T100089,OR-12213,PN009,Metformin 500mg Tablet,S002,MediSupply Ltd,D001,Central Hub London,PH003,City Clinic Pharmacy,2025/03/02,10,12/03/2025,50,50.0,48.67,46.13,2479.63,Delivered,,Feb 27 2026,2-8C,B1 1AA,temperature sensitive
T101546,OR-27826,PN001,Amoxicillin 500mg Capsule,S003,UKPharma Dist,D001,Central Hub London,PH004,Community Health Pharmacy,02/18/2024,4,2024-02-22,300,172.0,12.42,112.5,3938.5,Delivered,3206,30/12/2025,Refrigerated,M1 2AB,temperature sensitive
T100860,OR-57809,PN007,Omeprazole 20mg Capsule,S002,MediSupply Ltd,D003,Scotland Regional Hub,PH004,Community Health Pharmacy,2023-09-18,7,09/26/2023,300,300.0,58.87,,17661.0,Partial,,Apr 12 2024,ambient,SE1 9RT,short shipment
T101152,OR-35817,PN007,Omeprazole 20mg Capsule,S004,HealQuick,D003,Scotland Regional Hub,PH010,University Hospital Pharmacy,2024-09-05,3,09/08/2024,200,200.0,23.57,117.62,4831.62,Returned,B7617,2026-02-10,18C,B1 1AA,
T101085,OR-38801,PN005,Salbutamol Inhaler,S001,NHS Supply Chain,D003,Scotland Regional Hub,PH005,County General Pharmacy,2025/04/03,4,2025-04-08,250,250.0,51.7,189.14,13114.14,Partial,B3488,Jan 10 2026,Room Temp,LS1 1UR,call before delivery
T101563,OR-51971,PN001,Amoxicillin 500mg Capsule,S002,MediSupply Ltd,D004,Wales Depot,PH008,Lakeside Pharmacy,10/12/2024,4,12/14/2024,250,184.0,65.41,72.62,16425.12,Delivered,B4648,11/01/2027,Room Temp,N/A,call before delivery
T100491,OR-68493,PN003,Insulin Glargine 100IU/ml,S001,NHS Supply Chain,D004,Wales Depot,PH008,Lakeside Pharmacy,2024-05-29,5,03/06/2024,300,158.0,63.89,216.81,19383.81,Returned,,26/11/2024,2 to 8°C,LS1 1UR,urgent
T100333,OR-81712,PN010,Co-codamol 30/500 Tablet,S002,MediSupply Ltd,D004,Wales Depot,PH006,Northside Pharmacy,2023-06-01,3,06/05/2023,0,0.0,£28.29,144.84,144.84,In Transit,B9273,Jan 01 2025,Refrigerated,B1 1AA,
T100028,OR-56019,PN007,Omeprazole 20mg Capsule,S003,UKPharma Dist,D001,Central Hub London,PH007,Southcare Pharmacy,01/20/2023,14,05/02/2023,200,200.0,62.49,253.35,12751.35,Returned,,2024-05-31,ambient,SE1 9RT,short shipment
T101055,OR-19423,PN004,Atorvastatin 20mg Tabl3t,S005,GlobalMeds,D002,North West Depot,PH006,Northside Pharmacy,2025/03/03,4,2025-03-07,250,250.0,59.36,91.76,14931.76,Partial,B8516,17/11/2025,2-8C,M1 2AB,"handle with care
please confirm"
T101453,OR-24064,PN006,Warfarin 2mg Tablet,S002,MediSupply Ltd,D005,East England Depot,PH004,Community Health Pharmacy,2023.06.14,n/a,TBD,200,200.0,6.83,,1366.0,In Transit,B4297,2025-05-17,Cold Chain,Unknown,short shipment
T100927,OR-64275,PN004,Atorvastatin 20mg Tablet,S002,MediSupply Ltd,D001,Central Hub London,PH009,Midtown Pharmacy,01/21/2023,2,01/25/2023,250,250.0,66.71,294.67,16972.17,Cancelled,B9442,Mar 22 2024,Room Temp,SE1 9RT,call before delivery
T100164,OR-92786,PN002,Paracetamol 500mg Tablet,S001,NHS Supply Chain,D004,Wales Depot,PH001,St Thomas Hospital Pharmacy,09/09/2023,7,09/18/2023,300,300.0,30.99,238.38,9509.88,Delivered,B9476,01/06/2024,2 to 8°C,SE1 9RT,call before delivery
T100895,OR-43314-DUP,PN009,Metformin 500mg Tablet,S005,GlobalMeds,D005,East England Depot,PH004,Community Health Pharmacy,04/12/2023,4,04/16/2023,20,20.0,23.25,274.59,739.59,Partial,B5320,09/10/2023,Refrigerated,M1 2AB,—
T100483,OR-78907,PN001,Amoxicillin 500mg Capsule,S001,NHS Supply Chain,D001,Central Hub London,PH001,St Thomas Hospital Pharmacy,04/01/2025,2,2025-01-06,20,13.0,£28.98,14.03,593.63,In Transit,B1610,Apr 16 2026,18C,SE1 9RT,urgent
T100935,OR-25655,PN007,Omeprazole 20mg Capsule,S001,NHS Supply Chain,D005,East England Depot,PH008,Lakeside Pharmacy,12-Oct-2024,2,2024-10-14,20,20.0,18.47,263.06,632.46,Cancelled,B2315,Mar 03 2026,2-8C,,handle with care
T101014,OR-23525,PN004,Atorvastatin  20mg  Tablet,S003,UKPharma Dist,D002,North West Depot,PH004,Community Health Pharmacy,10/20/2023,4,2023-10-25,10,10.0,29.23,128.22,420.52,Delivered,B7453,05/11/2024,2 to 8°C,,handle with care
T100576,OR-56448,PN001,Amoxicillin 500mg Capsule,S003,UKPharma Dist,D005,East England Depot,PH010,University Hospital Pharmacy,2023-11-25,-2,11/23/2023,500,500.0,31.81,103.24,16008.24,In Transit,B9167,Aug 15 2025,2 to 8°C,,urgent
T100736,OR-68955,PN007,Omeprazole  20mg  Capsule,S005,GlobalMeds,D001,Central Hub London,PH002,Royal Infirmary Pharmacy,04-Feb-2023,14,2023-02-18,20,20.0,51.0,171.2,1191.2,In Transit,B4869,2025-05-15,18C,SE1 9RT,short shipment
T100644,OR-46610,PN005,Salbutamol Inhaler,S002,MediSupply Ltd,D001,Central Hub London,PH008,Lakeside Pharmacy,2025.03.28,2,30/03/2025,100,100.0,33.59,22.17,3381.17,Partial,B1598,2025-10-18,ambient,SE1 9RT,handle with care
T100229,OR-35407,PN004,Atorvastatin 20mg Tabl3t,S003,UKPharma Dist,D002,North West Depot,PH003,City Clinic Pharmacy,2025-03-04,14,19/03/2025,2444,2444.0,39.08,253.11,95764.63,Returned,B1339,Oct 25 2026,Room Temp,SE1 9RT,temperature sensitive
T100718,OR-31631,PN008,Flu  Vaccine,S003,UKPharma Dist,D005,East England Depot,PH004,Community Health Pharmacy,03/27/2025,4,,200,200.0,1.43,288.71,574.71,Returned,B2968,Mar 27 2026,Refrigerated,Unknown,short shipment
T101169,OR-75037,PN004,Atorvastatin 20mg Tablet,S005,GlobalMeds,D004,Wales Depot,PH006,Northside Pharmacy,07/20/2023,2,07/22/2023,150,150.0,66.16,153.45,10077.45,Returned,B4468,17/09/2025,Cold Chain,Unknown,handle with care
T101303,OR-31866,PN006,Warfarin 2mg Tablet,S004,HealQuick,D001,Central Hub London,PH009,Midtown Pharmacy,01/06/2023,7,10/06/2023,500,500.0,37.05,272.85,18797.85,Cancelled,B3334,15/02/2025,Room Temp,,short shipment
T100917,OR-19780,PN004,Atorvastatin 20mg Tablet,S001,NHS Supply Chain,D004,Wales Depot,PH007,Southcare Pharmacy,11/27/2024,4,12/02/2024,250,250.0,66.55,72.7,16710.2,Returned,B6316,N/A,18C,LS1 1UR,
T101047,OR-29835,PN002,Paracetamol 500mg Tablet,S001,NHS Supply Chain,D004,Wales Depot,PH010,University Hospital Pharmacy,2025/01/11,7,01/20/2025,20,20.0,9.88,266.93,464.53,Partial,B8260,Apr 10 2026,ambient,B1 1AA,call before delivery
T100107,OR-94004,PN001,Amoxicillin 500mg Capsule,S001,NHS Supply Chain,D003,Scotland Regional Hub,PH009,Midtown Pharmacy,12/14/2024,3,12/19/2024,300,300.0,40.85,151.79,12406.79,Returned,B4912,Aug 15 2025,2 to 8°C,Unknown,urgent
T101233,OR-25284,PN003,insulin glargine 100iu/ml,S002,MediSupply Ltd,D002,North West Depot,PH008,Lakeside Pharmacy,04/04/2023,4,04/08/2023,10,10.0,£68.88,95.02,783.82,Partial,B1142,Jun 22 2025,Room Temp,LS1 1UR,handle with care
T100557,OR-59496,PN006,Warfarin 2mg Tablet,S004,HealQuick,D001,Central Hub London,PH001,St Thomas Hospital Pharmacy,2024-03-29,2,01/04/2024,250,250.0,36.52,295.64,9425.64,Partial,B8778,03/10/2025,ambient,LS1 1UR,
T100874,OR-38959,PN010,Co-codamol 30/500 Tablet,S003,UKPharma Dist,D005,East England Depot,PH009,Midtown Pharmacy,17-Sep-2023,14,2023-10-01,150,150.0,18.16,66.68,2790.68,Cancelled,B2191,Dec 10 2025,2 to 8°C,Unknown,short shipment
T100929,OR-10424,PN005,Salbutamol  Inhaler,S003,UKPharma Dist,D003,Scotland Regional Hub,PH006,Northside Pharmacy,2023.08.18,10,28/08/2023,10,5.0,38.51,103.66,488.76,Returned,B2972,Nov 25 2025,2-8C,SE1 9RT,
T101030,OR-19749,PN002,paracetamol 500mg tablet,S003,UKPharma Dist,D004,Wales Depot,PH001,St Thomas Hospital Pharmacy,02/12/2024,14,2024-12-16,200,200.0,56.48,10.73,11306.73,Cancelled,,15/02/2026,Room Temp,M1 2AB,
T101075,OR-45248,PN002,Paracetamol 500mg Tablet,S004,HealQuick,D001,Central Hub London,PH007,Southcare Pharmacy,08/11/2023,10,21/08/2023,200,200.0,43.74,299.46,9047.46,Delivered,B3259,Nov 14 2024,18C,M1 2AB,—
T100869,OR-42412,PN005,Salbutamol Inhaler,S003,UKPharma Dist,D002,North West Depot,PH008,Lakeside Pharmacy,05/02/2025,4,02/09/2025,300,300.0,22.72,11.08,6827.08,Returned,B7294,11/04/2027,ambient,B1 1AA,
T101343,OR-70368,PN010,Co-codamol 30/500 Tablet,S001,NHS Supply Chain,D002,North West Depot,PH002,Royal Infirmary Pharmacy,2024-11-24,7,2024-12-03,250,250.0,34.06,282.73,8797.73,In Transit,B7539,2025-06-15,2-8C,LS1 1UR,short shipment
T100835,OR-69253,PN007,Omeprazole 20mg Capsule,S003,UKPharma Dist,D003,Scotland Regional Hub,PH007,Southcare Pharmacy,2024-05-21,2,05/23/2024,50,50.0,52.84,152.74,2794.74,Cancelled,B6637,2026-10-22,2 to 8°C,B1 1AA,handle with care
T100720,OR-88068,PN001,Amoxicillin 500mg Capsule,S004,HealQuick,D001,Central Hub London,PH002,Royal Infirmary Pharmacy,12/06/2024,7,14/12/2024,500,500.0,57.35,118.16,28793.16,Partial,B9514,2026-10-16,ambient,LS1 1UR,handle with care
T100703,OR-74717,PN010,Co-codamol  30/500  Tablet,S001,NHS Supply Chain,D002,North West Depot,PH007,Southcare Pharmacy,13-Nov-2023,5,11/18/2023,150,150.0,4.84,179.84,905.84,Cancelled,B6992,04/12/2025,ambient,B1 1AA,short shipment
T100446,OR-44848,PN005,Salbutamol Inhaler,S005,GlobalMeds,D005,East England Depot,PH008,Lakeside Pharmacy,19-Aug-2024,7,08/28/2024,300,300.0,£13.85,223.56,4378.56,Delivered,B5902,26/08/2025,2-8C,M1 2AB,handle with care
T100259,OR-67012,PN009,Metformin 500mg Tablet,S003,UKPharma Dist,D005,East England Depot,PH009,Midtown Pharmacy,29-Apr-2025,14,14 May 2025,20,20.0,49.54,31.38,1022.18,In Transit,B6483,05/02/2026,ambient,N/A,short shipment
T100074,OR-72287,PN010,Co-codamol 30/500 Tablet,S001,NHS Supply Chain,D005,East England Depot,PH006,Northside Pharmacy,27-May-2025,-3,2025-05-26,500,500.0,58.58,264.04,29554.04,Partial,B8750,Sep 01 2026,Refrigerated,ls1 1ur,handle with care
T100436,OR-12593,PN009,Metformin 500mg Tablet,S005,GlobalMeds,D002,North West Depot,PH004,Community Health Pharmacy,04/14/2025,10,04/24/2025,200,200.0,72.4,56.96,14536.96,In Transit,B3496,Apr 17 2027,Room Temp,B1 1AA,
T100390,OR-45173,PN002,Paracetamol 500mg Tablet,S004,HealQuick,D003,Scotland Regional Hub,PH008,Lakeside Pharmacy,05/19/2023,14,2023-06-02,0,0.0,25.99,218.85,218.85,Partial,B3765,2024-08-12,ambient,,short shipment
T100171,OR-80533,PN005,Salbutamol Inhaler,S002,MediSupply Ltd,D001,Central Hub London,PH003,City Clinic Pharmacy,2025/01/26,4,30/01/2025,50,50.0,26.03,135.82,1437.32,Cancelled,6381,2027-07-03,Refrigerated,SE1 9RT,call before delivery
T101024,OR-46481,PN002,Paracetamol 500mg Tablet,S002,MediSupply Ltd,D001,Central Hub London,PH007,Southcare Pharmacy,05/29/2023,14,06/12/2023,100,100.0,44.47,116.36,4563.36,Returned,B4714,2025-11-08,ambient,B1 1AA,urgent
T101392,OR-23598,PN006,Warfarin 2mg Tablet,S001,NHS Supply Chain,D003,Scotland Regional Hub,PH009,Midtown Pharmacy,2025-04-23,10,05/05/2025,20,20.0,71.31,,1426.2,Returned,B7646,Jul 27 2026,2 to 8°C,SE1 9RT,call before delivery
T101571,OR-81001,PN002,Paracetamol 500mg Tablet,S004,HealQuick,D002,North West Depot,PH003,City Clinic Pharmacy,19/06/2025,14,04/07/2025,10,10.0,54.66,20.2,566.8,Delivered,B5195,2026-10-28,ambient,LS1 1UR,
T101098,OR-69203,PN003,Insulin Glargine 100IU/ml,S001,NHS Supply Chain,D005,East England Depot,PH004,Community Health Pharmacy,2025-05-22,5,2025-05-27,250,108.0,18.82,122.55,4827.55,Delivered,B6483,Aug 07 2027,Cold Chain,Unknown,urgent
T100584,OR-35218,PN010,Co-codamol 30/500 Tablet,S001,NHS Supply Chain,D002,North West Depot,PH004,Community Health Pharmacy,20-Mar-2024,2,2024-03-23,300,300.0,12.22,,3666.0,Partial,B2488,2026-02-25,ambient,m1 2ab,handle with care
T100061,OR-67984,PN003,Insulin Glargine 100IU/ml,S002,MediSupply Ltd,D001,Central Hub London,PH001,St Thomas Hospital Pharmacy,???,7,14 August 2023,-999,5.0,£-5.00,264.3,,In Transit,B3340,N/A,18C,M1 2AB,urgent
T100857,OR-32565,PN004,Atorvastatin 20mg Tablet,S004,HealQuick,D001,Central Hub London,PH003,City Clinic Pharmacy,19/04/2023,2,2023-04-22,10,10.0,33.88,151.72,490.52,Cancelled,B4115,26/03/2024,Refrigerated,Unknown,call before delivery
T101186,OR-91315,PN005,Salbutamol  Inhaler,S005,GlobalMeds,D003,Scotland Regional Hub,PH008,Lakeside Pharmacy,09/02/2025,10,19 February 2025,0,0.0,37.75,228.38,228.38,Delivered,B6273,15/04/2027,2-8C,,—
T101499,OR-61579,PN010,Co-codamol 30/500 Tablet,S004,HealQuick ,D003,Scotland Regional Hub,PH010,University Hospital Pharmacy,2023-03-07,7,03/15/2023,250,250.0,68.67,0.59,17168.09,Partial,B3877,2025-04-24,Cold Chain,SE1 9RT,call before delivery
T100273,OR-94645,PN009,Metformin 500mg Tablet,S002,MediSupply Ltd,D003,Scotland Regional Hub,PH009,Midtown Pharmacy,2024-04-28,7,06/05/2024,20,20.0,49.19,80.81,1064.61,Cancelled,B6017,22/10/2025,Cold Chain,Unknown,temperature sensitive
T100036,OR-30644,PN006,Warfarin 2mg Tablet,S002,MediSupply Ltd,D003,Scotland Regional Hub,PH008,Lakeside Pharmacy,2025-02-20,7,,20,20.0,19.89,85.67,483.47,Delivered,B2213,Nov 17 2026,2 to 8°C,,short shipment
T100649,OR-33551,PN002,Paracetamol 500mg Tablet,S005,GlobalMeds,D001,Central Hub London,PH007,Southcare Pharmacy,2023-08-07,5,08/14/2023,50,50.0,51.93,152.02,2748.52,Returned,,2025-05-21,2 to 8°C,B1 1AA,call before delivery
T101443,OR-29841,PN009,Metformin 500mg Tablet,S001,NHS Supply Chain,D004,Wales Depot,PH004,Community Health Pharmacy,2024/01/01,7,01/10/2024,100,100.0,£70.91,50.32,TBD,Returned,B1583,16/08/2024,Cold Chain,M1 2AB,call before delivery
T101150,OR-16964,PN004,Atorvastatin  20mg  Tablet,S001,NHS Supply Chain,D002,North West Depot,PH004,Community Health Pharmacy,2024/05/17,-2,2024-05-15,100,100.0,67.47,159.44,6906.44,Returned,,Jan 02 2025,Refrigerated,,handle with care
T100959,OR-19730,PN004,Atorvastatin 20mg Tablet,S003,UKPharma Dist,D002,North West Depot,PH008,Lakeside Pharmacy,03/22/2025,4,2025-03-27,20,20.0,57.98,239.99,1399.59,Partial,B9483,03/12/2025,2-8C,LS1 1UR,urgent
T100724,OR-82609,PN006,Warfarin 2mg Tablet,S003,UKPharma Dist,D004,Wales Depot,PH007,Southcare Pharmacy,25-Sep-2024,10,10/05/2024,50,50.0,3.19,232.4,391.9,Returned,B5471,11/09/2026,Room Temp,N/A,temperature sensitive
T100186,OR-94940,PN007,Omeprazole 20mg Capsule,S003,UKPharma Dist,D003,Scotland Regional Hub,PH008,Lakeside Pharmacy,2023.03.11,7,03/18/2023,50,50.0,32.42,41.27,1662.27,Partial,B1621,11/05/2025,18C,B1 1AA,
T100902,OR-78848,PN001,Amoxicillin 500mg Capsule,S005,GlobalMeds,D005,East England Depot,PH004,Community Health Pharmacy,09-Feb-2024,3,2024-02-13,10,10.0,11.57,197.91,313.61,In Transit,,2024-09-06,ambient,,temperature sensitive
T100448,OR-79590,PN006,Warfarin 2mg Tablet,S004,HEALQUICK,D003,Scotland Regional Hub,PH004,Community Health Pharmacy,2023.05.10,10,20 May 2023,300,300.0,65.03,127.98,19636.98,Cancelled,B2655,10/03/2024,2-8C,M1 2AB,temperature sensitive
T100661,OR-28119,PN008,Flu Vaccine,S003,UKPharma Dist,D002,North West Depot,PH001,St Thomas Hospital Pharmacy,2024-03-29,14,04/12/2024,50,50.0,40.33,57.22,2073.72,Cancelled,,Apr 06 2025,Refrigerated,Unknown,call before delivery
T100745,OR-41031,PN005,Salbutamol Inhaler,S005,GlobalMeds,D001,Central Hub London,PH007,Southcare Pharmacy,28-Feb-2025,5,2025-03-05,100,100.0,65.6,250.4,6810.4,Returned,B2516,Mar 02 2027,2-8C,Unknown,short shipment
T101444,OR-98641,PN003,Insulin Glargine 100IU/ml,S002,MediSupply Ltd,D001,Central Hub London,PH007,Southcare Pharmacy,04-Mar-2024,5,2024-03-11,250,210.0,73.16,263.79,18553.79,In Transit,B9658,Jan 10 2025,Cold Chain,,
T100714,OR-74748,PN008,Flu Vaccine,S002,MediSupply Ltd,D002,North West Depot,PH002,Royal Infirmary Pharmacy,04/28/2023,3,,0,0.0,73.02,231.71,231.71,In Transit,B6924,29/01/2025,2 to 8°C,B1 1AA,short shipment
T100405,OR-42018,PN010,Co-codamol 30/500 Tablet,S003,UKPharma Dist,D004,Wales Depot,PH008,Lakeside Pharmacy,04/14/2024,14,28/04/2024,10,10.0,29.64,76.43,372.83,Returned,B3448,2025-05-25,,SE1 9RT,temperature sensitive
T101080,OR-29473,PN003,Insulin Glargine 100IU/ml,S004,HealQuick,D001,Central Hub London,PH005,County General Pharmacy,2024-02-05,4,10 February 2024,250,250.0,31.65,88.28,8000.78,Delivered,B7427,2026-06-27,Refrigerated,M1 2AB,urgent
T100810,OR-43334,PN001,Amoxicillin 500mg Capsule,S004,HealQuick ,D005,East England Depot,PH007,Southcare Pharmacy,2023-04-27,14,05/13/2023,20,20.0,71.7,2.69,1436.69,Partial,,N/A,2-8C,m1 2ab,urgent
T100604,OR-35122,PN009,Metformin 500mg Tablet,S001,NHS Supply Chain,D005,East England Depot,PH007,Southcare Pharmacy,01/12/2024,4,12/05/2024,100,100.0,5.86,93.2,679.2,Returned,B4892,2025-06-07,Refrigerated,M1 2AB,
T100113,OR-30578,PN003,Insulin Glargine 100IU/ml,S005,GlobalMeds ,D003,Scotland Regional Hub,PH004,Community Health Pharmacy,2025/03/19,n/a,unknown,100,100.0,22.29,293.94,2522.94,Cancelled,B9709,06/04/2026,Refrigerated,se1 9rt,handle with care
T100410,OR-43388,PN002,Paracetamol 500mg Tablet,S002,MediSupply Ltd,D002,North West Depot,PH002,Royal Infirmary Pharmacy,2025-03-15,14,30/03/2025,20,20.0,36.77,167.15,902.55,Partial,B1664,2027-08-29,2-8C,LS1 1UR,short shipment
T101523,OR-15995,PN007,Omeprazole 20mg Capsule,S004,HealQuick,D005,East England Depot,PH003,City Clinic Pharmacy,16-Jan-2023,7,23/01/2023,200,200.0,67.52,109.34,13613.34,Returned,B7632,2024-10-19,ambient,ls1 1ur,"
please confirm"
T100951,OR-52526,PN005,Salbutamol Inhaler,S004,HealQuick,D003,Scotland Regional Hub,PH010,University Hospital Pharmacy,2024-03-06,3,09 March 2024,250,250.0,40.67,233.31,10400.81,Returned,B9812,02/03/2025,Refrigerated,,
T100592,OR-63951,PN004,Atorvastatin 20mg Tablet,S003,UKPharma Dist ,D001,Central Hub London,PH008,Lakeside Pharmacy,03/07/2024,4,12/03/2024,50,15.0,53.96,10.05,2708.05,Returned,B5759,20/08/2025,18C,M1 2AB,urgent
T101529,OR-89493,PN004,Atorvastatin 20mg Tablet,S004,HealQuick,D005,East England Depot,PH005,County General Pharmacy,2023/05/02,2,,0,0.0,27.81,10.23,10.23,In Transit,B3543,2023-10-31,2-8C,B1 1AA,call before delivery
T100088,OR-59146,PN010,Co-codamol 30/500 Tablet,S005,GlobalMeds,D003,Scotland Regional Hub,PH009,Midtown Pharmacy,14/08/2023,14,2023-08-30,150,150.0,35.88,194.79,5576.79,In Transit,B4994,08/01/2026,2 to 8°C,LS1 1UR,
T100833,OR-37422,PN008,Flu Vaccine,S002,MediSupply Ltd,D004,Wales Depot,PH002,Royal Infirmary Pharmacy,23-Dec-2023,7,30/12/2023,0,0.0,5.82,262.16,262.16,In Transit,B4730,26/11/2024,ambient,m1 2ab,urgent
T101213,OR-91961,PN005,Salbutamol Inhaler,S003,UKPharma Dist,D002,North West Depot,PH004,Community Health Pharmacy,15-Dec-2023,5,20/12/2023,0,0.0,23.43,133.94,TBD,In Transit,B6194,Jun 13 2024,2-8C,B1 1AA,temperature sensitive
T101528,OR-86134,PN004,Atorvastatin 20mg Tablet,S001,NHS Supply Chain,D004,Wales Depot,PH009,Midtown Pharmacy,2024-12-07,5,12/12/2024,150,150.0,£66.93,215.23,TBD,Delivered,B2949,2026-06-11,Room Temp,B1 1AA,urgent
T100739,OR-93774,PN001,Amoxicillin 500mg Capsule,S005,GlobalMeds,D004,Wales Depot,PH002,Royal Infirmary Pharmacy,2023/07/28,4,2023-08-02,100,100.0,66.77,119.82,6796.82,Cancelled,B8542,2025-08-21,ambient,,call before delivery
T100490,OR-42159,PN005,Salbutamol Inhaler,S002,MediSupply Ltd ,D005,East England Depot,PH009,Midtown Pharmacy,04/12/2024,2,12/07/2024,0,0.0,34.0,19.05,19.05,In Transit,,Feb 21 2026,Room Temp,M1 2AB,call before delivery
T100011,OR-83975,PN009,Metformin 500mg Tablet,S002,MediSupply Ltd,D004,Wales Depot,PH006,Northside Pharmacy,07/09/2024,3,07/12/2024,0,0.0,62.76,239.96,239.96,Cancelled,B1475,20/11/2026,18C,LS1 1UR,short shipment
T100391,OR-89526,PN007,Omeprazole 20mg Capsule,S004,HealQuick,D002,North West Depot,PH002,Royal Infirmary Pharmacy,25/04/2023,3,04/29/2023,250,140.0,58.13,88.04,14620.54,Partial,B4139,May 12 2025,Room Temp,N/A,short shipment
T100279,OR-64404,PN004,Atorvastatin 20mg Tablet,S004,HealQuick,D002,North West Depot,PH009,Midtown Pharmacy,05/06/2023,n/a,,100,100.0,£2.62,8.55,270.55,In Transit,B1761,2025-08-05,Room Temp,M1 2AB,
T101048,OR-48795,PN001,amoxicillin 500mg capsule,S003,UKPharma Dist,D004,Wales Depot,PH004,Community Health Pharmacy,15-Sep-2023,4,19/09/2023,300,300.0,62.09,234.66,18861.66,Delivered,B8735,2026-01-25,Room Temp,LS1 1UR,urgent
T100676,OR-31965,PN006,Warfarin 2mg Tablet,S005,GlobalMeds,D005,East England Depot,PH009,Midtown Pharmacy,30-Jun-2023,3,2023-07-05,150,150.0,45.63,150.45,6994.95,Returned,B8356,2024-11-27,2-8C,,short shipment
T101306,OR-29556,PN002,Paracetamol 500mg Tablet,S002,MediSupply Ltd,D003,Scotland Regional Hub,PH008,Lakeside Pharmacy,09-Oct-2023,14,2023-10-23,50,50.0,21.99,284.37,1383.87,Cancelled,B1868,Jan 30 2026,ambient,SE1 9RT,short shipment
T101496,OR-61973,PN010,Co-codamol 30/500 Tablet,S004,HealQuick,D003,Scotland Regional Hub,PH004,Community Health Pharmacy,30-Nov-2023,7,2023-12-09,-29,-29.0,51.31,,-1487.99,Delivered,B1201,Sep 06 2025,Room Temp,LS1 1UR,handle with care
T100675,OR-62604,PN006,Warfarin 2mg Tablet,S002,MediSupply Ltd,D002,North West Depot,PH004,Community Health Pharmacy,24/02/2023,10,08/03/2023,20,20.0,64.69,187.66,1481.46,Partial,B4047,2025-01-03,Cold Chain,M1 2AB,short shipment
T100836,OR-34303,PN002,Paracetamol 500mg Tablet,S004,HealQuick,D002,North West Depot,PH007,Southcare Pharmacy,2023/07/16,14,07/31/2023,20,20.0,29.53,153.37,743.97,Partial,B5111,2024-07-14,18C,B1 1AA,handle with care
T100154,OR-91003,PN003,Insulin Glargine 100IU/ml,S004,HealQuick,D005,East England Depot,PH002,Royal Infirmary Pharmacy,24/04/2023,10,05/04/2023,150,150.0,44.68,25.32,6727.32,Partial,4677,Nov 13 2023,Refrigerated,SE1 9RT,call before delivery
T100879,OR-80854,PN004,Atorvastatin  20mg  Tablet,S005,GlobalMeds,D005,East England Depot,PH002,Royal Infirmary Pharmacy,03/09/2024,7,18 March 2024,250,250.0,18.64,87.18,4747.18,Partial,B3143,2024-09-17,ambient,,short shipment
T101412,OR-79909,PN005,Salbutamol Inhaler,S003,UKPharma Dist,D004,Wales Depot,PH003,City Clinic Pharmacy,04-Apr-2024,10,04/14/2024,300,300.0,38.7,99.47,11709.47,In Transit,B8191,31/08/2026,18C,SE1 9RT,call before delivery
T100252,OR-20158,PN007,Omeprazole 20mg Capsule,S001,NHS Supply Chain,D001,Central Hub London,PH002,Royal Infirmary Pharmacy,28/07/2024,5,04/08/2024,500,500.0,55.67,206.7,28041.7,Cancelled,B9007,2025-12-10,ambient,LS1 1UR,call before delivery
T100330,OR-98963,PN008,Flu Vaccine,S001,NHS Supply Chain,D002,North West Depot,PH007,Southcare Pharmacy,2024-04-29,4,05/05/2024,200,200.0,25.54,255.96,5363.96,Delivered,B8021,Jan 28 2025,18C,se1 9rt,urgent
T101500,OR-77817,PN009,Metformin 500mg Tablet,S004,HealQuick,D003,Scotland Regional Hub,PH009,Midtown Pharmacy,05/22/2025,2,2025-05-25,200,200.0,23.77,272.7,5026.7,Partial,,2027-01-22,Room Temp,,call before delivery
T101021,OR-87938,PN003,Insulin Glargine 100IU/ml,S001,NHS Supply Chain,D005,East England Depot,PH002,Royal Infirmary Pharmacy,2025-06-07,14,2025-06-21,50,50.0,63.46,14.82,3187.82,Delivered,B3366,2027-06-24,,B1 1AA,handle with care
T100506,OR-71281,PN007,Omeprazole 20mg Capsule,S003,UKPharma Dist,D005,East England Depot,PH006,Northside Pharmacy,2023-01-28,3,01/31/2023,200,200.0,£33.28,38.68,TBD,In Transit,B6039,23/04/2024,ambient,M1 2AB,handle with care
T100997,OR-71724,PN008,Flu Vaccine,S004,HealQuick,D001,Central Hub London,PH009,Midtown Pharmacy,2024-01-22,3,2024-01-25,100,100.0,£3.34,118.04,452.04,In Transit,B8424,14/04/2026,2-8C,SE1 9RT,short shipment
T100753,OR-32232,PN010,Co-codamol 30/500 Tablet,S001,NHS Supply Chain,D005,East England Depot,PH004,Community Health Pharmacy,01/14/2024,4,18/01/2024,0,0.0,7.39,252.47,252.47,In Transit,B6477,2025-04-28,2-8C,SE1 9RT,handle with care
T101400,OR-72202,PN003,Insulin Glargine 100IU/ml,S004,HealQuick,D005,East England Depot,PH006,Northside Pharmacy,2025/05/31,14,2025-06-15,300,300.0,£29.47,268.96,9109.96,Delivered,B2067,2026-10-20,Cold Chain,LS1 1UR,temperature sensitive
T100746,OR-71469,PN010,Co-codamol 30/500 Tablet,S001,NHS Supply Chain,D005,East England Depot,PH002,Royal Infirmary Pharmacy,03/04/2025,7,2025-03-11,200,200.0,19.7,211.26,4151.26,Cancelled,B6473,Sep 12 2026,Cold Chain,N/A,handle with care
T101168,OR-37822,PN001,Amoxicillin 500mg Capsule,S004,HealQuick,D002,North West Depot,PH006,Northside Pharmacy,07/23/2023,3,,20,20.0,33.66,57.25,730.45,Delivered,B7792,Oct 04 2025,2 to 8°C,M1 2AB,temperature sensitive
T101585,OR-61514,PN005,Salbutamol Inhaler,S002,MediSupply Ltd ,D004,Wales Depot,PH004,Community Health Pharmacy,12/07/2024,4,2024-12-13,200,200.0,25.88,130.66,5306.66,Returned,B2841,03/11/2026,18C,M1 2AB,call before delivery
T100512,OR-60386,PN009,Metformin 500mg Tablet,S001,NHS Supply Chain,D003,Scotland Regional Hub,PH004,Community Health Pharmacy,2023.09.15,2,2023-09-17,300,300.0,66.77,214.54,20245.54,Delivered,B9211,Jul 22 2024,18C,LS1 1UR,handle with care
T100022,OR-13280,PN001,Amoxicillin 500mg Capsule,S002,MediSupply Ltd,D004,Wales Depot,PH003,City Clinic Pharmacy,25/07/2023,4,29/07/2023,100,100.0,10.99,217.27,1316.27,Returned,7464,23/07/2025,18C,M1 2AB,handle with care
T100351,OR-64397,PN003,Insulin Glargine 100IU/ml,S004,HealQuick,D001,Central Hub London,PH009,Midtown Pharmacy,2023/02/19,3,2023-02-22,150,51.0,6.75,149.0,1161.5,Delivered,B9203,Mar 05 2025,,N/A,
T101351,OR-33146,PN008,Flu Vaccine,S001,NHS Supply Chain,D002,North West Depot,PH004,Community Health Pharmacy,2023/02/06,7,02/15/2023,100,100.0,20.9,77.61,2167.61,Partial,B4598,2023-09-16,ambient,LS1 1UR,urgent
T100335,OR-97555,PN006,Warfarin 2mg Tabl3t,S004,HealQuick,D004,Wales Depot,PH001,St Thomas Hospital Pharmacy,12/04/2023,10,23/04/2023,20,20.0,52.02,46.67,1087.07,In Transit,,2024-07-11,2 to 8°C,SE1 9RT,short shipment
T100423,OR-63728,PN001,Amoxicillin 500mg Capsule,S002,MediSupply Ltd,D004,Wales Depot,PH005,County General Pharmacy,2023-08-29,7,06/09/2023,200,200.0,65.66,66.42,13198.42,Cancelled,B7480,Nov 03 2025,Room Temp,M1 2AB,urgent
T100465,OR-90124,PN004,Atorvastatin 20mg Tablet,S002,MediSupply Ltd ,D002,North West Depot,PH005,County General Pharmacy,19-Aug-2023,14,09/02/2023,500,500.0,£65.03,254.02,32769.02,In Transit,,Feb 28 2025,18C,,
T100212,OR-83307,PN001,Amoxicillin 500mg Capsule,S002,MediSupply Ltd,D005,East England Depot,PH005,County General Pharmacy,04/26/2024,5,2024-05-02,0,0.0,32.06,213.42,213.42,Cancelled,B7941,Jul 28 2025,Cold Chain,B1 1AA,
T100895,OR-43314,PN009,Metformin 500mg Tablet,S005,GlobalMeds,D005,East England Depot,PH004,Community Health Pharmacy,04/12/2023,4,04/16/2023,20,20.0,23.25,274.59,739.59,Partial,B5320,09/10/2023,Refrigerated,M1 2AB,—
T101277,OR-48689,PN003,Insulin Glargine 100IU/ml,S002,MediSupply Ltd,D001,Central Hub London,PH004,Community Health Pharmacy,31-May-2025,7,08/06/2025,50,50.0,£6.36,196.21,TBD,Delivered,B9601,Mar 07 2027,2-8C,LS1 1UR,"handle with care
please confirm"
T100993,OR-68008,PN006,warfarin 2mg tablet,S002,MediSupply Ltd,D002,North West Depot,PH002,Royal Infirmary Pharmacy,11-Aug-2024,2,13 August 2024,50,50.0,54.97,223.8,2972.3,Delivered,B6968,Feb 18 2026,Cold Chain,Unknown,temperature sensitive
T101556,OR-51536,PN010,Co-codamol 30/500 Tablet,S005,GlobalMeds,D001,Central Hub London,PH006,Northside Pharmacy,07-Nov-2024,14,11/21/2024,50,50.0,20.33,65.63,1082.13,Cancelled,B1881,Aug 23 2026,Room Temp,LS1 1UR,
T100092,OR-28398,PN006,Warfarin 2mg Tablet,S005,GlobalMeds,D002,North West Depot,PH009,Midtown Pharmacy,21-Jul-2023,10,,500,228.0,67.1,44.59,33594.59,Returned,B5767,13/06/2025,ambient,,short shipment
T100990,OR-26708,PN004,Atorvastatin 20mg Tablet,S004,HealQuick,D002,North West Depot,PH001,St Thomas Hospital Pharmacy,2023/04/06,14,04/22/2023,20,20.0,4.45,64.14,153.14,Partial,B3958,2024-10-14,ambient,LS1 1UR,handle with care
T101052,OR-65121,PN004,Atorvastatin 20mg Tablet,S002,MediSupply Ltd,D001,Central Hub London,PH002,Royal Infirmary Pharmacy,19-Dec-2023,7,12/26/2023,10,10.0,49.52,113.78,608.98,Cancelled,3110,28/06/2025,Refrigerated,ls1 1ur,
T101074,OR-35337,PN004,Atorvastatin 20mg Tablet,S005,GlobalMeds,D002,North West Depot,PH010,University Hospital Pharmacy,29-Mar-2024,2,03/31/2024,100,100.0,43.79,284.8,4663.8,Cancelled,B7653,03/08/2025,2-8C,SE1 9RT,urgent
T100682,OR-40612,PN003,Insulin Glargine 100IU/ml,S001,NHS Supply Chain,D002,North West Depot,PH002,Royal Infirmary Pharmacy,03-Nov-2023,10,13 November 2023,20,20.0,15.58,42.45,354.05,Cancelled,B4964,Aug 02 2024,ambient,m1 2ab,short shipment
T101432,OR-41774,PN010,Co-codamol 30/500 Tablet,S003,UKPharma Dist,D004,Wales Depot,PH009,Midtown Pharmacy,24-Jun-2023,10,04 July 2023,300,300.0,32.94,72.71,9954.71,Returned,B7487,Sep 01 2024,ambient,,
T100978,OR-27030,PN005,Salbutamol Inhaler,S001,NHS Supply Chain,D002,North West Depot,PH004,Community Health Pharmacy,02/23/2023,2,2023-02-27,10,10.0,33.1,47.54,378.54,Partial,B9986,2025-01-18,Room Temp,Unknown,call before delivery
T100148,OR-17398,PN006,Warfarin 2mg Tablet,S002,MediSupply Ltd,D003,Scotland Regional Hub,PH003,City Clinic Pharmacy,05/18/2024,10,05/30/2024,250,250.0,37.35,105.83,9443.33,Delivered,B3100,Nov 06 2025,2-8C,,handle with care
T101081,OR-84464,PN007,Omeprazole 20mg Capsule,S003,UKPharma Dist,D003,Scotland Regional Hub,PH010,University Hospital Pharmacy,2024-08-15,5,08/20/2024,500,500.0,17.38,121.57,8811.57,Partial,B8163,16/09/2025,Refrigerated,M1 2AB,handle with care
T101381,OR-89924-DUP,PN009,Metformin 500mg Tablet,S004,HealQuick,D004,Wales Depot,PH001,St Thomas Hospital Pharmacy,01/29/2023,2,2023-01-31,50,50.0,26.59,134.51,1464.01,In Transit,B6372,Mar 28 2024,18C,LS1 1UR,call before delivery
T101597,OR-36493,PN003,Insulin Glargin3 100IU/ml,S005,GlobalMeds,D002,North West Depot,PH003,City Clinic Pharmacy,30/11/2023,3,05/12/2023,10,10.0,17.71,184.79,361.89,In Transit,,N/A,Room Temp,Unknown,urgent
T100774,OR-37954,PN010,Co-codamol 30/500 Tablet,S002,MediSupply Ltd,D002,North West Depot,PH004,Community Health Pharmacy,2024-03-13,5,20/03/2024,100,100.0,63.28,51.99,6379.99,Partial,B5716,15/07/2026,18C,B1 1AA,call before delivery
T100569,OR-22290,PN004,Atorvastatin 20mg Tablet,S003,UKPharma Dist,D001,Central Hub London,PH002,Royal Infirmary Pharmacy,26/05/2023,7,2023-06-02,100,100.0,60.56,157.07,6213.07,Returned,B6735,06/11/2024,18C,SE1 9RT,call before delivery
T100689,OR-44985,PN006,warfarin 2mg tablet,S003,UKPharma Dist,D004,Wales Depot,PH003,City Clinic Pharmacy,2024-07-11,10,07/21/2024,10,10.0,6.17,,61.7,Cancelled,B5417,2026-01-01,18C,B1 1AA,urgent
T101337,OR-59932,PN009,Metformin 500mg Tablet,S001,NHS Supply Chain,D001,Central Hub London,PH003,City Clinic Pharmacy,2023-08-29,10,09/10/2023,0,0.0,31.43,249.51,249.51,In Transit,B3508,2024-04-04,18C,N/A,call before delivery
T100479,OR-30753,PN004,Atorvastatin 20mg Tablet,S004,HealQuick,D002,North West Depot,PH002,Royal Infirmary Pharmacy,01/16/2023,14,30/01/2023,10,10.0,7.94,38.43,117.83,Partial,B9334,2024-08-26,Room Temp,Unknown,urgent
T100549,OR-25769,PN010,Co-codamol 30/500 Tablet,S005,GlobalMeds,D003,Scotland Regional Hub,PH001,St Thomas Hospital Pharmacy,04/14/2025,3,2025-04-17,150,150.0,70.76,74.67,10688.67,Partial,B7322,05/12/2026,Refrigerated,LS1 1UR,short shipment
T101121,OR-11100,PN003,Insulin Glargine 100IU/ml,S005,GlobalMeds,D002,North West Depot,PH003,City Clinic Pharmacy,27-Mar-2025,10,,100,100.0,62.84,83.93,6367.93,Delivered,B8211,2027-04-05,18C,B1 1AA,short shipment
T101099,OR-56111,PN009,Metformin 500mg Tablet,S001,NHS Supply Chain,D004,Wales Depot,PH007,Southcare Pharmacy,19-Oct-2023,3,10/22/2023,150,150.0,69.34,293.65,10694.65,Delivered,B2353,Oct 07 2025,Refrigerated,M1 2AB,handle with care
T100786,OR-47951,PN009,Metformin 500mg Tablet,S002,MediSupply Ltd,D002,North West Depot,PH009,Midtown Pharmacy,2024.03.18,5,25/03/2024,0,0.0,14.95,170.0,170.0,Delivered,B2777,2026-02-16,Cold Chain,Unknown,temperature sensitive
T100504,OR-45829,PN009,Metformin 500mg Tablet,S003,UKPharma Dist,D005,East England Depot,PH002,Royal Infirmary Pharmacy,12/01/2023,7,2023-01-19,0,0.0,34.78,179.24,179.24,In Transit,B1682,2025-01-07,2 to 8°C,M1 2AB,handle with care
T100621,OR-96597,PN005,Salbutamol Inhaler,S004,HealQuick ,D005,East England Depot,PH010,University Hospital Pharmacy,07/06/2023,7,15 July 2023,250,250.0,3.55,267.92,1155.42,Partial,B4010,2025-03-31,2-8C,B1 1AA,short shipment
T101175,OR-78974,PN009,Metformin 500mg Tablet,S004,HealQuick,D002,North West Depot,PH001,St Thomas Hospital Pharmacy,02-Oct-2024,5,08 October 2024,50,50.0,12.87,1.79,645.29,Cancelled,B2826,24/05/2026,Refrigerated,,handle with care
T101531,OR-75978,PN004,Atorvastatin 20mg Tablet,S002,MediSupply Ltd,D002,North West Depot,PH002,Royal Infirmary Pharmacy,02/04/2025,7,2025-02-11,150,150.0,11.74,122.6,1858.1,Delivered,B2350,2026-08-24,2 to 8°C,SE1 9RT,temperature sensitive
T101130,OR-13343,PN003,Insulin Glargine 100IU/ml,S004,HealQuick,D001,Central Hub London,PH006,Northside Pharmacy,01/03/2023,4,03/07/2023,200,200.0,56.01,87.95,11289.95,Cancelled,,Aug 09 2024,2 to 8°C,,urgent
T100775,OR-37037,PN004,Atorvastatin 20mg Tablet,S004,HealQuick,D003,Scotland Regional Hub,PH001,St Thomas Hospital Pharmacy,23-Feb-2025,4,2025-02-28,50,50.0,70.36,159.57,3777.57,Cancelled,B6546,Feb 11 2026,18C,LS1 1UR,temperature sensitive
T100114,OR-34134,PN005,Salbutamol Inhaler,S001,NHS Supply Chain,D001,Central Hub London,PH009,Midtown Pharmacy,14/10/2023,5,10/21/2023,50,50.0,45.6,195.74,2475.74,In Transit,B6062,29/09/2025,2 to 8°C,Unknown,short shipment
T100726,OR-12847,PN007,Omeprazole 20mg Capsule,S004,HealQuick,D002,North West Depot,PH004,Community Health Pharmacy,21/05/2025,3,26/05/2025,0,0.0,4.48,,0.0,Delivered,B6372,19/09/2026,Refrigerated,LS1 1UR,short shipment
T101063,OR-74196,PN005,Salbutamol Inhaler,S004,HealQuick,D005,East England Depot,PH008,Lakeside Pharmacy,2023-12-21,2,23/12/2023,100,100.0,58.15,92.05,5907.05,In Transit,B8008,07/04/2025,2 to 8°C,LS1 1UR,
T100815,OR-28446,PN005,Salbutamol Inhaler,S005,GlobalMeds ,D002,North West Depot,PH009,Midtown Pharmacy,2023.12.14,2,12/16/2023,20,20.0,24.35,20.76,507.76,Returned,B7145,18/05/2025,Cold Chain,B1 1AA,
T100117,OR-43175,PN009,Metformin 500mg Tablet,S002,MediSupply Ltd,D002,North West Depot,PH008,Lakeside Pharmacy,03-Apr-2023,10,04/13/2023,150,150.0,46.1,13.17,6928.17,In Transit,B3369,21/11/2023,18C,LS1 1UR,—
T100643,OR-87455,PN003,Insulin Glargine 100IU/ml,S001,NHS SUPPLY CHAIN,D002,North West Depot,PH007,Southcare Pharmacy,02/16/2025,2,19/02/2025,0,0.0,22.5,,0.0,Delivered,,Nov 09 2026,Cold Chain,M1 2AB,call before delivery
T101520,OR-55849,PN007,Omeprazole 20mg Capsule,S004,HealQuick,D003,Scotland Regional Hub,PH001,St Thomas Hospital Pharmacy,19/06/2025,3,06/23/2025,50,50.0,22.55,227.63,1355.13,Cancelled,B6635,Dec 18 2026,18C,ls1 1ur,short shipment
T100623,OR-52733,PN009,Metformin 500mg Tablet,S003,UKPharma Dist,D005,East England Depot,PH009,Midtown Pharmacy,2025-03-13,4,2025-03-17,250,250.0,60.15,285.36,15322.86,Partial,B1449,Oct 22 2025,Room Temp,B1 1AA,
T100364,OR-93092,PN003,Insulin Glargine 100IU/ml,S002,MediSupply Ltd,D005,East England Depot,PH006,Northside Pharmacy,2024.11.28,10,12/08/2024,0,0.0,54.71,11.49,11.49,Returned,B6613,Feb 25 2026,Cold Chain,LS1 1UR,short shipment
T100263,OR-90903,PN007,Om3prazole 20mg Capsule,S005,GlobalMeds,D005,East England Depot,PH008,Lakeside Pharmacy,2024-03-21,2,24 March 2024,150,150.0,40.93,5.26,6144.76,Returned,B1599,2025-10-27,Refrigerated,,handle with care
T100642,OR-90592,PN006,Warfarin 2mg Tablet,S001,NHS Supply Chain,D004,Wales Depot,PH002,Royal Infirmary Pharmacy,2023/10/31,3,04/11/2023,200,200.0,24.95,237.17,5227.17,In Transit,B8368,Jan 21 2026,Refrigerated,Unknown,
T100918,OR-59925,PN006,Warfarin  2mg  Tablet,S002,MediSupply Ltd,D002,North West Depot,PH005,County General Pharmacy,01-Jun-2025,10,06/11/2025,250,250.0,42.92,240.4,10970.4,Partial,B8988,21/04/2027,Refrigerated,m1 2ab,urgent
T100807,OR-25360,PN004,Atorvastatin 20mg Tablet,S004,HealQuick,D002,North West Depot,PH008,Lakeside Pharmacy,12-Sep-2023,14,27/09/2023,0,0.0,4.9,27.56,27.56,Cancelled,B7809,Sep 01 2024,Refrigerated,B1 1AA,handle with care
T100851,OR-23197,PN004,atorvastatin 20mg tablet,S004,HealQuick,D001,Central Hub London,PH005,County General Pharmacy,04/03/2023,14,18/03/2023,250,91.0,12.1,220.49,3245.49,In Transit,6337,Jun 28 2024,Cold Chain,N/A,handle with care
T100046,OR-40102,PN007,omeprazole 20mg capsule,S001,NHS Supply Chain ,D001,Central Hub London,PH009,Midtown Pharmacy,2023-03-03,5,03/08/2023,200,200.0,28.62,262.37,5986.37,Delivered,B9802,2024-01-07,,SE1 9RT,call before delivery
T101373,OR-16180,PN008,Flu Vaccine,S004,HealQuick,D005,East England Depot,PH009,Midtown Pharmacy,31-Mar-2025,5,2025-04-05,200,200.0,52.94,31.53,10629.53,In Transit,B1376,Nov 10 2026,Room Temp,B1 1AA,temperature sensitive
T100973,OR-83601,PN004,atorvastatin 20mg tablet,S005,GlobalMeds,D005,East England Depot,PH009,Midtown Pharmacy,03/30/2024,7,08 April 2024,10,,51.21,224.81,736.91,In Transit,B9750,May 07 2025,ambient,SE1 9RT,temperature sensitive
T100861,OR-72348,PN005,Salbutamol Inhaler,S002,MediSupply Ltd,D002,North West Depot,PH003,City Clinic Pharmacy,2023-09-02,5,09/09/2023,200,200.0,48.62,278.02,10002.02,Cancelled,,2024-10-21,18C,N/A,
T100758,OR-28958,PN009,Metformin 500mg Tablet,S004,HealQuick,D002,North West Depot,PH010,University Hospital Pharmacy,19/01/2025,10,31/01/2025,250,250.0,37.69,134.65,9557.15,Delivered,,26/02/2026,2 to 8°C,,short shipment
T101599,OR-88482,PN009,Metformin 500mg Tablet,S003,UKPHARMA DIST,D001,Central Hub London,PH007,Southcare Pharmacy,2024/08/12,5,08/19/2024,20,20.0,32.45,199.65,848.65,In Transit,B6641,14/06/2026,18C,LS1 1UR,temperature sensitive
T100004,OR-31579,PN008,Flu Vaccine,S005,GlobalMeds,D004,Wales Depot,PH007,Southcare Pharmacy,2023-07-14,5,07/19/2023,200,200.0,40.45,138.79,8228.79,Returned,,2025-11-07,2-8C,B1 1AA,urgent
T100985,OR-76349,PN007,Omeprazole 20mg Capsule,S002,MediSupply Ltd,D002,North West Depot,PH005,County General Pharmacy,2025/06/10,3,15/06/2025,10,10.0,50.42,187.37,691.57,In Transit,B9656,Aug 01 2027,ambient,B1 1AA,handle with care
T101383,OR-24371,PN006,Warfarin 2mg Tablet,S003,UKPharma Dist ,D004,Wales Depot,PH005,County General Pharmacy,11/09/2023,2,11/11/2023,20,20.0,21.66,232.38,665.58,In Transit,B5059,Dec 21 2024,Cold Chain,,short shipment
T100258,OR-86706,PN008,Flu Vaccine,S001,NHS Supply Chain,D001,Central Hub London,PH003,City Clinic Pharmacy,2025-03-18,4,03/22/2025,50,50.0,21.89,124.19,1218.69,In Transit,B5832,08/12/2026,ambient,M1 2AB,call before delivery
T101254,OR-58802,PN009,Metformin 500mg Tablet,S005,GlobalMeds,D004,Wales Depot,PH001,St Thomas Hospital Pharmacy,04/23/2024,7,01/05/2024,10,10.0,12.9,100.27,203.77,Returned,B9608,2025-09-30,2 to 8°C,B1 1AA,urgent
T101461,OR-56945,PN007,Omeprazole 20mg Capsule,S004,HealQuick,D004,Wales Depot,PH010,University Hospital Pharmacy,10/10/2024,n/a,,50,50.0,63.67,134.43,3317.93,Cancelled,,03/11/2025,2 to 8°C,M1 2AB,
T100435,OR-39771,PN009,Metformin  500mg  Tablet,S004,HealQuick ,D002,North West Depot,PH001,St Thomas Hospital Pharmacy,2023-03-05,3,2023-03-08,0,0.0,66.53,0.57,0.57,Partial,B3800,2025-04-01,2-8C,Unknown,temperature sensitive
T100984,OR-73659,PN010,Co-codamol 30/500 Tablet,S005,GlobalMeds,D003,Scotland Regional Hub,PH005,County General Pharmacy,2023-08-09,2,12/08/2023,500,500.0,58.73,39.34,29404.34,In Transit,B6709,28/07/2025,18C,,
T101059,OR-42011,PN010,Co-codamol 30/500 Tablet,S003,UKPharma Dist,D003,Scotland Regional Hub,PH010,University Hospital Pharmacy,01-Jan-2024,5,06/01/2024,300,300.0,50.41,48.63,15171.63,Partial,B7290,2024-10-15,18C,SE1 9RT,temperature sensitive
T100822,OR-31238,PN007,Omeprazole 20mg Capsule,S003,UKPharma Dist,D001,Central Hub London,PH004,Community Health Pharmacy,2023/08/01,3,08/05/2023,200,200.0,48.27,253.7,9907.7,Partial,B5983,Sep 03 2025,18C,LS1 1UR,temperature sensitive
T101430,OR-55802,PN006,Warfarin 2mg Tablet,S004,HealQuick ,D002,North West Depot,PH005,County General Pharmacy,2024/09/24,4,28 September 2024,300,300.0,16.36,279.97,5187.97,Cancelled,,25/04/2026,18C,,temperature sensitive
T100299,OR-97674,PN005,Salbutamol Inhaler,S002,MediSupply Ltd,D005,East England Depot,PH007,Southcare Pharmacy,2023/06/12,5,06/17/2023,250,250.0,36.03,296.33,9303.83,Returned,B1325,26/10/2025,2-8C,SE1 9RT,call before delivery
T101433,OR-17294,PN002,Paracetamol 500mg Tablet,S002,MediSupply Ltd,D001,Central Hub London,PH004,Community Health Pharmacy,26/09/2023,5,01/10/2023,500,500.0,28.8,229.96,14629.96,Partial,,07/12/2024,2 to 8°C,B1 1AA,
T100308,OR-13081,PN002,Paracetamol 500mg Tablet,S003,UKPharma Dist,D004,Wales Depot,PH006,Northside Pharmacy,2025-02-07,7,02/16/2025,50,50.0,18.33,15.74,932.24,Delivered,,2026-04-01,Refrigerated,LS1 1UR,
T100144,OR-26225,PN009,Metformin 500mg Tablet,S001,NHS Supply Chain,D001,Central Hub London,PH003,City Clinic Pharmacy,01/18/2023,10,,10,10.0,9.84,207.25,305.65,Partial,B1696,Aug 19 2023,Refrigerated,SE1 9RT,handle with care
T101128,OR-65556,PN009,Metformin 500mg Tablet,S002,MediSupply Ltd,D005,East England Depot,PH002,Royal Infirmary Pharmacy,08/12/2023,7,17/12/2023,10,6.0,60.39,34.72,638.62,Partial,B7991,2025-05-23,Cold Chain,M1 2AB,urgent
T101191,OR-34114,PN007,Omeprazole 20mg Capsule,S003,UKPharma Dist,D001,Central Hub London,PH003,City Clinic Pharmacy,07-Mar-2023,10,03/17/2023,250,250.0,38.42,191.7,9796.7,Delivered,B2679,Aug 26 2024,Cold Chain,SE1 9RT,handle with care
T100563,OR-13268,PN006,Warfarin  2mg  Tablet,S002,MediSupply Ltd,D005,East England Depot,PH003,City Clinic Pharmacy,07/08/2023,5,07/13/2023,200,200.0,41.5,214.24,8524.24,Returned,B6209,21/04/2024,Refrigerated,LS1 1UR,short shipment
T100050,OR-62022,PN009,Metformin 500mg Tablet,S001,NHS Supply Chain,D001,Central Hub London,PH001,St Thomas Hospital Pharmacy,2025-02-21,14,07 March 2025,150,150.0,£49.62,159.66,TBD,Cancelled,5697,2027-08-04,2-8C,Unknown,short shipment
T101241,OR-93621,PN006,Warfarin  2mg  Tablet,S004,HealQuick ,D005,East England Depot,PH009,Midtown Pharmacy,2023/10/16,7,10/25/2023,0,0.0,66.75,85.53,85.53,Cancelled,B4462,22/06/2025,2 to 8°C,SE1 9RT,urgent
T100712,OR-91173,PN002,Paracetamol 500mg Tablet,S005,GLOBALMEDS,D002,North West Depot,PH005,County General Pharmacy,2024/09/03,14,2024-09-19,150,150.0,22.5,246.56,3621.56,Delivered,B3416,2025-12-07,ambient,,short shipment
T100818,OR-52885,PN002,Paracetamol 500mg Tablet,S003,UKPharma Dist,D003,Scotland Regional Hub,PH001,St Thomas Hospital Pharmacy,2024-04-20,-1,21 April 2024,10,10.0,61.22,279.76,891.96,Cancelled,B5008,05/07/2025,18C,Unknown,short shipment
T101097,OR-87490,PN002,Paracetamol 500mg Tablet,S004,HealQuick,D004,Wales Depot,PH010,University Hospital Pharmacy,2024-10-23,10,2024-11-02,20,20.0,61.15,181.12,1404.12,Returned,,07/01/2026,2-8C,SE1 9RT,call before delivery
T101146,OR-84068,PN010,Co-codamol 30/500 Tablet,S001,NHS Supply Chain,D005,East England Depot,PH001,St Thomas Hospital Pharmacy,2024-05-08,10,2024-05-19,50,50.0,39.16,242.08,2200.08,In Transit,B7156,Jul 12 2026,Room Temp,M1 2AB,short shipment
T100462,OR-13296,PN001,Amoxicillin 500mg Capsule,S003,UKPharma Dist,D001,Central Hub London,PH003,City Clinic Pharmacy,29/07/2024,5,2024-08-03,200,,67.88,3.46,13579.46,Cancelled,B5236,13/03/2025,18C,B1 1AA,urgent
T100953,OR-78502,PN009,Metformin 500mg Tablet,S005,GlobalMeds,D001,Central Hub London,PH004,Community Health Pharmacy,2024/01/26,2,01/28/2024,500,500.0,24.98,76.49,12566.49,Delivered,B2190,Jun 26 2026,Refrigerated,Unknown,call before delivery
T100640,OR-63577-DUP,PN006,Warfarin 2mg Tablet,S005,GlobalMeds,D003,Scotland Regional Hub,PH005,County General Pharmacy,2023.11.07,3,11/10/2023,50,45.0,£22.87,282.91,1426.41,Returned,,08/10/2024,18C,SE1 9RT,short shipment
T100394,OR-51854,PN009,Metformin 500mg Tablet,S005,GlobalMeds,D005,East England Depot,PH001,St Thomas Hospital Pharmacy,2024/12/29,3,01 January 2025,0,0.0,9.04,189.41,189.41,Partial,2993,2025-09-20,ambient,SE1 9RT,urgent
T100503,OR-58623,PN004,Atorvastatin 20mg Tablet,S001,NHS Supply Chain,D002,North West Depot,PH010,University Hospital Pharmacy,10/06/2023,5,2023-10-11,1950,1950.0,29.14,38.92,56861.92,Partial,,2025-05-05,ambient,SE1 9RT,temperature sensitive
T100315,OR-13700,PN006,Warfarin  2mg  Tablet,S004,HealQuick,D004,Wales Depot,PH010,University Hospital Pharmacy,27-Sep-2024,n/a,,250,111.0,62.38,113.96,15708.96,Partial,,Feb 06 2026,2 to 8°C,N/A,urgent
T100019,OR-30232,PN005,Salbutamol Inhaler,S005,GLOBALMEDS,D003,Scotland Regional Hub,PH010,University Hospital Pharmacy,08/16/2024,5,23/08/2024,50,37.0,53.04,199.11,2851.11,Partial,B3068,2026-10-09,2 to 8°C,SE1 9RT,call before delivery
T100670,OR-88474,PN005,Salbutamol Inhaler,S005,GlobalMeds,D002,North West Depot,PH001,St Thomas Hospital Pharmacy,2023-10-16,2,10/20/2023,10,10.0,73.76,236.82,974.42,Returned,B8328,08/08/2024,2 to 8°C,Unknown,
T100035,OR-26545,PN007,Omeprazole 20mg Capsule,S002,MediSupply Ltd,D005,East England Depot,PH005,County General Pharmacy,2025-03-31,2,02/04/2025,150,150.0,51.89,261.01,8044.51,Cancelled,B1939,Jul 11 2027,2 to 8°C,B1 1AA,short shipment
T100886,OR-70005,PN006,Warfarin 2mg Tablet,S005,GlobalMeds,D005,East England Depot,PH003,City Clinic Pharmacy,2024-12-14,5,12/19/2024,500,500.0,11.78,73.15,5963.15,Partial,B8037,30/08/2026,Refrigerated,SE1 9RT,temperature sensitive
T100812,OR-54695,PN006,Warfarin 2mg Tablet,S003,UKPharma Dist,D005,East England Depot,PH005,County General Pharmacy,12-Apr-2024,10,04/24/2024,500,500.0,49.68,249.54,25089.54,Partial,B2633,01/06/2026,18C,SE1 9RT,urgent
T101435,OR-41465,PN001,Amoxicillin 500mg Capsule,S001,NHS Supply Chain,D005,East England Depot,PH006,Northside Pharmacy,2025/01/17,4,2025-01-22,200,200.0,61.09,189.94,12407.94,Partial,B5331,Nov 22 2026,Cold Chain,Unknown,call before delivery
T100401,OR-11275,PN009,Metformin 500mg Tablet,S002,MediSupply Ltd,D003,Scotland Regional Hub,PH009,Midtown Pharmacy,2024-03-21,5,03/27/2024,300,300.0,73.61,89.37,22172.37,Cancelled,B8299,27/06/2025,ambient,M1 2AB,temperature sensitive
T100903,OR-68507,PN005,Salbutamol Inhaler,S002,MediSupply Ltd,D002,North West Depot,PH003,City Clinic Pharmacy,2023/02/04,3,09 February 2023,500,500.0,1.39,263.39,958.39,Returned,B4689,Nov 25 2023,Refrigerated,LS1 1UR,short shipment
T100527,OR-47947-DUP,PN009,Metformin 500mg Tablet,S003,UKPharma Dist,D002,North West Depot,PH005,County General Pharmacy,09-Mar-2025,4,03/13/2025,0,0.0,69.42,208.73,208.73,Returned,B3438,Dec 31 2025,Cold Chain,LS1 1UR,
T100744,OR-41210,PN002,Paracetamol 500mg Tablet,S001,NHS Supply Chain,D002,North West Depot,PH003,City Clinic Pharmacy,2025-05-31,3,05/06/2025,150,150.0,£11.13,20.65,1690.15,Cancelled,B9919,Oct 16 2026,Room Temp,LS1 1UR,urgent
T101044,OR-43690,PN005,Salbutamol Inhaler,S001,NHS Supply Chain,D002,North West Depot,PH007,Southcare Pharmacy,18-Apr-2025,10,04/28/2025,150,150.0,£61.96,233.72,9527.72,Returned,B8355,16/10/2026,18C,B1 1AA,short shipment
T101177,OR-70707,PN002,Paracetamol 500mg Tablet,S001,NHS Supply Chain,D003,Scotland Regional Hub,PH002,Royal Infirmary Pharmacy,2025-05-09,7,16/05/2025,50,50.0,44.61,177.66,2408.16,Delivered,B3303,2026-10-15,Cold Chain,LS1 1UR,
T100240,OR-87458,PN003,Insulin Glargine 100IU/ml,S005,GlobalMeds,D002,North West Depot,PH001,St Thomas Hospital Pharmacy,08/29/2023,n/a,,100,46.0,45.93,,4593.0,In Transit,B9724,N/A,2 to 8°C,SE1 9RT,handle with care
T101107,OR-58001,PN007,Omeprazole 20mg Capsule,S003,UKPharma Dist,D001,Central Hub London,PH004,Community Health Pharmacy,30-Jan-2024,10,2024-02-09,100,100.0,12.97,22.16,1319.16,Delivered,B6827,2025-07-06,ambient,B1 1AA,temperature sensitive
T100769,OR-56412,PN004,Atorvastatin 20mg Tablet,S005,GlobalMeds,D005,East England Depot,PH010,University Hospital Pharmacy,27-May-2023,7,2023-06-04,50,50.0,10.62,107.18,638.18,Returned,B3720,23/07/2025,2-8C,M1 2AB,handle with care
T100481,OR-93577,PN009,Metformin 500mg Tablet,S004,HealQuick,D002,North West Depot,PH004,Community Health Pharmacy,14/02/2025,7,21/02/2025,100,100.0,38.01,159.12,3960.12,Cancelled,B8828,N/A,Refrigerated,LS1 1UR,urgent
T100149,OR-85172,PN004,Atorvastatin 20mg Tablet,S001,NHS Supply Chain,D002,North West Depot,PH001,St Thomas Hospital Pharmacy,2024.07.05,10,07/17/2024,0,0.0,60.72,100.79,100.79,Cancelled,B5907,Mar 23 2026,2 to 8°C,SE1 9RT,handle with care
T100943,OR-74983,PN007,Omeprazole 20mg Capsule,S002,MediSupply Ltd,D003,Scotland Regional Hub,PH001,St Thomas Hospital Pharmacy,01/03/2025,7,01/10/2025,150,150.0,56.34,,8451.0,Delivered,B3679,2025-10-13,Cold Chain,B1 1AA,
T100838,OR-61986,PN010,Co-codamol  30/500  Tablet,S005,GlobalMeds,D001,Central Hub London,PH007,Southcare Pharmacy,2025/04/28,5,03/05/2025,200,200.0,22.27,115.98,4569.98,Returned,B1332,2026-10-30,Refrigerated,,call before delivery
T100613,OR-24336,PN005,Salbutamol Inhaler,S005,GlobalMeds,D004,Wales Depot,PH010,University Hospital Pharmacy,2023-04-17,10,04/27/2023,150,150.0,36.95,293.53,5836.03,Cancelled,B6217,10/07/2024,Cold Chain,,handle with care
T100671,OR-82601,PN006,Warfarin 2mg Tablet,S005,GlobalMeds,D005,East England Depot,PH001,St Thomas Hospital Pharmacy,2024-06-11,14,2024-06-25,250,250.0,33.04,73.05,8333.05,Returned,B2909,Feb 04 2025,ambient,SE1 9RT,call before delivery
T100558,OR-11168,PN004,Atorvastatin 20mg Tabl3t,S005,GlobalMeds,D003,Scotland Regional Hub,PH003,City Clinic Pharmacy,31-31-2023,4,2024-11-25,twenty,10.0,unknown,207.98,error,Delivered,B6481,2027-03-06,ambient,,call before delivery
T101521,OR-23094,PN006,Warfarin 2mg Tablet,S005,GlobalMeds,D002,North West Depot,PH005,County General Pharmacy,04/28/2024,4,05/03/2024,500,500.0,62.88,159.87,31599.87,Delivered,B2715,Jan 05 2026,Cold Chain,M1 2AB,short shipment
T100017,OR-25194,PN005,Salbutamol Inhaler,S001,NHS Supply Chain,D005,East England Depot,PH005,County General Pharmacy,2023-01-27,10,02/06/2023,500,500.0,68.75,190.44,34565.44,Cancelled,B6260,Jan 06 2024,Cold Chain,LS1 1UR,temperature sensitive
T100123,OR-70420,PN008,Flu Vaccine,S005,GlobalMeds,D004,Wales Depot,PH010,University Hospital Pharmacy,2023-05-15,10,2023-05-27,500,500.0,25.11,146.25,12701.25,Partial,B3798,2024-11-01,Refrigerated,,call before delivery
T101573,OR-94754,PN002,Paracetamol 500mg Tablet,S003,UKPharma Dist,D002,North West Depot,PH005,County General Pharmacy,21/06/2024,4,26/06/2024,50,50.0,17.16,233.81,1091.81,Returned,B7509,14/01/2026,Cold Chain,Unknown,short shipment
T100910,OR-68187,PN002,Paracetamol 500mg Tablet,S003,UKPharma Dist,D004,Wales Depot,PH004,Community Health Pharmacy,2025-04-18,10,2025-04-28,200,200.0,31.29,113.92,6371.92,Returned,B3949,Aug 26 2026,Refrigerated,Unknown,
T100962,OR-51610,PN004,Atorvastatin  20mg  Tablet,S004,HealQuick,D005,East England Depot,PH005,County General Pharmacy,2023-06-30,7,2023-07-09,50,50.0,33.34,39.34,1706.34,Partial,B8336,Jan 13 2024,Room Temp,LS1 1UR,short shipment
T101569,OR-82193,PN008,Flu Vaccine,S003,UKPharma Dist,D005,East England Depot,PH002,Royal Infirmary Pharmacy,2024/10/01,7,09/10/2024,300,300.0,55.93,61.11,16840.11,Returned,B5228,Nov 06 2026,ambient,LS1 1UR,call before delivery
T100185,OR-88625,PN004,Atorvastatin 20mg Tablet,S001,NHS Supply Chain,D002,North West Depot,PH003,City Clinic Pharmacy,02/15/2023,14,03/01/2023,200,200.0,30.46,137.63,6229.63,Returned,B2103,Oct 07 2024,Cold Chain,SE1 9RT,short shipment
T101119,OR-39973,PN010,Co-codamol 30/500 Tablet,S003,UKPharma Dist,D005,East England Depot,PH009,Midtown Pharmacy,2025-04-29,10,09 May 2025,250,250.0,42.66,188.55,10853.55,Returned,B4238,03/12/2026,18C,,
T100974,OR-23637,PN002,Paracetamol 500mg Tablet,S004,HealQuick,D004,Wales Depot,PH004,Community Health Pharmacy,09/19/2023,14,04/10/2023,200,200.0,49.07,98.04,9912.04,Partial,1308,Jan 08 2026,ambient,b1 1aa,call before delivery
T101561,OR-49899,PN010,Co-codamol 30/500 Tablet,S005,GlobalMeds,D004,Wales Depot,PH010,University Hospital Pharmacy,01/29/2024,5,02/04/2024,300,300.0,26.49,268.87,8215.87,Cancelled,B7203,N/A,2-8C,SE1 9RT,urgent
T101328,OR-49240,PN005,Salbutamol Inhaler,S001,NHS Supply Chain,D004,Wales Depot,PH002,Royal Infirmary Pharmacy,2025-01-10,2,01/12/2025,300,300.0,£21.05,281.96,TBD,In Transit,B9773,2026-05-29,2-8C,SE1 9RT,
T100594,OR-60927,PN001,Amoxicillin 500mg Capsule,S004,HealQuick,D004,Wales Depot,PH009,Midtown Pharmacy,2023/13/01,4,06/05/2023,twenty,300.0,free,54.14,error,Cancelled,B6169,Apr 02 2025,Refrigerated,B1 1AA,
T100175,OR-29087,PN009,Metformin 500mg Tablet,S005,GlobalMeds,D005,East England Depot,PH010,University Hospital Pharmacy,01/11/2023,14,01/25/2023,250,181.0,44.67,37.79,11205.29,Partial,B8284,2023-11-27,Room Temp,LS1 1UR,handle with care
T100296,OR-58244,PN002,Paracetamol 500mg Tablet,S002,MediSupply Ltd,D001,Central Hub London,PH003,City Clinic Pharmacy,2023.04.17,2,,300,300.0,48.54,134.9,14696.9,Returned,B8454,18/03/2024,Room Temp,,temperature sensitive
T100488,OR-97915,PN007,Omeprazole 20mg Capsule,S005,GlobalMeds,D002,North West Depot,PH007,Southcare Pharmacy,02/25/2024,10,06/03/2024,300,300.0,£60.72,141.22,18357.22,Cancelled,B3771,Aug 03 2026,2 to 8°C,ls1 1ur,call before delivery
T101586,OR-60767,PN008,Flu Vaccine,S001,NHS Supply Chain,D004,Wales Depot,PH002,Royal Infirmary Pharmacy,06/18/2025,4,24 June 2025,500,500.0,67.2,8.86,33608.86,Partial,9366,27/02/2026,Cold Chain,SE1 9RT,urgent
T101333,OR-75472,PN007,Omeprazole 20mg Capsule,S003,UKPharma Dist,D003,Scotland Regional Hub,PH008,Lakeside Pharmacy,2023/07/21,4,07/27/2023,200,200.0,17.39,289.21,3767.21,Partial,B5654,Jun 11 2025,Cold Chain,LS1 1UR,short shipment
T101313,OR-93017,PN008,Flu Vaccine,S001,NHS Supply Chain,D001,Central Hub London,PH007,Southcare Pharmacy,2024/02/24,3,27 February 2024,250,250.0,4.4,275.86,1375.86,In Transit,B3732,2025-08-08,2-8C,SE1 9RT,handle with care
T100508,OR-48918,PN003,Insulin Glargine 100IU/ml,S002,MediSupply Ltd,D004,Wales Depot,PH005,County General Pharmacy,2023-09-23,7,30/09/2023,500,500.0,46.84,160.48,23580.48,In Transit,3987,2024-06-25,2-8C,B1 1AA,short shipment
T101051,OR-45940,PN004,Atorvastatin 20mg Tablet,S002,MediSupply Ltd,D002,North West Depot,PH010,University Hospital Pharmacy,2024/09/21,14,2024-10-05,150,150.0,32.88,188.42,5094.92,Delivered,1504,Feb 17 2026,ambient,unknown,urgent
T100468,OR-99474,PN008,Flu Vaccine,S002,MediSupply Ltd ,D005,East England Depot,PH002,Royal Infirmary Pharmacy,08/01/2023,-3,06/01/2023,300,300.0,14.96,118.58,4606.58,Delivered,B1623,03/08/2024,Refrigerated,LS1 1UR,
T100152,OR-17166,PN003,Insulin Glargine 100IU/ml,S001,NHS Supply Chain,D005,East England Depot,PH005,County General Pharmacy,2024-05-23,2,05/27/2024,200,200.0,30.92,160.04,6344.04,Returned,B5036,Apr 16 2025,ambient,SE1 9RT,
T101221,OR-74008,PN009,Metformin 500mg Tablet,S004,HealQuick,D004,Wales Depot,PH001,St Thomas Hospital Pharmacy,2024/06/02,7,2024-06-09,10,10.0,38.51,6.46,391.56,Partial,B5747,21/03/2025,2-8C,Unknown,handle with care
T101173,OR-79920,PN001,Amoxicillin 500mg Capsule,S002,MediSupply Ltd,D003,Scotland Regional Hub,PH010,University Hospital Pharmacy,02-May-2025,14,2025-05-16,20,20.0,11.68,202.72,436.32,In Transit,B9144,2027-02-21,Refrigerated,LS1 1UR,temperature sensitive
T100016,OR-49857,PN005,Salbutamol Inhaler,S001,NHS Supply Chain,D002,North West Depot,PH005,County General Pharmacy,2024-11-07,3,11/12/2024,0,0.0,51.71,187.52,187.52,Partial,B4683,2026-02-02,2-8C,M1 2AB,handle with care
T101054,OR-44230,PN005,Salbutamol Inhaler,S003,UKPharma Dist,D004,Wales Depot,PH010,University Hospital Pharmacy,19/01/2025,4,01/25/2025,100,100.0,42.73,193.18,4466.18,Partial,B1435,2027-06-12,2-8C,M1 2AB,temperature sensitive
T101576,OR-26937,PN004,Atorvastatin 20mg Tablet,S002,MediSupply Ltd,D003,Scotland Regional Hub,PH004,Community Health Pharmacy,05/13/2023,5,2023-05-19,500,500.0,44.73,106.28,22471.28,Delivered,,Jan 07 2025,Refrigerated,N/A,urgent
T100536,OR-22813,PN003,Insulin Glargine 100IU/ml,S004,HealQuick,D004,Wales Depot,PH009,Midtown Pharmacy,2023-02-03,7,2023-02-10,150,73.0,£6.06,143.42,TBD,Returned,,2025-02-08,ambient,SE1 9RT,temperature sensitive
T100645,OR-30286,PN004,Atorvastatin 20mg Tablet,S004,HealQuick,D003,Scotland Regional Hub,PH003,City Clinic Pharmacy,2023/08/23,n/a,,50,50.0,23.68,54.03,1238.03,In Transit,B2829,08/11/2025,Room Temp,LS1 1UR,handle with care
T101301,OR-11455,PN004,Atorvastatin 20mg Tablet,S001,NHS Supply Chain,D004,Wales Depot,PH005,County General Pharmacy,2023-07-05,7,07/13/2023,100,100.0,36.63,251.81,3914.81,In Transit,,12/01/2025,18C,SE1 9RT,call before delivery
T101001,OR-56260,PN009,Metformin 500mg Tablet,S003,UKPharma Dist,D002,North West Depot,PH006,Northside Pharmacy,2025/06/14,5,2025-06-21,150,150.0,48.19,226.02,7454.52,Delivered,B7320,May 24 2026,Room Temp,,call before delivery
T101334,OR-77712,PN002,Paracetamol 500mg Tablet,S003,UKPharma Dist ,D005,East England Depot,PH010,University Hospital Pharmacy,27-Mar-2024,14,10/04/2024,0,0.0,29.02,184.48,184.48,Partial,B8453,2026-02-21,Room Temp,B1 1AA,temperature sensitive
T100941,OR-48773,PN001,Amoxicillin 500mg Capsule,S003,UKPharma Dist,D002,North West Depot,PH003,City Clinic Pharmacy,09/09/2024,4,09/13/2024,500,500.0,68.96,84.71,34564.71,Partial,B3121,Dec 19 2026,ambient,LS1 1UR,call before delivery
T101502,OR-28094,PN009,Metformin 500mg Tablet,S005,GlobalMeds,D005,East England Depot,PH002,Royal Infirmary Pharmacy,2025-03-29,3,04/03/2025,250,250.0,59.13,114.23,14896.73,Cancelled,,Apr 06 2027,18C,ls1 1ur,urgent
T100278,OR-15110,PN002,Paracetamol 500mg Tablet,S005,GlobalMeds,D004,Wales Depot,PH004,Community Health Pharmacy,2023-08-04,4,10 August 2023,200,200.0,62.82,90.21,12654.21,Partial,B1259,07/11/2024,2-8C,N/A,short shipment
T100782,OR-16669,PN001,Amoxicillin 500mg Capsule,S003,UKPharma Dist,D002,North West Depot,PH007,Southcare Pharmacy,2024/10/31,3,2024-11-04,200,200.0,55.05,203.9,11213.9,Partial,B1452,2025-06-12,Cold Chain,LS1 1UR,urgent
T101302,OR-40707,PN005,Salbutamol Inhaler,S005,GlobalMeds,D002,North West Depot,PH007,Southcare Pharmacy,06/12/2024,3,15/06/2024,0,0.0,8.42,182.17,182.17,Delivered,B7122,02/04/2026,Room Temp,LS1 1UR,handle with care
T100220,OR-92772,PN003,Insulin Glargine 100IU/ml,S004,HealQuick,D001,Central Hub London,PH010,University Hospital Pharmacy,15/03/2024,5,21/03/2024,20,20.0,47.24,284.61,1229.41,Partial,,May 11 2026,18C,N/A,call before delivery
T100026,OR-84228,PN006,Warfarin 2mg Tablet,S005,GlobalMeds,D004,Wales Depot,PH006,Northside Pharmacy,06/13/2025,10,06/24/2025,20,20.0,27.88,242.17,799.77,Returned,B1430,14/10/2027,2-8C,,"handle with care
please confirm"
T101416,OR-40251,PN005,Salbutamol Inhaler,S004,HealQuick,D004,Wales Depot,PH004,Community Health Pharmacy,25-Jun-2024,5,2024-06-30,10,10.0,69.84,274.36,972.76,Delivered,B2377,2025-07-05,2-8C,m1 2ab,handle with care
T100429,OR-82456,PN007,Omeprazole 20mg Capsule,S002,MediSupply Ltd,D003,Scotland Regional Hub,PH009,Midtown Pharmacy,2023/08/21,5,2023-08-26,150,150.0,29.2,76.42,4456.42,In Transit,B4074,2024-05-05,Room Temp,SE1 9RT,short shipment
T101555,OR-13995,PN001,Amoxicillin 500mg Capsule,S005,GlobalMeds,D004,Wales Depot,PH006,Northside Pharmacy,2024-06-18,4,23/06/2024,200,200.0,30.89,290.47,6468.47,Delivered,B6791,04/05/2026,Cold Chain,,handle with care
T100224,OR-49452,PN004,Atorvastatin 20mg Tablet,S005,GlobalMeds,D001,Central Hub London,PH010,University Hospital Pharmacy,10/23/2024,5,28 October 2024,0,0.0,24.85,85.51,85.51,Delivered,B5659,N/A,Refrigerated,N/A,temperature sensitive
T100037,OR-47230,PN003,Insulin Glargine 100IU/ml,S002,MediSupply Ltd,D004,Wales Depot,PH001,St Thomas Hospital Pharmacy,2024/01/05,5,10/01/2024,250,220.0,48.35,103.35,12190.85,Returned,B3114,Aug 28 2024,Room Temp,B1 1AA,handle with care
T100735,OR-41794,PN006,Warfarin 2mg Tablet,S003,UKPharma Dist,D001,Central Hub London,PH007,Southcare Pharmacy,25/07/2024,14,2024-08-10,4291,2581.0,£57.06,60.28,TBD,Cancelled,B6260,Apr 26 2025,Cold Chain,B1 1AA,
T101027,OR-91146,PN010,Co-codamol 30/500 Tablet,S005,GlobalMeds,D002,North West Depot,PH004,Community Health Pharmacy,10-Mar-2024,4,,150,150.0,47.73,260.54,7420.04,In Transit,B6656,2025-06-05,2-8C,M1 2AB,short shipment
T100461,OR-62111,PN003,Insulin Glargine 100IU/ml,S003,UKPharma Dist,D004,Wales Depot,PH003,City Clinic Pharmacy,2023/02/04,2,06/02/2023,50,50.0,£34.36,26.16,1744.16,Returned,B6439,2023-11-29,18C,,
T101359,OR-80244,PN003,Insulin Glargine 100IU/ml,S001,NHS Supply Chain,D001,Central Hub London,PH006,Northside Pharmacy,09/11/2023,3,2023-11-13,100,100.0,73.48,245.75,TBD,Cancelled,B7770,N/A,Room Temp,SE1 9RT,call before delivery
T101572,OR-91404,PN004,Atorvastatin 20mg Tablet,S005,GlobalMeds,D004,Wales Depot,PH001,St Thomas Hospital Pharmacy,2023/11/05,4,2023-11-09,250,206.0,22.19,192.24,5714.24,Cancelled,B5716,2025-04-23,Refrigerated,LS1 1UR,handle with care
T100673,OR-10559,PN005,Salbutamol Inhaler,S005,GlobalMeds,D001,Central Hub London,PH008,Lakeside Pharmacy,2025/01/08,10,18/01/2025,20,20.0,11.23,133.8,358.4,Returned,B8454,12/01/2027,ambient,M1 2AB,handle with care
T101470,OR-20529,PN003,Insulin Glargine 100IU/ml,S001,NHS Supply Chain,D005,East England Depot,PH009,Midtown Pharmacy,2023.12.01,2,2023-12-04,150,150.0,41.34,141.54,6342.54,Cancelled,B9533,2024-10-14,2 to 8°C,Unknown,urgent
T100627,OR-94641,PN009,Metformin 500mg Tablet,S003,UKPharma Dist,D001,Central Hub London,PH007,Southcare Pharmacy,12/05/2025,10,22/05/2025,250,250.0,68.65,248.02,17410.52,In Transit,B2306,2027-05-20,Room Temp,Unknown,temperature sensitive
T101377,OR-85583,PN005,Salbutamol Inhaler,S002,MediSupply Ltd,D003,Scotland Regional Hub,PH006,Northside Pharmacy,24/07/2023,4,28/07/2023,0,0.0,62.83,229.32,229.32,Cancelled,,2024-11-14,ambient,SE1 9RT,temperature sensitive
T101196,OR-95451,PN007,Omeprazole 20mg Capsule,S003,UKPharma Dist,D001,Central Hub London,PH010,University Hospital Pharmacy,08-Mar-2024,7,2024-03-15,20,20.0,27.74,58.63,613.43,Delivered,B2957,12/01/2025,Cold Chain,LS1 1UR,temperature sensitive
T101138,OR-24630,PN006,Warfarin 2mg Tablet,S005,GlobalMeds,D003,Scotland Regional Hub,PH010,University Hospital Pharmacy,2024/10/28,4,01 November 2024,20,20.0,2.41,111.65,159.85,Returned,B5701,06/04/2027,,B1 1AA,handle with care
T101364,OR-20320,PN009,Metformin 500mg Tablet,S005,GlobalMeds,D004,Wales Depot,PH009,Midtown Pharmacy,06/23/2024,7,30/06/2024,50,50.0,20.21,134.88,1145.38,Returned,B1916,Mar 18 2025,Room Temp,M1 2AB,urgent
T101278,OR-67755,PN004,Atorvastatin 20mg Tablet,S002,MediSupply Ltd,D001,Central Hub London,PH010,University Hospital Pharmacy,08/17/2024,14,31/08/2024,250,250.0,48.91,38.97,12266.47,Returned,B4104,2026-01-20,2 to 8°C,Unknown,urgent
T101532,OR-21961,PN001,Amoxicillin 500mg Capsule,S002,MediSupply Ltd,D001,Central Hub London,PH007,Southcare Pharmacy,2023/04/10,5,2023-04-15,250,250.0,47.08,73.15,11843.15,Delivered,B7072,07/08/2024,18C,LS1 1UR,call before delivery
T100785,OR-20093,PN002,Paracetamol 500mg Tablet,S004,HealQuick,D004,Wales Depot,PH007,Southcare Pharmacy,01/17/2024,5,24 January 2024,0,0.0,44.17,277.97,277.97,Cancelled,B9802,Jan 07 2026,Refrigerated,B1 1AA,—
T100155,OR-88275,PN005,Salbutamol Inhaler,S005,GlobalMeds,D004,Wales Depot,PH008,Lakeside Pharmacy,04/27/2025,10,08/05/2025,200,200.0,50.95,43.78,10233.78,Returned,B5068,2027-09-24,2-8C,M1 2AB,urgent
T100938,OR-17166,PN008,Flu Vaccine,S003,UKPharma Dist,D001,Central Hub London,PH005,County General Pharmacy,2025/05/02,3,2025-05-05,10,10.0,£47.93,239.81,719.11,Delivered,2369,02/07/2027,ambient,Unknown,handle with care
T101166,OR-69271,PN004,Atorvastatin 20mg Tablet,S002,MediSupply Ltd,D002,North West Depot,PH007,Southcare Pharmacy,2023-09-18,3,21/09/2023,500,500.0,£54.43,86.77,27301.77,Delivered,B5529,Feb 02 2026,18C,,call before delivery
T100806,OR-98740,PN003,Insulin Glargine 100IU/ml,S002,MediSupply Ltd,D005,East England Depot,PH008,Lakeside Pharmacy,13/03/2025,7,2025-03-20,150,150.0,£67.64,244.67,10390.67,Partial,B9659,07/10/2026,ambient,LS1 1UR,handle with care
T101362,OR-26633,PN008,Flu Vaccine,S002,MediSupply Ltd,D003,Scotland Regional Hub,PH003,City Clinic Pharmacy,04/06/2023,3,04/09/2023,0,0.0,54.41,60.78,60.78,Partial,B5826,Aug 17 2025,18C,Unknown,temperature sensitive
T100862,OR-12072,PN006,Warfarin 2mg Tablet,S003,UKPharma Dist,D005,East England Depot,PH004,Community Health Pharmacy,22/09/2024,3,2024-09-27,100,100.0,49.55,56.01,5011.01,Returned,B1570,2026-04-12,Refrigerated,,short shipment
T100896,OR-32613,PN002,Paracetamol 500mg Tablet,S004,HealQuick ,D001,Central Hub London,PH002,Royal Infirmary Pharmacy,17/04/2023,7,2023-04-24,150,150.0,£1.41,19.15,230.65,Cancelled,B3127,11/12/2023,Refrigerated,B1 1AA,temperature sensitive
T100147,OR-25615,PN010,Co-codamol 30/500 Tablet,S004,HealQuick,D004,Wales Depot,PH008,Lakeside Pharmacy,07-Jun-2024,5,,0,,13.84,90.83,90.83,Returned,B8635,Oct 12 2026,ambient,Unknown,
T101465,OR-67182,PN005,salbutamol inhaler,S004,HealQuick,D005,East England Depot,PH010,University Hospital Pharmacy,15/04/2024,7,04/22/2024,200,,47.06,109.07,9521.07,Cancelled,B2740,03/03/2025,Room Temp,N/A,short shipment
T100501,OR-25398,PN006,Warfarin 2mg Tablet,S003,UKPharma Dist,D001,Central Hub London,PH008,Lakeside Pharmacy,2024.06.30,5,06/07/2024,200,200.0,54.2,56.96,10896.96,Delivered,B9310,Mar 14 2026,18C,Unknown,short shipment
T101115,OR-89781,PN009,Metformin 500mg Tablet,S002,MediSupply Ltd,D004,Wales Depot,PH002,Royal Infirmary Pharmacy,07/12/2024,10,12/19/2024,250,250.0,£36.95,273.61,TBD,Cancelled,B4774,18/01/2027,Cold Chain,LS1 1UR,call before delivery
T101228,OR-61167,PN003,Insulin Glargine 100IU/ml,S003,UKPharma Dist,D003,Scotland Regional Hub,PH002,Royal Infirmary Pharmacy,09/01/2024,7,09/08/2024,0,,23.11,171.44,171.44,Cancelled,B2794,Nov 07 2025,Cold Chain,,call before delivery
T101335,OR-14136,PN004,Atorvastatin 20mg Tablet,S002,MediSupply Ltd,D004,Wales Depot,PH009,Midtown Pharmacy,2024/12/05,5,12/12/2024,1645,1645.0,16.25,230.69,26961.94,Partial,B1446,2025-09-21,Cold Chain,,short shipment
T100102,OR-22524,PN009,Metformin 500mg Tablet,S005,GlobalMeds,D001,Central Hub London,PH007,Southcare Pharmacy,20-Sep-2024,3,09/24/2024,10,10.0,53.43,266.31,800.61,Returned,B8377,2025-09-23,18C,M1 2AB,
T100575,OR-16600,PN005,salbutamol inhaler,S005,GlobalMeds,D002,North West Depot,PH001,St Thomas Hospital Pharmacy,2025/02/28,10,03/12/2025,200,200.0,50.23,143.67,10189.67,Delivered,B9360,06/07/2026,Cold Chain,se1 9rt,handle with care
T101579,OR-22989,PN003,Insulin Glargine 100IU/ml,S004,HealQuick,D001,Central Hub London,PH009,Midtown Pharmacy,11/07/2023,14,25/07/2023,250,250.0,18.97,69.46,4811.96,Cancelled,B1529,Mar 01 2025,2-8C,,urgent
T101123,OR-27926,PN008,Flu Vaccine,S005,GlobalMeds,D005,East England Depot,PH010,University Hospital Pharmacy,2023-03-27,14,2023-04-10,250,250.0,15.56,46.26,3936.26,Returned,B9741,12/09/2025,Room Temp,LS1 1UR,urgent
T100053,OR-70012,PN001,Amoxicillin 500mg Capsule,S001,NHS Supply Chain,D004,Wales Depot,PH009,Midtown Pharmacy,2024/07/22,2,2024-07-25,200,200.0,18.58,50.85,3766.85,In Transit,,08/04/2026,Cold Chain,M1 2AB,call before delivery
T100146,OR-75419,PN006,Warfarin 2mg Tablet,S003,UKPharma Dist,D004,Wales Depot,PH010,University Hospital Pharmacy,23-Jan-2025,14,07/02/2025,10,10.0,1.45,118.91,133.41,Delivered,B7563,2025-11-03,2-8C,B1 1AA,temperature sensitive
T100398,OR-46699,PN003,Insulin Glargine 100IU/ml,S005,GlobalMeds,D003,Scotland Regional Hub,PH006,Northside Pharmacy,30/09/2023,7,2023-10-09,300,300.0,27.85,5.42,8360.42,Partial,B6606,2024-05-21,2 to 8°C,LS1 1UR,short shipment
T101551,OR-41976,PN004,Atorvastatin 20mg Tablet,S003,UKPharma Dist,D002,North West Depot,PH009,Midtown Pharmacy,2023/02/24,2,02/26/2023,250,250.0,24.34,266.73,6351.73,Delivered,B4284,Sep 21 2024,Cold Chain,SE1 9RT,urgent
T100202,OR-99356,PN003,insulin glargine 100iu/ml,S002,MediSupply Ltd,D002,North West Depot,PH007,Southcare Pharmacy,2023.05.07,14,23/05/2023,20,20.0,33.23,1.74,666.34,Delivered,B1659,2025-01-07,Room Temp,LS1 1UR,
T101511,OR-49707,PN008,Flu Vaccine,S001,NHS Supply Chain,D001,Central Hub London,PH005,County General Pharmacy,02/01/2024,7,,500,500.0,£12.14,211.07,6281.07,Returned,B5804,2025-07-28,2 to 8°C,B1 1AA,
T101102,OR-23069,PN007,Omeprazole 20mg Capsule,S005,GlobalMeds,D004,Wales Depot,PH008,Lakeside Pharmacy,03/08/2023,n/a,unknown,300,300.0,41.18,124.52,12478.52,Returned,B7054,01/04/2024,2 to 8°C,,call before delivery
T101402,OR-27096,PN001,Amoxicillin 500mg Capsule,S001,NHS Supply Chain,D001,Central Hub London,PH007,Southcare Pharmacy,31-31-2023,10,16/04/2023,N/A,1314.0,free,244.35,,Partial,B3896,Jul 18 2024,18C,LS1 1UR,short shipment
T100008,OR-35825,PN008,Flu Vaccine,S003,UKPharma Dist,D002,North West Depot,PH001,St Thomas Hospital Pharmacy,06/11/2024,4,11/11/2024,300,300.0,43.75,178.97,13303.97,Partial,B9379,2026-12-16,18C,Unknown,call before delivery
T100996,OR-17787,PN001,Amoxicillin 500mg Capsule,S004,HealQuick,D001,Central Hub London,PH007,Southcare Pharmacy,25-Sep-2024,5,02/10/2024,10,10.0,33.5,,335.0,In Transit,,29/03/2025,2-8C,Unknown,urgent
T101434,OR-15536,PN001,Amoxicillin 500mg Capsule,S005,GlobalMeds,D003,Scotland Regional Hub,PH004,Community Health Pharmacy,21-Oct-2024,7,30/10/2024,10,10.0,15.9,,159.0,Delivered,B3680,2025-10-20,Cold Chain,LS1 1UR,
T101042,OR-95535,PN003,Insulin  Glargine  100IU/ml,S001,NHS Supply Chain,D004,Wales Depot,PH009,Midtown Pharmacy,03/14/2024,4,03/19/2024,200,200.0,16.69,291.63,3629.63,Cancelled,B2526,27/04/2025,Cold Chain,SE1 9RT,call before delivery
T100444,OR-24074,PN010,Co-codamol 30/500 Tablet,S005,GlobalMeds ,D005,East England Depot,PH004,Community Health Pharmacy,2024-03-07,2,2024-03-09,300,232.0,36.25,248.16,TBD,Delivered,B3002,Jul 13 2025,Room Temp,,short shipment
T100248,OR-48288,PN006,Warfarin 2mg Tablet,S005,GlobalMeds,D001,Central Hub London,PH001,St Thomas Hospital Pharmacy,09/09/2023,14,24/09/2023,250,250.0,64.36,20.18,TBD,In Transit,,09/02/2026,18C,,urgent
T101305,OR-23773,PN002,Paracetamol 500mg Tablet,S001,NHS Supply Chain,D003,Scotland Regional Hub,PH007,Southcare Pharmacy,08/04/2023,4,2023-04-12,150,150.0,22.16,34.37,3358.37,Partial,B1925,2024-06-18,2 to 8°C,B1 1AA,handle with care
T100880,OR-15517,PN006,Warfarin 2mg Tablet,S005,GlobalMeds,D004,Wales Depot,PH003,City Clinic Pharmacy,2023.02.17,n/a,unknown,10,10.0,23.07,4.13,234.83,Delivered,,27/05/2025,Cold Chain,,temperature sensitive
T101522,OR-37633,PN003,Insulin Glargine 100IU/ml,S002,MediSupply Ltd,D004,Wales Depot,PH006,Northside Pharmacy,06/04/2025,-1,04/06/2025,300,300.0,3.26,242.62,1230.62,Partial,B9504,2025-12-21,Refrigerated,LS1 1UR,urgent
T100865,OR-70915,PN003,Insulin Glargine 100IU/ml,S001,NHS Supply Chain,D003,Scotland Regional Hub,PH008,Lakeside Pharmacy,2023/11/28,4,02/12/2023,3921,3921.0,38.86,46.99,152417.05,Cancelled,B7456,May 16 2026,ambient,B1 1AA,handle with care
T101506,OR-77721,PN005,Salbutamol Inhaler,S004,HealQuick ,D001,Central Hub London,PH005,County General Pharmacy,2025.03.25,7,04/02/2025,0,0.0,11.46,96.71,96.71,Cancelled,B4028,01/10/2025,Refrigerated,LS1 1UR,handle with care
T100611,OR-35408,PN008,Flu Vaccine,S003,UKPharma Dist,D004,Wales Depot,PH010,University Hospital Pharmacy,2023/07/02,10,12/07/2023,50,50.0,30.43,237.18,1758.68,Cancelled,B7676,2024-02-26,Refrigerated,M1 2AB,urgent
T100340,OR-17810,PN004,Atorvastatin 20mg Tablet,S001,NHS Supply Chain,D002,North West Depot,PH004,Community Health Pharmacy,2023-10-11,10,21/10/2023,20,20.0,73.31,82.52,1548.72,In Transit,B6786,Feb 18 2026,Room Temp,M1 2AB,temperature sensitive
T101369,OR-15266,PN002,Paracetamol 500mg Tablet,S002,MediSupply Ltd,D001,Central Hub London,PH003,City Clinic Pharmacy,2023/08/15,14,29 August 2023,100,100.0,43.25,221.24,4546.24,In Transit,B6848,2025-04-22,18C,M1 2AB,urgent
T100257,OR-21284,PN002,Paracetamol 500mg Tablet,S001,NHS Supply Chain,D002,North West Depot,PH010,University Hospital Pharmacy,2025-01-25,10,02/04/2025,150,150.0,£50.39,247.51,7806.01,Delivered,B1729,12/02/2026,Room Temp,SE1 9RT,
T101299,OR-32950,PN003,Insulin Glargine 100IU/ml,S002,MediSupply Ltd,D004,Wales Depot,PH006,Northside Pharmacy,2023/03/19,4,03/24/2023,10,10.0,69.71,246.5,943.6,Partial,B2638,Apr 12 2025,Room Temp,LS1 1UR,short shipment
T100145,OR-27814,PN004,Atorvastatin 20mg Tablet,S001,NHS Supply Chain,D003,Scotland Regional Hub,PH010,University Hospital Pharmacy,23-Dec-2023,7,12/30/2023,300,300.0,40.52,64.2,12220.2,Cancelled,B4033,07/10/2024,Cold Chain,Unknown,handle with care
T100464,OR-90276,PN003,Insulin Glargine 100IU/ml,S001,NHS Supply Chain,D005,East England Depot,PH005,County General Pharmacy,2024/05/27,4,2024-06-01,100,100.0,71.09,191.16,7300.16,Cancelled,B5207,N/A,Cold Chain,M1 2AB,
T100628,OR-39891,PN008,Flu Vaccine,S002,MediSupply Ltd,D003,Scotland Regional Hub,PH005,County General Pharmacy,09/29/2024,3,03/10/2024,100,39.0,£68.73,241.82,7114.82,Delivered,B3053,2026-11-13,18C,N/A,
T101584,OR-76378-DUP,PN001,Amoxicillin 500mg Capsule,S003,UKPharma Dist,D003,Scotland Regional Hub,PH007,Southcare Pharmacy,28/06/2023,14,07/12/2023,10,10.0,8.19,95.11,177.01,Returned,B1586,20/01/2024,2-8C,Unknown,urgent
T101503,OR-58104,PN003,Insulin Glargine 100IU/ml,S004,HealQuick,D005,East England Depot,PH007,Southcare Pharmacy,11/02/2025,2,02/14/2025,100,56.0,£63.39,90.07,6429.07,Delivered,B7680,31/08/2026,Room Temp,SE1 9RT,short shipment
T100540,OR-94296,PN009,Metformin 500mg Tablet,S005,GlobalMeds,D002,North West Depot,PH003,City Clinic Pharmacy,23/08/2023,3,26/08/2023,20,20.0,2.88,225.39,282.99,Delivered,B2667,2024-10-28,2 to 8°C,M1 2AB,temperature sensitive
T100911,OR-84995,PN005,Salbutamol Inhaler,S004,HealQuick,D002,North West Depot,PH010,University Hospital Pharmacy,13-Apr-2024,2,04/16/2024,0,0.0,57.18,70.39,70.39,Cancelled,B9243,28/10/2024,2 to 8°C,LS1 1UR,temperature sensitive
T100480,OR-10973,PN009,Metformin 500mg Tablet,S001,NHS Supply Chain,D001,Central Hub London,PH006,Northside Pharmacy,08/12/2024,-1,12/07/2024,50,50.0,44.55,181.64,2409.14,Cancelled,B3512,Nov 01 2026,2 to 8°C,,
T101448,OR-71568,PN002,Paracetamol 500mg Tablet,S005,GlobalMeds,D002,North West Depot,PH010,University Hospital Pharmacy,07/07/2023,2,11 July 2023,100,100.0,36.73,294.05,3967.05,Returned,,N/A,2 to 8°C,,
T101151,OR-97431,PN006,Warfarin 2mg Tablet,S003,UKPharma Dist,D001,Central Hub London,PH008,Lakeside Pharmacy,2024/04/09,10,04/19/2024,10,10.0,9.0,27.8,117.8,Cancelled,B2527,26/11/2025,2 to 8°C,LS1 1UR,handle with care
T100141,OR-84437,PN002,Paracetamol 500mg Tablet,S005,GlobalMeds,D003,Scotland Regional Hub,PH007,Southcare Pharmacy,06/01/2023,-2,2023-06-01,250,250.0,54.74,124.26,13809.26,In Transit,B8776,2025-05-18,Refrigerated,se1 9rt,handle with care
T101539,OR-95439,PN003,insulin glargine 100iu/ml,S001,NHS Supply Chain ,D005,East England Depot,PH002,Royal Infirmary Pharmacy,2024-12-06,7,12/13/2024,150,150.0,37.69,167.6,5821.1,Returned,B2017,21/12/2026,,Unknown,short shipment
T100397,OR-67113,PN007,Omeprazole  20mg  Capsule,S001,NHS Supply Chain,D003,Scotland Regional Hub,PH008,Lakeside Pharmacy,2025/05/19,14,06/03/2025,500,500.0,25.5,138.17,12888.17,In Transit,B7309,Jan 30 2026,2 to 8°C,Unknown,call before delivery
T100936,OR-97030,PN006,Warfarin 2mg Tablet,S005,GlobalMeds,D002,North West Depot,PH004,Community Health Pharmacy,2025-05-05,7,05/12/2025,200,200.0,33.32,,6664.0,Partial,B7656,Mar 23 2026,18C,,call before delivery
T101498,OR-22696,PN006,Warfarin 2mg Tablet,S002,MediSupply Ltd,D002,North West Depot,PH004,Community Health Pharmacy,2023/02/03,10,14/02/2023,150,150.0,18.89,39.13,2972.63,Cancelled,,Oct 27 2024,ambient,SE1 9RT,urgent
T100646,OR-83045,PN008,Flu Vaccine,S005,GlobalMeds,D004,Wales Depot,PH006,Northside Pharmacy,08/11/2024,3,11/13/2024,10,10.0,9.77,117.16,214.86,Cancelled,B2659,27/12/2025,Refrigerated,,
T101350,OR-78280,PN004,Atorvastatin 20mg Tablet,S005,GlobalMeds,D004,Wales Depot,PH004,Community Health Pharmacy,06/07/2023,4,2023-07-10,0,0.0,67.51,172.12,172.12,Delivered,B3856,2025-08-11,2 to 8°C,se1 9rt,"short shipment
please confirm"
T100455,OR-94927,PN008,Flu Vaccine,S004,HealQuick,D002,North West Depot,PH009,Midtown Pharmacy,04/12/2025,10,2025-04-24,100,100.0,59.53,50.16,6003.16,Partial,B8451,2026-06-16,2 to 8°C,M1 2AB,urgent
T101327,OR-76192,PN001,Amoxicillin 500mg Capsule,S001,NHS Supply Chain,D004,Wales Depot,PH009,Midtown Pharmacy,08/03/2023,5,08/08/2023,20,20.0,38.49,253.97,1023.77,Delivered,B9268,May 17 2024,Refrigerated,Unknown,short shipment
T100181,OR-63852,PN009,Metformin 500mg Tablet,S001,NHS Supply Chain,D003,Scotland Regional Hub,PH010,University Hospital Pharmacy,2024/10/06,7,2024-10-13,50,50.0,23.2,53.29,1213.29,Delivered,B2138,2026-05-04,ambient,SE1 9RT,
T101127,OR-23440,PN007,Omeprazole 20mg Capsule,S005,GlobalMeds,D001,Central Hub London,PH001,St Thomas Hospital Pharmacy,2023/03/10,-3,03/09/2023,10,10.0,36.02,172.71,532.91,Delivered,B9753,16/05/2025,,Unknown,handle with care
T101202,OR-24371,PN008,Flu Vaccine,S001,NHS Supply Chain ,D001,Central Hub London,PH001,St Thomas Hospital Pharmacy,2023/12/26,2,2023-12-29,50,50.0,10.07,116.67,620.17,Cancelled,B6695,May 16 2026,2-8C,M1 2AB,handle with care
T100596,OR-79844,PN009,Metformin 500mg Tablet,S005,GlobalMeds,D002,North West Depot,PH002,Royal Infirmary Pharmacy,2024/05/15,4,05/19/2024,10,10.0,27.39,259.61,533.51,Returned,B9815,18/02/2025,Refrigerated,Unknown,
T100138,OR-12888,PN004,Atorvastatin 20mg Tablet,S003,UKPharma Dist,D001,Central Hub London,PH002,Royal Infirmary Pharmacy,17-Jan-2024,7,25/01/2024,10,10.0,13.82,49.43,187.63,In Transit,B9530,Aug 07 2024,Refrigerated,LS1 1UR,call before delivery
T100737,OR-21575,PN007,Omeprazole 20mg Capsule,S003,UKPharma Dist,D001,Central Hub London,PH009,Midtown Pharmacy,27-Aug-2023,2,31/08/2023,200,200.0,14.96,148.47,3140.47,Partial,B6361,22/01/2026,Cold Chain,M1 2AB,handle with care
T100963,OR-40961,PN003,Insulin  Glargine  100IU/ml,S001,NHS Supply Chain,D004,Wales Depot,PH003,City Clinic Pharmacy,06/16/2025,7,,10,10.0,17.3,58.49,231.49,Partial,3893,Jul 15 2027,2 to 8°C,Unknown,handle with care
T100192,OR-13830,PN009,Metformin 500mg Tablet,S003,UKPharma Dist ,D001,Central Hub London,PH006,Northside Pharmacy,11/25/2024,5,30/11/2024,10,10.0,39.24,151.39,543.79,Cancelled,B9990,14/09/2026,2-8C,Unknown,call before delivery
T100868,OR-94931,PN007,Omeprazole 20mg Capsule,S001,NHS Supply Chain,D003,Scotland Regional Hub,PH010,University Hospital Pharmacy,2024/12/15,5,22/12/2024,100,100.0,5.24,266.6,790.6,Delivered,B4290,2025-10-11,ambient,LS1 1UR,temperature sensitive
T100274,OR-64234,PN008,flu vaccine,S002,MediSupply Ltd,D003,Scotland Regional Hub,PH001,St Thomas Hospital Pharmacy,11/26/2023,4,30/11/2023,10,10.0,44.67,234.37,681.07,Partial,B7144,20/07/2024,Refrigerated,M1 2AB,call before delivery
T100288,OR-39355,PN008,Flu Vaccin3,S002,MediSupply Ltd,D004,Wales Depot,PH008,Lakeside Pharmacy,2024/02/29,7,09/03/2024,150,150.0,70.3,287.43,10832.43,In Transit,B3109,Jan 28 2026,ambient,Unknown,call before delivery
T101456,OR-17335,PN001,Amoxicillin 500mg Capsule,S005,GlobalMeds ,D001,Central Hub London,PH005,County General Pharmacy,11/09/2024,2,2024-09-14,300,300.0,£31.01,104.8,9407.8,Returned,B6559,15/05/2025,ambient,LS1 1UR,temperature sensitive
T100395,OR-21343,PN002,Paracetamol 500mg Tablet,S003,UKPharma Dist,D005,East England Depot,PH003,City Clinic Pharmacy,19-Jul-2023,14,02 August 2023,0,0.0,61.39,222.66,222.66,Cancelled,,20/12/2025,18C,N/A,call before delivery
T100119,OR-37831,PN003,Insulin Glargine 100IU/ml,S004,HealQuick,D005,East England Depot,PH001,St Thomas Hospital Pharmacy,2023/04/22,10,03/05/2023,500,500.0,39.22,53.97,19663.97,In Transit,,2023-11-12,18C,Unknown,handle with care
T101185,OR-19851,PN001,Amoxicillin 500mg Capsule,S003,UKPharma Dist ,D003,Scotland Regional Hub,PH005,County General Pharmacy,2025/05/12,10,05/24/2025,0,0.0,£39.65,276.29,TBD,In Transit,,Jul 12 2026,2 to 8°C,Unknown,call before delivery
T100197,OR-56152,PN009,Metformin 500mg Tablet,S005,GlobalMeds,D001,Central Hub London,PH004,Community Health Pharmacy,2024-11-05,n/a,unknown,150,150.0,42.41,293.98,6655.48,Returned,B1001,Jun 20 2025,2 to 8°C,Unknown,call before delivery
T100820,OR-73874,PN009,Metformin 500mg Tablet,S001,NHS Supply Chain,D004,Wales Depot,PH010,University Hospital Pharmacy,04-Dec-2024,2,12/08/2024,50,50.0,3.81,8.36,198.86,Delivered,B1531,Oct 22 2026,2 to 8°C,,urgent
T100241,OR-33433,PN001,Amoxicillin 500mg Capsule,S004,HealQuick,D001,Central Hub London,PH002,Royal Infirmary Pharmacy,07/20/2024,10,08/01/2024,300,300.0,18.25,204.78,5679.78,Returned,B7465,Oct 23 2025,ambient,unknown,call before delivery
T101516,OR-72147,PN010,Co-codamol 30/500 Tablet,S001,NHS Supply Chain,D002,North West Depot,PH006,Northside Pharmacy,04-Mar-2024,10,16/03/2024,50,50.0,30.6,153.38,1683.38,In Transit,B6554,2025-05-10,2-8C,,handle with care
T101501,OR-35423,PN007,Omeprazole 20mg Capsule,S001,NHS Supply Chain,D005,East England Depot,PH001,St Thomas Hospital Pharmacy,2025-02-15,7,2025-02-24,100,100.0,34.15,272.37,3687.37,Partial,B4349,2026-10-23,Room Temp,SE1 9RT,urgent
T101133,OR-22476,PN007,Omeprazole 20mg Capsule,S002,MediSupply Ltd,D003,Scotland Regional Hub,PH002,Royal Infirmary Pharmacy,2023/01/22,14,05/02/2023,200,200.0,45.68,6.26,9142.26,Cancelled,,10/03/2024,Room Temp,SE1 9RT,call before delivery
T100379,OR-81287,PN008,Flu  Vaccin3,S002,MediSupply Ltd,D002,North West Depot,PH010,University Hospital Pharmacy,17/02/2024,5,2024-02-24,500,500.0,£1.91,79.8,TBD,Cancelled,B1408,Dec 12 2024,Cold Chain,SE1 9RT,call before delivery
T101441,OR-84261,PN009,Metformin 500mg Tablet,S004,HealQuick,D004,Wales Depot,PH004,Community Health Pharmacy,30-Apr-2023,3,05/05/2023,300,300.0,43.24,205.89,13177.89,Cancelled,,Mar 08 2024,2 to 8°C,Unknown,call before delivery
T100839,OR-51701,PN001,Amoxicillin 500mg Capsule,S004,HealQuick,D002,North West Depot,PH009,Midtown Pharmacy,2025-02-26,3,01/03/2025,250,250.0,18.35,257.53,4845.03,Delivered,,01/08/2027,Room Temp,LS1 1UR,urgent
T100214,OR-84304,PN002,Paracetamol 500mg Tablet,S005,GlobalMeds,D005,East England Depot,PH007,Southcare Pharmacy,2024/05/03,2,05/07/2024,50,50.0,12.5,218.62,843.62,Cancelled,B3149,02/11/2025,2-8C,,short shipment
T100629,OR-50130,PN003,Insulin Glargine 100IU/ml,S002,MediSupply Ltd,D002,North West Depot,PH001,St Thomas Hospital Pharmacy,08/15/2023,3,08/19/2023,10,10.0,8.97,118.8,208.5,Cancelled,B1208,21/11/2025,Room Temp,B1 1AA,short shipment
T100001,OR-83579,PN002,Paracetamol  500mg  Tablet,S001,NHS Supply Chain,D004,Wales Depot,PH005,County General Pharmacy,09-Apr-2024,4,2024-04-13,50,50.0,41.99,232.8,2342.3,Partial,B4456,09/05/2026,Room Temp,LS1 1UR,urgent
T100111,OR-78714,PN002,Paracetamol 500mg Tablet,S005,GlobalMeds,D004,Wales Depot,PH001,St Thomas Hospital Pharmacy,2023/11/09,7,11/16/2023,200,111.0,59.08,142.76,11958.76,Cancelled,,Oct 02 2025,Room Temp,LS1 1UR,call before delivery
T100684,OR-37118,PN007,Omeprazole 20mg Capsule,S002,MediSupply Ltd,D001,Central Hub London,PH003,City Clinic Pharmacy,2024-09-26,10,06 October 2024,100,100.0,41.93,173.52,4366.52,Cancelled,B2917,Jul 13 2025,2-8C,SE1 9RT,temperature sensitive
T101526,OR-76965,PN009,Metformin 500mg Tablet,S003,UKPharma Dist,D002,North West Depot,PH010,University Hospital Pharmacy,???,4,2023-03-13,twenty,500.0,free,52.34,,In Transit,B5094,30/12/2023,2 to 8°C,B1 1AA,urgent
T100933,OR-13045,PN008,Flu Vaccine,S005,GlobalMeds,D001,Central Hub London,PH001,St Thomas Hospital Pharmacy,2024/07/30,14,08/13/2024,20,20.0,£43.26,113.52,TBD,Returned,B9578,2025-07-08,ambient,B1 1AA,handle with care
T101401,OR-13633,PN001,Amoxicillin 500mg Capsule,S003,UKPharma Dist,D002,North West Depot,PH004,Community Health Pharmacy,18-May-2023,10,2023-05-29,0,0.0,11.2,170.13,170.13,Returned,4925,2025-06-05,Refrigerated,LS1 1UR,handle with care
T101387,OR-40893,PN009,Metformin 500mg Tablet,S003,UKPharma Dist,D005,East England Depot,PH010,University Hospital Pharmacy,2024/06/09,14,06/23/2024,0,0.0,42.24,85.47,95.47,Returned,B8408,Jul 20 2026,Refrigerated,,urgent
T101386,OR-14102,PN005,Salbutamol Inhaler,S002,MediSupply Ltd,D005,East England Depot,PH004,Community Health Pharmacy,2025.03.13,5,03/20/2025,150,150.0,10.73,257.12,1866.62,In Transit,B8283,2027-06-05,Refrigerated,,call before delivery
T101269,OR-12906,PN001,Amoxicillin 500mg Capsule,S005,GlobalMeds,D005,East England Depot,PH010,University Hospital Pharmacy,23/12/2023,4,12/27/2023,100,100.0,64.56,198.76,6654.76,In Transit,2152,2024-07-28,Refrigerated,ls1 1ur,urgent
T101445,OR-15840,PN009,Metformin 500mg Tablet,S005,GlobalMeds,D004,Wales Depot,PH009,Midtown Pharmacy,2023/03/24,14,04/07/2023,300,300.0,£39.12,194.36,TBD,Delivered,B7591,2024-03-19,2-8C,M1 2AB,
T100433,OR-75251,PN001,Amoxicillin  500mg  Capsule,S002,MediSupply Ltd,D001,Central Hub London,PH003,City Clinic Pharmacy,20/05/2025,14,2025-06-04,300,300.0,30.41,174.85,9297.85,Returned,,2026-09-28,2 to 8°C,se1 9rt,short shipment
T101116,OR-75486,PN005,Salbutamol Inhaler,S001,NHS Supply Chain,D001,Central Hub London,PH007,Southcare Pharmacy,2023/11/01,4,06/11/2023,250,250.0,34.04,139.68,8649.68,In Transit,B8606,2024-09-25,2 to 8°C,LS1 1UR,call before delivery
T101234,OR-88455,PN002,Paracetamol 500mg Tablet,S002,MediSupply Ltd,D005,East England Depot,PH002,Royal Infirmary Pharmacy,01-Feb-2023,2,03/02/2023,200,125.0,44.99,54.47,9052.47,Returned,B3992,2023-08-08,Room Temp,Unknown,
T101375,OR-75665,PN008,Flu Vaccine,S001,NHS Supply Chain,D001,Central Hub London,PH005,County General Pharmacy,01/26/2023,14,11/02/2023,-4,-4.0,22.25,66.06,-22.94,Delivered,B5871,2025-02-26,ambient,SE1 9RT,
T100650,OR-21163,PN003,Insulin Glargine 100IU/ml,S004,HealQuick,D002,North West Depot,PH007,Southcare Pharmacy,08/09/2024,4,2024-09-13,150,150.0,51.44,240.43,7956.43,Returned,B2850,2025-07-03,Room Temp,m1 2ab,
T101464,OR-61487,PN010,Co-codamol 30/500 Tablet,S005,GlobalMeds,D004,Wales Depot,PH005,County General Pharmacy,2023/03/01,4,2023-03-05,300,300.0,6.83,146.55,2195.55,In Transit,B1016,28/01/2025,2 to 8°C,B1 1AA,call before delivery
T101235,OR-97143,PN007,Omeprazole 20mg Capsule,S003,UKPharma Dist,D005,East England Depot,PH003,City Clinic Pharmacy,2024/07/21,5,2024-07-27,100,34.0,3.04,139.65,443.65,In Transit,B4497,Oct 16 2025,Refrigerated,M1 2AB,handle with care
T101419,OR-29089,PN006,Warfarin 2mg Tablet,S003,UKPharma Dist,D005,East England Depot,PH008,Lakeside Pharmacy,2024/09/12,n/a,,500,500.0,26.41,34.19,13239.19,Delivered,,2026-01-04,ambient,Unknown,temperature sensitive
T100312,OR-28040,PN004,atorvastatin 20mg tablet,S002,MediSupply Ltd,D001,Central Hub London,PH001,St Thomas Hospital Pharmacy,2025/06/13,5,06/18/2025,150,150.0,28.31,162.23,4408.73,Partial,B7582,2026-11-30,2 to 8°C,LS1 1UR,temperature sensitive
T100636,OR-67526,PN004,Atorvastatin  20mg  Tablet,S005,GlobalMeds,D005,East England Depot,PH006,Northside Pharmacy,16-Apr-2023,4,22/04/2023,100,100.0,31.63,101.29,3264.29,Partial,B8063,27/08/2025,2 to 8°C,M1 2AB,short shipment
T100695,OR-87821,PN001,Amoxicillin 500mg Capsule,S002,MediSupply Ltd,D001,Central Hub London,PH003,City Clinic Pharmacy,2023/03/30,7,04/08/2023,200,,40.82,60.98,8224.98,Cancelled,B7715,2025-08-10,2 to 8°C,SE1 9RT,"temperature sensitive
please confirm"
T101360,OR-72464,PN007,Omeprazole 20mg Capsule,S003,UKPharma Dist,D003,Scotland Regional Hub,PH001,St Thomas Hospital Pharmacy,2023-12-20,2,24/12/2023,10,10.0,17.38,0.93,174.73,Delivered,,Nov 12 2025,Room Temp,LS1 1UR,urgent
T101260,OR-47413,PN001,Amoxicillin 500mg Capsule,S004,HealQuick,D003,Scotland Regional Hub,PH002,Royal Infirmary Pharmacy,2024.08.06,5,08/12/2024,100,100.0,64.91,292.38,6783.38,Cancelled,B6257,2025-07-30,18C,,temperature sensitive
T100954,OR-83188,PN005,Salbutamol Inhaler,S004,HealQuick,D001,Central Hub London,PH008,Lakeside Pharmacy,02/16/2025,14,02/03/2025,0,0.0,21.37,194.26,194.26,Cancelled,B3894,N/A,2-8C,M1 2AB,temperature sensitive
T100615,OR-49126,PN007,Omeprazole 20mg Capsule,S005,GlobalMeds ,D004,Wales Depot,PH007,Southcare Pharmacy,2023/04/22,5,28 April 2023,250,250.0,£37.67,163.68,TBD,Delivered,B2687,2025-05-29,2 to 8°C,LS1 1UR,temperature sensitive
T100620,OR-11365,PN004,Atorvastatin 20mg Tablet,S004,HealQuick ,D003,Scotland Regional Hub,PH003,City Clinic Pharmacy,2024-05-10,14,05/25/2024,250,250.0,74.5,134.87,18759.87,Partial,B3455,15/02/2026,18C,M1 2AB,call before delivery
T101284,OR-67256,PN007,Omeprazole 20mg Capsule,S002,MediSupply Ltd,D003,Scotland Regional Hub,PH002,Royal Infirmary Pharmacy,???,7,2023-11-23,twenty,20.0,£-5.00,191.75,,Returned,B2376,Aug 04 2024,18C,LS1 1UR,handle with care
T101378,OR-84778,PN001,Amoxicillin 500mg Capsule,S003,UKPharma Dist,D004,Wales Depot,PH006,Northside Pharmacy,2023/02/06,10,17/02/2023,200,200.0,22.73,245.4,4791.4,Returned,B4132,Nov 15 2023,2 to 8°C,M1 2AB,short shipment
T101385,OR-72573,PN008,Flu Vaccine,S005,GlobalMeds,D001,Central Hub London,PH002,Royal Infirmary Pharmacy,27-Mar-2025,-1,26/03/2025,20,20.0,19.75,285.83,680.83,Returned,B5335,2027-06-11,Refrigerated,Unknown,
T101226,OR-92205,PN001,Amoxicillin 500mg Capsule,S004,HealQuick,D001,Central Hub London,PH006,Northside Pharmacy,11/09/2024,2,15/09/2024,150,150.0,65.14,215.04,9986.04,In Transit,B8573,26/06/2025,Refrigerated,,call before delivery
T101559,OR-68843,PN004,Atorvastatin 20mg Tablet,S001,NHS Supply Chain,D003,Scotland Regional Hub,PH006,Northside Pharmacy,11/16/2023,10,27/11/2023,10,10.0,34.68,298.26,645.06,Partial,,N/A,Room Temp,M1 2AB,call before delivery
T101232,OR-91090,PN003,Insulin Glargine 100IU/ml,S001,NHS Supply Chain,D002,North West Depot,PH005,County General Pharmacy,2023-01-16,10,01/27/2023,150,150.0,56.76,123.29,8637.29,Delivered,B1707,24/07/2024,18C,,temperature sensitive
T101349,OR-41629,PN010,Co-codamol 30/500 Tabl3t,S002,MediSupply Ltd ,D003,Scotland Regional Hub,PH007,Southcare Pharmacy,04-Oct-2024,14,20/10/2024,10,10.0,18.67,254.02,440.72,Cancelled,B7768,N/A,ambient,SE1 9RT,handle with care
T101332,OR-83065,PN009,Metformin 500mg Tablet,S001,NHS Supply Chain,D004,Wales Depot,PH004,Community Health Pharmacy,01/18/2023,7,01/27/2023,250,250.0,47.06,251.97,12016.97,Delivered,B7092,Jun 02 2024,Refrigerated,B1 1AA,handle with care
T101536,OR-81403,PN010,Co-codamol 30/500 Tablet,S004,HealQuick,D005,East England Depot,PH010,University Hospital Pharmacy,2024-04-30,4,2024-05-04,250,250.0,35.93,47.0,9029.5,Cancelled,B7799,Apr 17 2026,2-8C,LS1 1UR,call before delivery
T101475,OR-96560,PN007,omeprazole 20mg capsule,S005,GlobalMeds,D003,Scotland Regional Hub,PH009,Midtown Pharmacy,07/06/2024,7,15/07/2024,10,10.0,72.14,185.49,906.89,In Transit,B4113,07/08/2026,ambient,Unknown,short shipment
T100780,OR-67480,PN001,Amoxicillin 500mg Capsule,S004,HealQuick,D003,Scotland Regional Hub,PH009,Midtown Pharmacy,11/19/2023,2,23/11/2023,20,20.0,18.09,267.83,629.63,Delivered,B5566,06/09/2024,ambient,Unknown,handle with care
T100633,OR-19756,PN006,Warfarin 2mg Tablet,S001,NHS Supply Chain,D001,Central Hub London,PH010,University Hospital Pharmacy,???,10,04/14/2023,N/A,72.0,free,226.94,,Partial,B4778,2025-03-11,ambient,SE1 9RT,call before delivery
T100994,OR-64991,PN004,Atorvastatin 20mg Tablet,S005,GlobalMeds,D001,Central Hub London,PH001,St Thomas Hospital Pharmacy,15-Aug-2024,7,08/24/2024,4467,4467.0,54.59,133.71,243987.24,Delivered,B8080,Nov 19 2026,Refrigerated,N/A,temperature sensitive
T100546,OR-90601,PN001,Amoxicillin 500mg Capsule,S001,NHS Supply Chain,D003,Scotland Regional Hub,PH007,Southcare Pharmacy,02-Jan-2025,2,05 January 2025,500,,59.65,65.16,29890.16,Partial,B8679,30/12/2026,ambient,LS1 1UR,"temperature sensitive
please confirm"
T100667,OR-86366,PN008,Flu Vaccine,S002,MediSupply Ltd,D005,East England Depot,PH008,Lakeside Pharmacy,2023/06/06,5,2023-06-11,10,10.0,0.6,193.64,209.64,Partial,B1173,Feb 17 2024,Cold Chain,LS1 1UR,handle with care
T100566,OR-95840,PN001,Amoxicillin 500mg Capsule,S001,NHS Supply Chain,D003,Scotland Regional Hub,PH007,Southcare Pharmacy,2024/11/10,5,16 November 2024,250,250.0,16.81,114.25,4316.75,Returned,B7862,Oct 17 2026,2 to 8°C,B1 1AA,urgent
T101091,OR-98078,PN006,warfarin 2mg tablet,S003,UKPharma Dist,D003,Scotland Regional Hub,PH003,City Clinic Pharmacy,10-Mar-2024,7,17/03/2024,200,200.0,52.96,111.38,10703.38,In Transit,6410,2026-06-12,18C,B1 1AA,urgent
T101244,OR-94796,PN007,Omeprazole 20mg Capsule,S002,MediSupply Ltd,D001,Central Hub London,PH002,Royal Infirmary Pharmacy,2024/02/19,14,05/03/2024,300,300.0,18.98,,5694.0,Delivered,B9575,Dec 15 2024,18C,M1 2AB,call before delivery
T101163,OR-72064,PN009,Metformin 500mg Tablet,S003,UKPharma Dist ,D004,Wales Depot,PH008,Lakeside Pharmacy,08/05/2024,7,08/12/2024,500,500.0,29.46,25.04,14729.54,Cancelled,,11/01/2026,Refrigerated,B1 1AA,urgent
T100515,OR-15536,PN008,Flu  Vaccine,S005,GlobalMeds,D002,North West Depot,PH004,Community Health Pharmacy,06/08/2024,2,06/10/2024,0,0.0,20.55,129.98,129.98,Returned,B8978,2025-09-10,Refrigerated,B1 1AA,"short shipment
please confirm"
T101041,OR-39146,PN006,Warfarin 2mg Tablet,S004,HealQuick,D001,Central Hub London,PH010,University Hospital Pharmacy,13-Feb-2023,10,2023-02-23,50,50.0,5.75,297.54,585.04,Delivered,B4265,07/03/2025,18C,,
T100530,OR-17144,PN010,Co-codamol 30/500 Tablet,S004,HealQuick,D005,East England Depot,PH001,St Thomas Hospital Pharmacy,2025-05-20,3,2025-05-23,20,20.0,16.49,100.66,430.46,Cancelled,B5985,30/12/2026,Refrigerated,SE1 9RT,temperature sensitive
T101172,OR-19331,PN009,Metformin 500mg Tablet,S002,MediSupply Ltd,D005,East England Depot,PH003,City Clinic Pharmacy,10/05/2025,5,2025-05-15,500,500.0,13.14,101.2,6671.2,Delivered,B9268,2025-12-20,Room Temp,,call before delivery
T100734,OR-41543,PN002,Paracetamol 500mg Tablet,S003,UKPharma Dist,D004,Wales Depot,PH002,Royal Infirmary Pharmacy,07-Jun-2023,n/a,,250,120.0,58.78,147.25,14842.25,In Transit,B5637,2024-03-28,ambient,,handle with care
T101478,OR-98926,PN003,Insulin Glargine 100IU/ml,S001,NHS Supply Chain,D001,Central Hub London,PH007,Southcare Pharmacy,2023/02/18,7,02/25/2023,0,0.0,30.7,72.32,82.32,Cancelled,B5562,Mar 23 2024,2 to 8°C,LS1 1UR,temperature sensitive
T101407,OR-87743,PN005,Salbutamol Inhaler,S004,HealQuick,D002,North West Depot,PH007,Southcare Pharmacy,2023/07/14,4,07/20/2023,10,10.0,19.28,72.5,265.3,In Transit,B3823,22/07/2024,18C,Unknown,temperature sensitive
T100476,OR-76278,PN006,Warfarin 2mg Tablet,S005,GlobalMeds,D001,Central Hub London,PH010,University Hospital Pharmacy,2023/08/13,5,2023-08-20,500,442.0,42.46,129.13,21359.13,Cancelled,B8432,28/08/2025,Room Temp,M1 2AB,handle with care
T100094,OR-96461,PN004,Atorvastatin 20mg Tablet,S002,MediSupply Ltd,D001,Central Hub London,PH004,Community Health Pharmacy,29-Feb-2024,5,,0,0.0,66.86,276.73,276.73,Returned,B5644,05/04/2025,2 to 8°C,B1 1AA,short shipment
T101002,OR-63559,PN001,Amoxicillin 500mg Capsule,S003,UKPharma Dist,D005,East England Depot,PH010,University Hospital Pharmacy,25/01/2024,2,01/29/2024,10,10.0,53.03,68.98,599.28,Cancelled,,Nov 28 2024,2 to 8°C,SE1 9RT,short shipment
T100553,OR-72562,PN004,Atorvastatin 20mg Tablet,S001,NHS Supply Chain,D003,Scotland Regional Hub,PH001,St Thomas Hospital Pharmacy,2025-04-24,4,04/29/2025,0,0.0,43.49,85.75,85.75,Delivered,B2046,19/11/2026,2-8C,M1 2AB,
T101242,OR-62505,PN005,Salbutamol Inhaler,S003,UKPharma Dist ,D003,Scotland Regional Hub,PH001,St Thomas Hospital Pharmacy,2024/03/29,3,01 April 2024,150,77.0,20.26,227.14,3266.14,Cancelled,B6034,Jan 09 2025,Refrigerated,Unknown,handle with care
T100728,OR-91289,PN002,Paracetamol 500mg Tablet,S002,MediSupply Ltd,D004,Wales Depot,PH001,St Thomas Hospital Pharmacy,2023/12/09,2,11/12/2023,150,48.0,34.4,193.65,5353.65,Returned,B1174,17/11/2025,Cold Chain,M1 2AB,
T100848,OR-35336,PN007,Omeprazole 20mg Capsule,S003,UKPharma Dist,D005,East England Depot,PH007,Southcare Pharmacy,2024-04-05,5,2024-04-10,20,20.0,56.98,152.67,1292.27,Returned,B2048,N/A,Refrigerated,,short shipment
T100875,OR-61898,PN003,Insulin Glargine 100IU/ml,S001,NHS SUPPLY CHAIN,D003,Scotland Regional Hub,PH006,Northside Pharmacy,2025-01-27,5,02/01/2025,50,50.0,49.5,40.42,2515.42,Delivered,B7658,2026-02-18,18C,LS1 1UR,short shipment
T101020,OR-27441,PN004,Atorvastatin 20mg Tablet,S004,HealQuick,D003,Scotland Regional Hub,PH006,Northside Pharmacy,15/05/2024,14,05/31/2024,3759,3759.0,34.47,136.49,TBD,Partial,B6295,Jul 30 2026,2-8C,M1 2AB,short shipment
T100201,OR-10675,PN009,Metformin 500mg Tablet,S005,GlobalMeds,D004,Wales Depot,PH003,City Clinic Pharmacy,2024/11/21,3,25/11/2024,20,20.0,40.66,89.75,902.95,Returned,B5994,2027-03-09,Cold Chain,N/A,temperature sensitive
T100387,OR-42796,PN010,Co-codamol 30/500 Tablet,S001,NHS Supply Chain,D005,East England Depot,PH003,City Clinic Pharmacy,03/01/2023,3,2023-03-04,200,200.0,57.96,94.32,11686.32,In Transit,B5258,02/05/2025,2-8C,Unknown,urgent
T100779,OR-59500,PN009,Metformin 500mg Tablet,S005,GlobalMeds,D001,Central Hub London,PH005,County General Pharmacy,09/25/2024,3,2024-09-30,150,150.0,3.43,195.39,709.89,Delivered,B5247,20/08/2025,ambient,M1 2AB,short shipment
T100855,OR-10316,PN008,Flu Vaccine,S002,MediSupply Ltd,D005,East England Depot,PH006,Northside Pharmacy,2023-08-12,3,16/08/2023,0,0.0,8.84,26.75,26.75,Cancelled,B8070,2024-10-19,Room Temp,M1 2AB,
T100392,OR-94120,PN004,Atorvastatin 20mg Tablet,S002,MediSupply Ltd ,D002,North West Depot,PH006,Northside Pharmacy,2025/01/06,3,,10,10.0,21.85,103.6,322.1,Cancelled,B8004,Dec 31 2026,ambient,LS1 1UR,call before delivery
T100751,OR-59877,PN003,Insulin Glargine 100IU/ml,S005,GlobalMeds,D001,Central Hub London,PH004,Community Health Pharmacy,04-Aug-2024,14,18/08/2024,250,250.0,15.69,63.5,3986.0,In Transit,B2253,2026-01-04,2 to 8°C,LS1 1UR,short shipment
T101468,OR-26667,PN010,Co-codamol 30/500 Tablet,S003,UKPharma Dist,D002,North West Depot,PH010,University Hospital Pharmacy,23/01/2024,3,01/26/2024,150,150.0,73.33,10.93,11010.43,Partial,B9794,2026-02-15,Room Temp,Unknown,call before delivery
T101219,OR-28900,PN003,Insulin  Glargine  100IU/ml,S004,HealQuick,D003,Scotland Regional Hub,PH009,Midtown Pharmacy,02/05/2024,4,05/06/2024,-49,0.0,73.61,6.4,-3600.49,Delivered,B9428,Apr 22 2025,2 to 8°C,N/A,call before delivery
T101010,OR-32847,PN007,Omeprazole 20mg Capsule,S005,GlobalMeds,D002,North West Depot,PH010,University Hospital Pharmacy,2024-02-24,7,03/03/2024,20,20.0,46.33,98.49,1025.09,Delivered,B2982,03/02/2025,2 to 8°C,Unknown,handle with care
T100630,OR-42691,PN010,Co-codamol 30/500 Tablet,S003,UKPharma Dist,D004,Wales Depot,PH008,Lakeside Pharmacy,2025-03-27,n/a,,20,20.0,58.56,215.91,1387.11,Returned,,06/07/2027,2 to 8°C,SE1 9RT,handle with care
T100600,OR-61398,PN004,Atorvastatin 20mg Tablet,S003,UKPharma Dist,D001,Central Hub London,PH006,Northside Pharmacy,2024/11/24,14,12/08/2024,200,200.0,£14.05,234.95,3044.95,Cancelled,B7539,2027-02-03,18C,M1 2AB,call before delivery
T100942,OR-98938,PN001,Amoxicillin 500mg Capsule,S001,NHS Supply Chain ,D004,Wales Depot,PH009,Midtown Pharmacy,26-Oct-2023,7,11/02/2023,10,10.0,45.53,275.93,731.23,Returned,,08/04/2025,Refrigerated,SE1 9RT,short shipment
T100711,OR-68456,PN001,Amoxicillin 500mg Capsule,S001,NHS Supply Chain,D001,Central Hub London,PH005,County General Pharmacy,27-Sep-2024,14,2024-10-13,300,198.0,£26.23,117.22,TBD,In Transit,B7567,20/01/2026,Refrigerated,SE1 9RT,call before delivery
T100669,OR-69153,PN006,Warfarin 2mg Tablet,S005,GlobalMeds,D004,Wales Depot,PH001,St Thomas Hospital Pharmacy,2025-04-14,10,2025-04-24,100,100.0,52.9,3.59,5293.59,Partial,B8755,Jan 25 2027,18C,M1 2AB,temperature sensitive
T100097,OR-21382,PN006,Warfarin 2mg Tablet,S001,NHS Supply Chain,D001,Central Hub London,PH002,Royal Infirmary Pharmacy,23/04/2025,7,,200,200.0,£72.28,232.08,14688.08,Delivered,B9489,Nov 23 2025,Refrigerated,Unknown,urgent
T100789,OR-11898,PN006,Warfarin 2mg Tablet,S003,UKPharma Dist,D003,Scotland Regional Hub,PH005,County General Pharmacy,03/03/2024,2,2024-03-05,150,150.0,10.05,,1517.5,Cancelled,B9635,2024-11-05,2-8C,M1 2AB,handle with care
T100400,OR-57178,PN009,Metformin 500mg Tablet,S003,UKPharma Dist,D005,East England Depot,PH009,Midtown Pharmacy,04/24/2024,7,02/05/2024,250,250.0,59.58,142.24,15037.24,Delivered,B2158,26/09/2025,2 to 8°C,Unknown,
T100494,OR-89209,PN007,Omeprazole 20mg Capsule,S003,UKPharma Dist,D003,Scotland Regional Hub,PH001,St Thomas Hospital Pharmacy,27-Dec-2023,14,10/01/2024,100,100.0,20.76,44.06,2120.06,Partial,B5075,03/04/2025,Cold Chain,B1 1AA,
T101053,OR-88110,PN001,Amoxicillin 500mg Capsule,S002,MediSupply Ltd,D005,East England Depot,PH007,Southcare Pharmacy,26/10/2023,4,31/10/2023,-38,-38.0,25.44,237.31,-729.41,Cancelled,B3830,Mar 17 2026,Refrigerated,Unknown,"short shipment
please confirm"
T101038,OR-43425,PN003,Insulin Glargine 100IU/ml,S002,MEDISUPPLY LTD,D003,Scotland Regional Hub,PH001,St Thomas Hospital Pharmacy,2023.06.23,14,09/07/2023,10,10.0,30.35,172.84,476.34,Returned,B5496,Sep 01 2025,2-8C,Unknown,
T100912,OR-95537,PN004,Atorvastatin 20mg Tablet,S002,MediSupply Ltd,D005,East England Depot,PH008,Lakeside Pharmacy,05/06/2023,7,15/05/2023,200,200.0,14.63,75.94,3001.94,Returned,B8345,2025-06-17,Refrigerated,LS1 1UR,short shipment
T100764,OR-67403,PN004,Atorvastatin 20mg Tablet,S001,NHS Supply Chain,D001,Central Hub London,PH001,St Thomas Hospital Pharmacy,2023.10.29,2,31/10/2023,250,250.0,74.89,69.61,18792.11,Partial,B2394,Jul 13 2024,2 to 8°C,Unknown,temperature sensitive
T100195,OR-77559,PN003,Insulin Glargine 100IU/ml,S004,HealQuick,D004,Wales Depot,PH002,Royal Infirmary Pharmacy,24-Jun-2024,3,06/27/2024,0,0.0,10.75,43.45,43.45,Delivered,B2670,21/05/2025,18C,SE1 9RT,urgent
T100129,OR-71204,PN007,Omeprazole 20mg Capsule,S003,UKPharma Dist,D005,East England Depot,PH007,Southcare Pharmacy,17/04/2024,7,2024-04-24,10,10.0,16.85,7.11,175.61,In Transit,B2995,Feb 13 2025,Room Temp,,
T101033,OR-12608,PN001,Amoxicillin 500mg Capsule,S003,UKPharma Dist,D002,North West Depot,PH006,Northside Pharmacy,27/03/2023,14,10 April 2023,50,50.0,12.72,275.11,911.11,Delivered,B7248,Nov 06 2024,Refrigerated,LS1 1UR,
T100040,OR-53416,PN007,Omeprazole 20mg Capsule,S003,UKPharma Dist,D005,East England Depot,PH005,County General Pharmacy,2025/04/25,2,28/04/2025,150,150.0,3.88,142.12,724.12,Returned,B6218,15/07/2027,Refrigerated,Unknown,handle with care
T100999,OR-16937,PN004,Atorvastatin  20mg  Tablet,S001,NHS Supply Chain,D001,Central Hub London,PH001,St Thomas Hospital Pharmacy,06/07/2023,5,06/13/2023,200,200.0,39.91,256.13,8238.13,In Transit,,2024-11-25,Cold Chain,B1 1AA,call before delivery
T100225,OR-64171,PN006,Warfarin 2mg Tablet,S005,GlobalMeds ,D004,Wales Depot,PH008,Lakeside Pharmacy,2025-05-19,7,26/05/2025,200,200.0,61.3,206.47,12466.47,Delivered,B5985,18/10/2026,ambient,B1 1AA,handle with care
T100373,OR-95688,PN008,Flu Vaccine,S003,UKPharma Dist,D002,North West Depot,PH009,Midtown Pharmacy,2024-02-08,14,22/02/2024,50,50.0,43.25,250.56,2413.06,Returned,2533,2025-01-05,2 to 8°C,Unknown,
T100283,OR-89958,PN005,Salbutamol  Inhaler,S003,UKPharma Dist,D005,East England Depot,PH002,Royal Infirmary Pharmacy,03/02/2023,5,2023-03-07,200,200.0,71.2,217.79,14457.79,In Transit,B5513,Sep 09 2023,ambient,,temperature sensitive
T100411,OR-63420,PN001,Amoxicillin 500mg Capsule,S003,UKPharma Dist,D002,North West Depot,PH010,University Hospital Pharmacy,2024.03.02,10,2024-03-12,200,200.0,16.62,248.62,3572.62,Cancelled,B3478,Feb 07 2026,2-8C,LS1 1UR,call before delivery
T100386,OR-21835,PN008,Flu Vaccine,S005,GlobalMeds,D005,East England Depot,PH010,University Hospital Pharmacy,2025/02/10,7,17/02/2025,20,20.0,74.65,186.76,1679.76,Cancelled,B9821,Apr 20 2026,Cold Chain,Unknown,temperature sensitive
T100581,OR-38551,PN003,Insulin Glargine 100IU/ml,S001,NHS Supply Chain,D004,Wales Depot,PH006,Northside Pharmacy,13/07/2023,3,2023-07-18,500,500.0,3.88,72.8,2012.8,Cancelled,B6454,2024-12-23,18C,Unknown,urgent
T101142,OR-82185,PN005,Salbutamol Inhaler,S005,GlobalMeds,D002,North West Depot,PH008,Lakeside Pharmacy,2023-10-15,3,18 October 2023,20,20.0,26.59,181.7,713.5,Partial,,2024-09-03,Cold Chain,M1 2AB,temperature sensitive
T101068,OR-32192,PN005,Salbutamol Inhaler,S004,HealQuick,D004,Wales Depot,PH009,Midtown Pharmacy,06/04/2024,14,,150,150.0,17.08,63.11,2635.11,Returned,B7513,09/07/2026,Refrigerated,LS1 1UR,handle with care
T101472,OR-46122,PN005,Salbutamol Inhaler,S004,HealQuick,D005,East England Depot,PH002,Royal Infirmary Pharmacy,2025/01/18,10,01/28/2025,10,10.0,60.89,153.83,762.73,Returned,B9029,2027-04-10,2 to 8°C,B1 1AA,temperature sensitive
T100635,OR-13772,PN007,Omeprazole 20mg Capsule,S005,GlobalMeds,D004,Wales Depot,PH009,Midtown Pharmacy,21-Jan-2025,14,,500,500.0,12.44,3.61,6223.61,In Transit,B2839,May 13 2026,Room Temp,N/A,short shipment
T101132,OR-90233,PN002,Paracetamol 500mg Tablet,S002,MediSupply Ltd,D002,North West Depot,PH002,Royal Infirmary Pharmacy,2024-11-11,5,11/17/2024,250,250.0,35.29,104.9,8927.4,Partial,B6824,2026-12-25,ambient,SE1 9RT,handle with care
T101345,OR-65234,PN009,Metformin 500mg Tablet,S005,GlobalMeds,D004,Wales Depot,PH001,St Thomas Hospital Pharmacy,07/26/2024,14,11/08/2024,300,300.0,40.5,141.47,12291.47,Delivered,,02/12/2026,Room Temp,Unknown,temperature sensitive
T100511,OR-86771,PN005,Salbutamol Inhaler,S004,HealQuick,D005,East England Depot,PH004,Community Health Pharmacy,2023/04/17,7,04/26/2023,500,500.0,3.06,,1530.0,In Transit,B7831,2025-01-02,Room Temp,Unknown,urgent
T100063,OR-55443,PN001,Amoxicillin 500mg Capsule,S003,UKPharma Dist,D004,Wales Depot,PH007,Southcare Pharmacy,12/19/2024,7,12/26/2024,20,20.0,£51.24,209.6,1234.4,Delivered,B8118,05/03/2027,18C,N/A,urgent
T100014,OR-46241,PN006,Warfarin 2mg Tablet,S003,UKPharma Dist,D003,Scotland Regional Hub,PH009,Midtown Pharmacy,2023/01/11,2,01/13/2023,250,250.0,23.31,159.28,5986.78,Cancelled,B8434,Mar 23 2024,Room Temp,,urgent
T101160,OR-37962,PN008,Flu Vaccine,S002,MediSupply Ltd,D002,North West Depot,PH009,Midtown Pharmacy,10/12/2024,4,12/14/2024,150,150.0,73.88,254.95,11336.95,Returned,B3484,24/02/2026,Cold Chain,N/A,
T101046,OR-19878,PN005,Salbutamol Inhal3r,S004,HealQuick,D005,East England Depot,PH009,Midtown Pharmacy,2024/10/13,10,2024-10-24,100,100.0,34.48,25.52,3473.52,Partial,B9008,2026-08-09,18C,LS1 1UR,call before delivery
T100484,OR-15898,PN006,Warfarin  2mg  Tablet,S002,MediSupply Ltd,D004,Wales Depot,PH007,Southcare Pharmacy,05/11/2024,10,,500,500.0,70.43,82.81,35297.81,In Transit,B8600,05/06/2026,Cold Chain,SE1 9RT,handle with care
T100374,OR-35945,PN009,Metformin 500mg Tablet,S001,NHS Supply Chain,D001,Central Hub London,PH004,Community Health Pharmacy,2024/12/04,7,12/11/2024,50,50.0,31.05,34.55,1587.05,Delivered,B7597,Dec 04 2025,18C,B1 1AA,short shipment
T100182,OR-66633,PN002,Paracetamol 500mg Tablet,S004,HealQuick,D002,North West Depot,PH004,Community Health Pharmacy,11/14/2023,10,11/25/2023,1584,1584.0,45.56,170.77,72337.81,Delivered,B5717,Aug 22 2025,2 to 8°C,Unknown,temperature sensitive
T100748,OR-56782,PN008,Flu Vaccine,S001,NHS Supply Chain,D004,Wales Depot,PH003,City Clinic Pharmacy,12/15/2024,2,2024-12-19,250,250.0,59.96,245.23,15235.23,Delivered,B7035,Jan 16 2027,Cold Chain,,urgent
T100211,OR-20353,PN007,Omeprazole 20mg Capsule,S002,MediSupply Ltd,D001,Central Hub London,PH004,Community Health Pharmacy,2025-05-21,5,26/05/2025,20,20.0,68.52,16.76,1387.16,In Transit,B1431,Jan 25 2027,2-8C,SE1 9RT,urgent
T100776,OR-69398,PN006,Warfarin 2mg Tablet,S004,HealQuick,D004,Wales Depot,PH009,Midtown Pharmacy,2023/08/10,10,2023-08-21,0,0.0,47.29,156.58,156.58,Partial,B6624,28/06/2025,Cold Chain,N/A,short shipment
T101058,OR-55852,PN005,Salbutamol Inhaler,S002,MediSupply Ltd,D004,Wales Depot,PH005,County General Pharmacy,2024/11/09,4,11/13/2024,500,500.0,48.26,45.72,24175.72,Delivered,,03/10/2026,ambient,SE1 9RT,handle with care
T100863,OR-39468,PN005,Salbutamol Inhaler,S005,GlobalMeds,D005,East England Depot,PH010,University Hospital Pharmacy,11/15/2023,2,2023-11-17,50,50.0,24.13,213.81,1420.31,Cancelled,B8292,2025-11-01,Refrigerated,Unknown,call before delivery
T100332,OR-65358,PN005,Salbutamol Inhaler,S002,MediSupply Ltd ,D001,Central Hub London,PH003,City Clinic Pharmacy,04/21/2023,10,05/02/2023,200,200.0,44.28,,8856.0,In Transit,B1801,02/07/2024,Cold Chain,LS1 1UR,temperature sensitive
T100705,OR-85307,PN003,Insulin Glargine 100IU/ml,S002,MediSupply Ltd,D005,East England Depot,PH006,Northside Pharmacy,2023-07-01,2,,300,300.0,£28.94,89.9,TBD,Partial,B5525,Aug 15 2025,2-8C,B1 1AA,
T100290,OR-50142,PN002,Paracetamol 500mg Tablet,S002,MediSupply Ltd,D002,North West Depot,PH003,City Clinic Pharmacy,01/31/2023,4,06/02/2023,20,20.0,32.56,78.15,729.35,Delivered,B2540,2023-08-19,Refrigerated,N/A,"short shipment
please confirm"
T100998,OR-38050,PN009,Metformin 500mg Tablet,S004,HealQuick,D004,Wales Depot,PH005,County General Pharmacy,04/21/2024,7,2024-04-29,50,50.0,56.4,279.5,3099.5,Delivered,B4562,Feb 24 2026,18C,M1 2AB,"short shipment
please confirm"
T101253,OR-15283,PN006,Warfarin 2mg Tablet,S004,HealQuick,D005,East England Depot,PH006,Northside Pharmacy,2025-03-26,4,03/30/2025,150,150.0,13.72,,2058.0,Returned,B9839,2027-05-06,Cold Chain,M1 2AB,short shipment
T101462,OR-77463,PN008,Flu Vaccine,S001,NHS Supply Chain ,D005,East England Depot,PH004,Community Health Pharmacy,06/06/2024,3,2024-06-09,20,20.0,51.13,109.48,1132.08,Partial,B9283,09/08/2026,Room Temp,SE1 9RT,urgent
T100447,OR-58977,PN004,Atorvastatin 20mg Tablet,S004,HealQuick,D002,North West Depot,PH004,Community Health Pharmacy,2024-10-15,7,10/22/2024,250,250.0,1.35,185.16,522.66,Returned,B3734,2026-07-12,ambient,Unknown,short shipment
T101596,OR-56157,PN004,Atorvastatin 20mg Tablet,S003,UKPharma Dist,D003,Scotland Regional Hub,PH007,Southcare Pharmacy,2023.01.02,3,06/01/2023,0,0.0,62.97,178.2,178.2,Delivered,B3655,14/04/2025,Room Temp,M1 2AB,"urgent
please confirm"
T100800,OR-34428,PN004,Atorvastatin 20mg Tablet,S003,UKPharma Dist,D001,Central Hub London,PH001,St Thomas Hospital Pharmacy,2024-12-16,10,26/12/2024,50,50.0,18.27,153.09,1066.59,Delivered,B9074,09/03/2027,18C,,urgent
T100264,OR-63370,PN009,Metformin 500mg Tablet,S001,NHS Supply Chain,D001,Central Hub London,PH007,Southcare Pharmacy,2024-06-08,10,06/18/2024,10,10.0,19.94,256.27,455.67,Cancelled,B4525,Feb 25 2026,2 to 8°C,Unknown,urgent
T100977,OR-15601,PN001,Amoxicillin 500mg Capsule,S003,UKPharma Dist,D003,Scotland Regional Hub,PH001,St Thomas Hospital Pharmacy,2023/09/12,5,09/17/2023,300,300.0,4.81,288.02,1731.02,Returned,,2025-05-19,Refrigerated,LS1 1UR,urgent
T100196,OR-12588,PN010,Co-codamol 30/500 Tablet,S002,MediSupply Ltd ,D004,Wales Depot,PH005,County General Pharmacy,2024/12/05,10,12/15/2024,250,250.0,50.33,171.89,TBD,Delivered,B3967,25/03/2027,Refrigerated,M1 2AB,short shipment
T100156,OR-29826,PN002,Paracetamol 500mg Tablet,S004,HealQuick,D005,East England Depot,PH001,St Thomas Hospital Pharmacy,06-Jan-2023,5,01/12/2023,20,20.0,10.33,42.54,223.64,Partial,B5603,17/09/2024,Refrigerated,M1 2AB,urgent
T100715,OR-38199,PN003,Insulin Glargine 100IU/ml,S003,UKPharma Dist,D004,Wales Depot,PH009,Midtown Pharmacy,2024/11/26,7,03/12/2024,300,300.0,33.38,,10014.0,Returned,B5902,08/05/2027,2-8C,B1 1AA,urgent
T100396,OR-20162,PN004,atorvastatin 20mg tablet,S003,UKPharma Dist,D005,East England Depot,PH005,County General Pharmacy,2025/03/01,7,03/08/2025,300,300.0,12.37,158.39,3869.39,Returned,B2938,27/07/2027,2 to 8°C,m1 2ab,temperature sensitive
T100688,OR-14891,PN002,Paracetamol 500mg Tablet,S002,MediSupply Ltd,D002,North West Depot,PH004,Community Health Pharmacy,03/14/2024,3,03/19/2024,50,50.0,33.2,269.58,1929.58,Partial,B5354,2025-05-04,Room Temp,B1 1AA,urgent
T101477,OR-79682,PN007,omeprazole  20mg  capsule,S005,GlobalMeds,D002,North West Depot,PH010,University Hospital Pharmacy,24/03/2023,4,2023-03-28,300,300.0,52.91,81.72,15954.72,In Transit,B7896,2023-10-24,18C,LS1 1UR,short shipment
T101109,OR-73072,PN009,Metformin 500mg Tablet,S003,UKPharma Dist,D002,North West Depot,PH007,Southcare Pharmacy,25-Sep-2023,7,10/04/2023,20,20.0,73.77,63.9,1539.3,Cancelled,B5191,Aug 11 2025,ambient,,call before delivery
T100555,OR-36528,PN003,Insulin Glargine 100IU/ml,S003,UKPharma Dist,D005,East England Depot,PH004,Community Health Pharmacy,19/01/2024,10,01/31/2024,150,150.0,44.7,47.77,6752.77,Partial,B8896,30/08/2024,Refrigerated,LS1 1UR,"urgent
please confirm"
T101390,OR-17179,PN005,Salbutamol Inhaler,S001,NHS Supply Chain,D002,North West Depot,PH005,County General Pharmacy,2024-03-04,14,18/03/2024,20,20.0,8.96,277.38,456.58,In Transit,B4122,18/11/2025,18C,SE1 9RT,urgent
T101003,OR-13169,PN004,Atorvastatin  20mg  Tablet,S003,UKPharma Dist,D002,North West Depot,PH005,County General Pharmacy,24-Jul-2023,3,07/27/2023,500,500.0,11.3,211.15,5861.15,Returned,B5755,13/10/2025,ambient,,urgent
T101007,OR-78902,PN008,Flu Vaccine,S003,UKPharma Dist ,D002,North West Depot,PH001,St Thomas Hospital Pharmacy,2025/03/23,3,2025-03-28,200,200.0,18.76,246.43,3998.43,In Transit,B3762,2026-10-18,Cold Chain,SE1 9RT,short shipment
T101388,OR-43796,PN007,Omeprazole 20mg Capsule,S001,NHS Supply Chain,D003,Scotland Regional Hub,PH006,Northside Pharmacy,06/15/2025,3,18/06/2025,150,150.0,42.03,244.97,6549.47,In Transit,B4986,May 24 2027,2-8C,,call before delivery
T101086,OR-17547,PN007,Omeprazole 20mg Capsule,S001,NHS Supply Chain,D005,East England Depot,PH001,St Thomas Hospital Pharmacy,07/06/2023,7,06/16/2023,150,150.0,23.57,181.72,3717.22,Partial,B9574,Aug 01 2025,Cold Chain,SE1 9RT,call before delivery
T100200,OR-10955,PN006,Warfarin 2mg Tablet,S004,HealQuick,D004,Wales Depot,PH009,Midtown Pharmacy,21-Oct-2023,7,2023-10-28,200,88.0,7.48,85.76,1581.76,Delivered,B7946,Sep 04 2024,18C,Unknown,short shipment
T100034,OR-58237,PN007,Omeprazole 20mg Capsule,S003,UKPHARMA DIST,D001,Central Hub London,PH006,Northside Pharmacy,2023-09-04,10,09/15/2023,250,250.0,53.85,60.48,13522.98,Cancelled,B9444,2025-09-09,2 to 8°C,M1 2AB,call before delivery
T100760,OR-43712,PN006,Warfarin 2mg Tablet,S004,HealQuick,D001,Central Hub London,PH004,Community Health Pharmacy,23/11/2023,5,,250,250.0,22.67,183.59,5851.09,Cancelled,B9266,2025-07-19,Room Temp,SE1 9RT,handle with care
T100500,OR-15230,PN009,Metformin 500mg Tablet,S005,GlobalMeds,D001,Central Hub London,PH006,Northside Pharmacy,05/05/2025,10,05/16/2025,200,61.0,18.81,93.44,TBD,Cancelled,B5073,2027-05-14,2 to 8°C,,urgent
T101428,OR-26669,PN007,Omeprazole 20mg Capsule,S005,GlobalMeds,D004,Wales Depot,PH004,Community Health Pharmacy,02/24/2024,4,2024-02-28,0,0.0,12.65,112.04,112.04,Cancelled,B8085,01/08/2026,18C,m1 2ab,temperature sensitive
T101455,OR-61810,PN003,Insulin Glargine 100IU/ml,S004,HealQuick,D002,North West Depot,PH001,St Thomas Hospital Pharmacy,12-Jan-2025,2,01/14/2025,150,150.0,£72.89,263.1,TBD,Cancelled,B3647,2026-06-27,2-8C,Unknown,handle with care
T101575,OR-86938,PN004,Atorvastatin 20mg Tablet,S001,NHS Supply Chain,D003,Scotland Regional Hub,PH008,Lakeside Pharmacy,27-Apr-2023,10,2023-05-09,100,100.0,20.12,136.3,2148.3,Returned,B3333,08/07/2024,2 to 8°C,M1 2AB,urgent
T101368,OR-70814,PN010,Co-codamol 30/500 Tablet,S001,NHS Supply Chain,D004,Wales Depot,PH009,Midtown Pharmacy,16/05/2024,2,19/05/2024,250,250.0,£24.08,57.6,6077.6,Cancelled,B7307,Aug 01 2026,Cold Chain,M1 2AB,call before delivery
T100090,OR-55069,PN002,Paracetamol 500mg Tablet,S005,GlobalMeds ,D003,Scotland Regional Hub,PH009,Midtown Pharmacy,19-Apr-2023,4,,20,20.0,41.16,203.19,1026.39,Cancelled,B1182,2025-05-06,2-8C,LS1 1UR,handle with care
T101341,OR-30595,PN004,Atorvastatin 20mg Tablet,S004,HealQuick,D001,Central Hub London,PH006,Northside Pharmacy,2023/03/20,7,27/03/2023,0,0.0,39.11,44.87,44.87,Cancelled,B4658,Apr 20 2025,Room Temp,SE1 9RT,temperature sensitive
T100881,OR-94256,PN005,Salbutamol Inhaler,S005,GlobalMeds,D004,Wales Depot,PH001,St Thomas Hospital Pharmacy,2024/02/20,2,23/02/2024,150,150.0,3.53,118.12,647.62,Partial,B3699,Jul 17 2025,2-8C,Unknown,
T100554,OR-36471,PN006,Warfarin 2mg Tablet,S001,NHS Supply Chain,D003,Scotland Regional Hub,PH007,Southcare Pharmacy,10/16/2023,14,,250,250.0,52.2,210.52,13260.52,Returned,B7951,2025-09-24,2-8C,LS1 1UR,handle with care
T101347,OR-75235,PN008,Flu Vaccine,S005,GlobalMeds,D005,East England Depot,PH010,University Hospital Pharmacy,27/07/2024,4,2024-08-01,50,50.0,68.09,82.76,3487.26,Delivered,B9131,10/08/2025,2 to 8°C,LS1 1UR,handle with care
T100761,OR-75841,PN006,Warfarin 2mg Tablet,S005,GlobalMeds,D002,North West Depot,PH001,St Thomas Hospital Pharmacy,30-Jan-2025,4,03/02/2025,10,10.0,17.66,68.81,245.41,Delivered,B6491,2026-04-12,Cold Chain,B1 1AA,temperature sensitive
T100236,OR-20242,PN008,Flu Vaccine,S002,MediSupply Ltd,D003,Scotland Regional Hub,PH004,Community Health Pharmacy,26/07/2023,7,08/02/2023,0,0.0,£41.22,55.59,55.59,Returned,B4399,21/05/2025,Refrigerated,B1 1AA,call before delivery
T100013,OR-54092,PN004,Atorvastatin 20mg Tablet,S001,NHS Supply Chain,D005,East England Depot,PH002,Royal Infirmary Pharmacy,2025/03/26,4,,200,200.0,62.24,220.14,12668.14,Returned,B8616,2027-05-21,2 to 8°C,M1 2AB,temperature sensitive
T100310,OR-65465,PN010,Co-codamol 30/500 Tablet,S002,MediSupply Ltd,D003,Scotland Regional Hub,PH004,Community Health Pharmacy,2024-06-07,3,06/10/2024,150,150.0,36.27,200.11,5640.61,Delivered,B1511,2024-12-15,ambient,,
T100588,OR-94634,PN008,Flu Vaccine,S004,HealQuick,D003,Scotland Regional Hub,PH010,University Hospital Pharmacy,2024-03-26,14,11/04/2024,150,,25.73,283.1,4142.6,Cancelled,B3960,02/09/2026,Refrigerated,LS1 1UR,handle with care
T100382,OR-88077,PN003,Insulin Glargine 100IU/ml,S001,NHS Supply Chain,D005,East England Depot,PH005,County General Pharmacy,2024.11.08,14,24/11/2024,20,20.0,38.73,132.11,906.71,Delivered,B2011,27/01/2026,Cold Chain,,urgent
T101275,OR-82719,PN009,Metformin 500mg Tablet,S002,MediSupply Ltd,D003,Scotland Regional Hub,PH009,Midtown Pharmacy,16-Apr-2023,10,04/26/2023,50,24.0,£24.1,278.91,1483.91,Cancelled,B1710,Aug 14 2024,Refrigerated,Unknown,temperature sensitive
T100161,OR-65312,PN004,Atorvastatin 20mg Tablet,S005,GlobalMeds,D004,Wales Depot,PH003,City Clinic Pharmacy,2024.04.30,3,,250,250.0,£4.29,189.12,1261.62,Partial,B5764,Dec 10 2025,18C,,urgent
T100825,OR-38666,PN002,Paracetamol 500mg Tablet,S001,NHS Supply Chain,D002,North West Depot,PH009,Midtown Pharmacy,2025-02-19,14,05/03/2025,50,50.0,38.28,285.5,2199.5,Cancelled,,11/03/2026,Refrigerated,B1 1AA,
T100020,OR-43289,PN005,Salbutamol Inhaler,S003,UKPharma Dist,D004,Wales Depot,PH006,Northside Pharmacy,10/03/2024,2,10/06/2024,10,10.0,£22.81,97.31,TBD,Partial,B9702,2027-02-28,Room Temp,LS1 1UR,short shipment
T100634,OR-37148,PN009,Metformin 500mg Tablet,S002,MEDISUPPLY LTD,D001,Central Hub London,PH008,Lakeside Pharmacy,2024-03-22,4,28/03/2024,200,200.0,16.58,,3316.0,Delivered,B2288,2025-11-19,18C,B1 1AA,short shipment
T101485,OR-46511,PN008,Flu Vaccine,S001,NHS Supply Chain,D003,Scotland Regional Hub,PH004,Community Health Pharmacy,30/10/2024,5,06 November 2024,0,0.0,29.97,27.17,27.17,Partial,,N/A,Cold Chain,se1 9rt,urgent
T101134,OR-99647,PN004,Atorvastatin 20mg Tablet,S005,GlobalMeds,D002,North West Depot,PH010,University Hospital Pharmacy,2024-03-03,7,03/10/2024,100,100.0,30.18,134.59,3152.59,In Transit,B6257,Nov 07 2024,Room Temp,SE1 9RT,call before delivery
T101505,OR-75013,PN008,Flu Vaccine,S003,UKPharma Dist,D004,Wales Depot,PH008,Lakeside Pharmacy,2024.03.29,4,03/04/2024,100,74.0,56.22,120.26,5742.26,Cancelled,B1461,2025-10-23,Room Temp,SE1 9RT,
T100816,OR-21424,PN004,Atorvastatin 20mg Tablet,S005,GlobalMeds,D002,North West Depot,PH008,Lakeside Pharmacy,2023/05/28,5,06/02/2023,100,83.0,29.15,248.48,3163.48,Returned,B5782,2025-05-18,Cold Chain,LS1 1UR,
T101245,OR-51733,PN005,Salbutamol Inhaler,S003,UKPharma Dist,D001,Central Hub London,PH010,University Hospital Pharmacy,09-Jun-2025,3,12/06/2025,300,264.0,£56.33,54.13,16953.13,Partial,B4163,27/09/2026,Room Temp,,temperature sensitive
T100552,OR-16815,PN001,Amoxicillin 500mg Capsule,S002,MediSupply Ltd ,D001,Central Hub London,PH009,Midtown Pharmacy,2023/10/27,3,2023-10-30,250,250.0,70.42,149.63,17754.63,In Transit,B6497,08/01/2025,Cold Chain,Unknown,handle with care
T101558,OR-89868,PN007,Omeprazole 20mg Capsule,S005,GlobalMeds,D004,Wales Depot,PH005,County General Pharmacy,28/12/2023,3,12/31/2023,250,250.0,34.61,173.37,8825.87,Cancelled,,30/10/2025,Cold Chain,N/A,temperature sensitive
T100672,OR-89803,PN006,Warfarin 2mg Tablet,S003,UKPharma Dist,D005,East England Depot,PH004,Community Health Pharmacy,02/23/2023,3,2023-02-26,20,20.0,71.15,100.48,1523.48,In Transit,B9471,Dec 29 2024,2 to 8°C,Unknown,handle with care
T100939,OR-70081,PN009,Metformin 500mg Tablet,S004,HealQuick,D002,North West Depot,PH001,St Thomas Hospital Pharmacy,24-Oct-2024,10,2024-11-05,50,50.0,67.62,224.85,3605.85,Partial,B2076,Sep 10 2026,,B1 1AA,temperature sensitive
T100184,OR-11908,PN008,Flu Vaccine,S002,MediSupply Ltd,D002,North West Depot,PH005,County General Pharmacy,2023/05/08,3,12/05/2023,0,0.0,47.79,198.01,198.01,Partial,,08/11/2023,2 to 8°C,B1 1AA,"
please confirm"
T100957,OR-36589,PN007,omeprazole 20mg capsule,S002,MEDISUPPLY LTD,D003,Scotland Regional Hub,PH006,Northside Pharmacy,28-Feb-2025,2,02/03/2025,300,300.0,33.33,219.76,10218.76,In Transit,B6917,14/12/2026,2-8C,M1 2AB,call before delivery
T100685,OR-56937,PN003,Insulin Glargine 100IU/ml,S004,HealQuick,D001,Central Hub London,PH008,Lakeside Pharmacy,2023-03-29,3,04/01/2023,250,250.0,54.3,266.21,13841.21,Cancelled,8042,Feb 10 2025,Cold Chain,M1 2AB,temperature sensitive
T101476,OR-36097,PN002,Paracetamol 500mg Tablet,S004,HealQuick,D002,North West Depot,PH003,City Clinic Pharmacy,2023/08/31,5,09/05/2023,200,71.0,56.28,200.64,11456.64,Cancelled,B3412,Apr 27 2025,Cold Chain,LS1 1UR,"
please confirm"
T100502,OR-28033,PN010,Co-codamol 30/500 Tablet,S003,UKPharma Dist,D002,North West Depot,PH003,City Clinic Pharmacy,04/10/2025,2,13/04/2025,200,200.0,2.91,201.67,758.17,Returned,B1114,13/07/2026,ambient,,short shipment
T101064,OR-44365,PN004,Atorvastatin 20mg Tablet,S004,HealQuick,D003,Scotland Regional Hub,PH006,Northside Pharmacy,18/12/2024,3,12/21/2024,200,200.0,25.47,105.57,5199.57,Delivered,B1999,11/09/2026,18C,N/A,
T100466,OR-16675,PN009,Metformin 500mg Tablet,S002,MediSupply Ltd,D005,East England Depot,PH007,Southcare Pharmacy,2023-02-24,2,02/28/2023,0,0.0,22.69,72.21,72.21,Delivered,B8645,Mar 13 2025,2-8C,LS1 1UR,handle with care
T101560,OR-40769,PN001,Amoxicillin  500mg  Capsule,S001,NHS Supply Chain,D005,East England Depot,PH005,County General Pharmacy,2023/03/29,3,01/04/2023,100,100.0,19.02,162.71,2064.71,Returned,B6640,06/06/2025,Cold Chain,M1 2AB,temperature sensitive
T100841,OR-85354,PN006,Warfarin 2mg Tablet,S002,MediSupply Ltd,D001,Central Hub London,PH003,City Clinic Pharmacy,30-Nov-2024,3,04/12/2024,0,0.0,35.07,7.19,7.19,Cancelled,B1498,16/08/2026,Refrigerated,B1 1AA,temperature sensitive
T100733,OR-44753,PN004,Atorvastatin 20mg Tablet,S001,NHS Supply Chain,D002,North West Depot,PH008,Lakeside Pharmacy,25-Mar-2024,14,04/10/2024,150,150.0,11.55,243.43,1975.93,Delivered,,23/11/2024,ambient,M1 2AB,call before delivery
T100247,OR-19710,PN004,Atorvastatin 20mg Tablet,S005,GlobalMeds,D001,Central Hub London,PH009,Midtown Pharmacy,2024.07.04,14,07/19/2024,250,250.0,53.12,129.68,13409.68,Cancelled,B2908,2025-03-21,18C,B1 1AA,call before delivery
T100021,OR-22735,PN001,Amoxicillin 500mg Capsule,S005,GlobalMeds,D003,Scotland Regional Hub,PH010,University Hospital Pharmacy,11/03/2023,5,2023-11-10,500,399.0,£29.99,259.52,15254.52,Returned,B5689,22/12/2024,Room Temp,Unknown,call before delivery
T101315,OR-35047,PN005,Salbutamol Inhaler,S003,UKPharma Dist,D003,Scotland Regional Hub,PH008,Lakeside Pharmacy,2023/02/10,14,2023-02-24,250,250.0,49.44,127.17,12497.17,Returned,B8651,2025-02-10,Refrigerated,,temperature sensitive
T100451,OR-23848,PN005,Salbutamol Inhaler,S005,GlobalMeds,D003,Scotland Regional Hub,PH004,Community Health Pharmacy,2023/01/23,14,02/07/2023,0,0.0,70.42,261.35,261.35,In Transit,B6384,28/10/2024,2-8C,b1 1aa,short shipment
T101164,OR-15438,PN009,Metformin 500mg Tablet,S004,HealQuick,D005,East England Depot,PH006,Northside Pharmacy,2025/04/12,4,2025-04-16,200,200.0,19.35,280.46,4150.46,Cancelled,2280,2026-10-06,18C,B1 1AA,urgent
T100271,OR-67920,PN004,Atorvastatin 20mg Tablet,S003,UKPharma Dist,D005,East England Depot,PH009,Midtown Pharmacy,2025-06-12,2,06/14/2025,50,50.0,20.3,220.0,1235.0,In Transit,B1997,Aug 15 2026,Cold Chain,Unknown,call before delivery
T100937,OR-57238,PN003,Insulin Glargine 100IU/ml,S004,HealQuick,D005,East England Depot,PH001,St Thomas Hospital Pharmacy,19/04/2024,10,2024-04-29,100,100.0,17.89,65.59,1854.59,In Transit,B9597,23/03/2025,Cold Chain,,temperature sensitive
T101193,OR-13682,PN004,Atorvastatin 20mg Tablet,S001,NHS Supply Chain,D002,North West Depot,PH007,Southcare Pharmacy,2024/02/04,4,08/02/2024,250,250.0,38.53,142.26,9774.76,Delivered,B5250,Sep 07 2025,ambient,Unknown,short shipment
T100380,OR-37647,PN009,Metformin 500mg Tablet,S003,UKPharma Dist,D001,Central Hub London,PH006,Northside Pharmacy,14/03/2025,7,03/22/2025,200,200.0,5.35,36.08,1106.08,Cancelled,B7258,09/02/2026,2-8C,Unknown,urgent
T100790,OR-33556,PN010,Co-codamol 30/500 Tablet,S005,GlobalMeds ,D005,East England Depot,PH010,University Hospital Pharmacy,2025.03.21,4,,250,250.0,51.86,260.95,13225.95,Partial,B6622,2026-10-29,Cold Chain,B1 1AA,
T101414,OR-52129,PN007,Omeprazole 20mg Capsule,S004,HealQuick,D005,East England Depot,PH008,Lakeside Pharmacy,2025/01/23,n/a,TBD,500,500.0,£5.74,271.54,3141.54,Cancelled,,02/02/2026,2 to 8°C,,temperature sensitive
T101492,OR-12424,PN005,Salbutamol Inhaler,S005,GlobalMeds,D001,Central Hub London,PH009,Midtown Pharmacy,07/28/2024,14,08/11/2024,100,100.0,2.02,10.33,212.33,In Transit,B2715,May 13 2026,18C,SE1 9RT,short shipment
T100338,OR-42450,PN010,Co-codamol 30/500 Tablet,S003,UKPharma Dist,D001,Central Hub London,PH003,City Clinic Pharmacy,13/08/2024,2,08/15/2024,300,300.0,£56.55,275.65,17240.65,Cancelled,B3242,N/A,Cold Chain,M1 2AB,urgent
T100754,OR-18830,PN004,atorvastatin 20mg tablet,S001,NHS Supply Chain,D003,Scotland Regional Hub,PH004,Community Health Pharmacy,10/10/2023,2,13/10/2023,0,0.0,69.51,15.44,15.44,Delivered,B6526,Dec 28 2024,2-8C,SE1 9RT,call before delivery
T101310,OR-35657,PN008,Flu Vaccine,S005,GlobalMeds,D004,Wales Depot,PH002,Royal Infirmary Pharmacy,02/02/2024,10,02/12/2024,20,20.0,60.59,135.88,1347.68,Partial,B7097,2025-04-01,2 to 8°C,M1 2AB,call before delivery
T100125,OR-94985,PN006,Warfarin 2mg Tablet,S004,HealQuick,D001,Central Hub London,PH010,University Hospital Pharmacy,2023/01/09,5,01/14/2023,0,0.0,64.99,118.28,118.28,Partial,B4460,Nov 05 2024,Cold Chain,M1 2AB,call before delivery
T100856,OR-16320,PN009,Metformin 500mg Tablet,S001,NHS Supply Chain,D001,Central Hub London,PH009,Midtown Pharmacy,07-Sep-2024,14,21/09/2024,250,,1.56,162.55,552.55,Cancelled,B9320,2025-07-07,Room Temp,SE1 9RT,call before delivery
T101103,OR-39039,PN010,Co-codamol 30/500 Tablet,S005,GlobalMeds,D001,Central Hub London,PH007,Southcare Pharmacy,19/09/2023,7,27/09/2023,100,100.0,£10.01,15.15,1016.15,In Transit,B3430,2024-10-03,2 to 8°C,,temperature sensitive
T101374,OR-19984,PN002,Paracetamol 500mg Tablet,S005,GlobalMeds,D002,North West Depot,PH010,University Hospital Pharmacy,2024.01.01,4,01/07/2024,10,10.0,57.07,147.62,718.32,Returned,B1607,16/08/2024,,LS1 1UR,handle with care
T100086,OR-94819,PN004,Atorvastatin 20mg Tablet,S002,MediSupply Ltd,D002,North West Depot,PH009,Midtown Pharmacy,09-Jul-2024,14,07/25/2024,200,,11.33,225.06,2491.06,Cancelled,B2016,Nov 03 2025,2-8C,LS1 1UR,call before delivery
T101459,OR-85269,PN004,Atorvastatin 20mg Tablet,S003,UKPharma Dist,D003,Scotland Regional Hub,PH003,City Clinic Pharmacy,2024/08/10,5,08/15/2024,200,,6.53,290.43,1596.43,Partial,B2105,Aug 13 2026,2 to 8°C,,urgent
T100325,OR-10075,PN004,Atorvastatin  20mg  Tablet,S001,NHS Supply Chain,D002,North West Depot,PH009,Midtown Pharmacy,05/08/2023,4,2023-05-12,20,,£38.09,,TBD,In Transit,B7016,15/08/2024,Room Temp,,
T101216,OR-89939,PN006,Warfarin 2mg Tablet,S004,HealQuick,D005,East England Depot,PH007,Southcare Pharmacy,01/09/2023,2,01/11/2023,10,10.0,18.92,163.02,352.22,Cancelled,B1360,N/A,ambient,LS1 1UR,temperature sensitive
T100458,OR-21794,PN004,Atorvastatin 20mg Tablet,S003,UKPharma Dist,D001,Central Hub London,PH009,Midtown Pharmacy,2023-06-11,7,2023-06-18,20,20.0,65.03,263.59,1538.69,Delivered,B7175,01/10/2024,Cold Chain,N/A,short shipment
T100118,OR-18509,PN001,Amoxicillin 500mg Capsule,S004,HealQuick,D005,East England Depot,PH010,University Hospital Pharmacy,07/01/2023,4,11 January 2023,150,150.0,22.73,125.09,3534.59,Returned,B3906,2025-02-17,2-8C,M1 2AB,
T101026,OR-13430,PN008,Flu Vaccine,S002,MediSupply Ltd,D005,East England Depot,PH004,Community Health Pharmacy,27-Jan-2025,5,02/03/2025,250,250.0,25.3,240.85,6565.85,Delivered,B2017,06/08/2026,Room Temp,SE1 9RT,temperature sensitive
T101077,OR-43384,PN006,Warfarin 2mg Tablet,S002,MediSupply Ltd,D002,North West Depot,PH005,County General Pharmacy,2023-08-19,2,21/08/2023,50,50.0,65.44,281.04,3553.04,In Transit,B2765,2025-04-10,18C,SE1 9RT,short shipment
T101110,OR-15447,PN006,Warfarin 2mg Tablet,S005,GlobalMeds ,D004,Wales Depot,PH009,Midtown Pharmacy,2024/11/21,2,2024-11-23,200,200.0,12.0,,2374.5,Returned,B7031,07/03/2027,2-8C,Unknown,
T101272,OR-73011,PN003,Insulin Glargin3 100IU/ml,S003,UKPharma Dist,D004,Wales Depot,PH008,Lakeside Pharmacy,2024-01-08,2,2024-01-11,20,16.0,£52.06,226.69,TBD,Delivered,B1874,2026-02-27,2 to 8°C,,
T100845,OR-77520,PN001,Amoxicillin 500mg Capsule,S002,MediSupply Ltd,D005,East England Depot,PH010,University Hospital Pharmacy,2024.10.02,3,2024-10-05,150,150.0,31.7,15.4,4770.4,In Transit,B9572,Feb 16 2026,Refrigerated,M1 2AB,handle with care
T101436,OR-16492,PN008,Flu Vaccine,S003,UKPharma Dist,D001,Central Hub London,PH009,Midtown Pharmacy,14/06/2024,5,20/06/2024,50,50.0,£13.31,79.95,TBD,Cancelled,B8458,07/08/2026,18C,Unknown,short shipment
T101106,OR-98133,PN007,Omeprazole 20mg Capsule,S002,MediSupply Ltd,D002,North West Depot,PH004,Community Health Pharmacy,21/02/2024,5,02/26/2024,0,0.0,11.99,108.88,108.88,Cancelled,B3857,2025-01-29,Refrigerated,M1 2AB,handle with care
